airport,iana_timezone,source
AAA,Pacific/Tahiti,OpenFlights airports.dat
AAC,Africa/Cairo,OpenFlights airports.dat
AAE,Africa/Algiers,OpenFlights airports.dat
AAF,America/New_York,OpenFlights airports.dat
AAH,Europe/Berlin,OpenFlights airports.dat
AAL,Europe/Copenhagen,OpenFlights airports.dat
AAM,Africa/Johannesburg,OpenFlights airports.dat
AAN,Asia/Dubai,OpenFlights airports.dat
AAO,America/Caracas,OpenFlights airports.dat
AAP,America/Chicago,OpenFlights airports.dat
AAQ,Europe/Moscow,OpenFlights airports.dat
AAR,Europe/Copenhagen,OpenFlights airports.dat
AAT,Asia/Shanghai,OpenFlights airports.dat
AAX,America/Sao_Paulo,OpenFlights airports.dat
AAY,Asia/Aden,OpenFlights airports.dat
AAZ,America/Guatemala,OpenFlights airports.dat
ABA,Asia/Krasnoyarsk,OpenFlights airports.dat
ABB,Africa/Lagos,OpenFlights airports.dat
ABC,Europe/Madrid,OpenFlights airports.dat
ABD,Asia/Tehran,OpenFlights airports.dat
ABE,America/New_York,OpenFlights airports.dat
ABF,Pacific/Tarawa,OpenFlights airports.dat
ABI,America/Chicago,OpenFlights airports.dat
ABJ,Africa/Abidjan,OpenFlights airports.dat
ABK,Africa/Addis_Ababa,OpenFlights airports.dat
ABL,America/Anchorage,OpenFlights airports.dat
ABM,Australia/Brisbane,OpenFlights airports.dat
ABN,America/Paramaribo,OpenFlights airports.dat
ABQ,America/Denver,OpenFlights airports.dat
ABR,America/Chicago,OpenFlights airports.dat
ABS,Africa/Cairo,OpenFlights airports.dat
ABT,Asia/Riyadh,OpenFlights airports.dat
ABV,Africa/Lagos,OpenFlights airports.dat
ABX,Australia/Sydney,OpenFlights airports.dat
ABY,America/New_York,OpenFlights airports.dat
ABZ,Europe/London,OpenFlights airports.dat
ACA,America/Mexico_City,OpenFlights airports.dat
ACC,Africa/Accra,OpenFlights airports.dat
ACD,America/Bogota,OpenFlights airports.dat
ACE,Atlantic/Canary,OpenFlights airports.dat
ACF,Australia/Brisbane,OpenFlights airports.dat
ACH,Europe/Zurich,OpenFlights airports.dat
ACI,Europe/Guernsey,OpenFlights airports.dat
ACJ,Asia/Colombo,OpenFlights airports.dat
ACK,America/New_York,OpenFlights airports.dat
ACN,America/Mexico_City,OpenFlights airports.dat
ACP,Asia/Tehran,OpenFlights airports.dat
ACR,America/Bogota,OpenFlights airports.dat
ACT,America/Chicago,OpenFlights airports.dat
ACV,America/Los_Angeles,OpenFlights airports.dat
ACX,Asia/Shanghai,OpenFlights airports.dat
ACY,America/New_York,OpenFlights airports.dat
ACZ,Asia/Tehran,OpenFlights airports.dat
ADA,Europe/Istanbul,OpenFlights airports.dat
ADB,Europe/Istanbul,OpenFlights airports.dat
ADD,Africa/Addis_Ababa,OpenFlights airports.dat
ADE,Asia/Aden,OpenFlights airports.dat
ADF,Europe/Istanbul,OpenFlights airports.dat
ADH,Asia/Yakutsk,OpenFlights airports.dat
ADJ,Asia/Amman,OpenFlights airports.dat
ADK,America/Adak,OpenFlights airports.dat
ADL,Australia/Adelaide,OpenFlights airports.dat
ADM,America/Chicago,OpenFlights airports.dat
ADP,Asia/Colombo,OpenFlights airports.dat
ADQ,America/Anchorage,OpenFlights airports.dat
ADS,America/Chicago,OpenFlights airports.dat
ADT,America/Chicago,OpenFlights airports.dat
ADU,Asia/Tehran,OpenFlights airports.dat
ADW,America/New_York,OpenFlights airports.dat
ADX,Europe/London,OpenFlights airports.dat
ADY,Africa/Johannesburg,OpenFlights airports.dat
ADZ,America/Bogota,OpenFlights airports.dat
AEA,Pacific/Tarawa,OpenFlights airports.dat
AEB,Asia/Shanghai,OpenFlights airports.dat
AEG,Asia/Jakarta,OpenFlights airports.dat
AEH,Africa/Ndjamena,OpenFlights airports.dat
AEO,Africa/Nouakchott,OpenFlights airports.dat
AEP,America/Buenos_Aires,OpenFlights airports.dat
AER,Europe/Moscow,OpenFlights airports.dat
AES,Europe/Oslo,OpenFlights airports.dat
AET,America/Anchorage,OpenFlights airports.dat
AEU,Asia/Tehran,OpenFlights airports.dat
AEX,America/Chicago,OpenFlights airports.dat
AEY,Atlantic/Reykjavik,OpenFlights airports.dat
AFA,America/Mendoza,OpenFlights airports.dat
AFL,America/Campo_Grande,OpenFlights airports.dat
AFS,Asia/Samarkand,OpenFlights airports.dat
AFT,Pacific/Guadalcanal,OpenFlights airports.dat
AFW,America/Chicago,OpenFlights airports.dat
AFY,Europe/Istanbul,OpenFlights airports.dat
AFZ,Asia/Tehran,OpenFlights airports.dat
AGA,Africa/Casablanca,OpenFlights airports.dat
AGB,Europe/Berlin,OpenFlights airports.dat
AGC,America/New_York,OpenFlights airports.dat
AGE,Europe/Berlin,OpenFlights airports.dat
AGF,Europe/Paris,OpenFlights airports.dat
AGH,Europe/Stockholm,OpenFlights airports.dat
AGI,America/Paramaribo,OpenFlights airports.dat
AGJ,Asia/Tokyo,OpenFlights airports.dat
AGN,America/Anchorage,OpenFlights airports.dat
AGP,Europe/Madrid,OpenFlights airports.dat
AGQ,Europe/Athens,OpenFlights airports.dat
AGR,Asia/Calcutta,OpenFlights airports.dat
AGS,America/New_York,OpenFlights airports.dat
AGT,America/Asuncion,OpenFlights airports.dat
AGU,America/Mexico_City,OpenFlights airports.dat
AGV,America/Caracas,OpenFlights airports.dat
AGX,Asia/Calcutta,OpenFlights airports.dat
AGZ,Africa/Johannesburg,OpenFlights airports.dat
AHB,Asia/Riyadh,OpenFlights airports.dat
AHE,Pacific/Tahiti,OpenFlights airports.dat
AHN,America/New_York,OpenFlights airports.dat
AHO,Europe/Rome,OpenFlights airports.dat
AHS,America/Tegucigalpa,OpenFlights airports.dat
AHU,Africa/Casablanca,OpenFlights airports.dat
AIA,America/Denver,OpenFlights airports.dat
AIK,America/New_York,OpenFlights airports.dat
AIN,America/Anchorage,OpenFlights airports.dat
AIS,Pacific/Tarawa,OpenFlights airports.dat
AIT,Pacific/Rarotonga,OpenFlights airports.dat
AIU,Pacific/Rarotonga,OpenFlights airports.dat
AIZ,America/Chicago,OpenFlights airports.dat
AJA,Europe/Paris,OpenFlights airports.dat
AJF,Asia/Riyadh,OpenFlights airports.dat
AJI,Europe/Istanbul,OpenFlights airports.dat
AJK,Asia/Tehran,OpenFlights airports.dat
AJL,Asia/Calcutta,OpenFlights airports.dat
AJN,Indian/Comoro,OpenFlights airports.dat
AJR,Europe/Stockholm,OpenFlights airports.dat
AJU,America/Fortaleza,OpenFlights airports.dat
AJY,Africa/Niamey,OpenFlights airports.dat
AKA,Asia/Shanghai,OpenFlights airports.dat
AKB,America/Adak,OpenFlights airports.dat
AKC,America/New_York,OpenFlights airports.dat
AKD,Asia/Calcutta,OpenFlights airports.dat
AKF,Africa/Tripoli,OpenFlights airports.dat
AKH,Asia/Riyadh,OpenFlights airports.dat
AKI,America/Anchorage,OpenFlights airports.dat
AKJ,Asia/Tokyo,OpenFlights airports.dat
AKK,America/Anchorage,OpenFlights airports.dat
AKL,Pacific/Auckland,OpenFlights airports.dat
AKN,America/Anchorage,OpenFlights airports.dat
AKO,America/Denver,OpenFlights airports.dat
AKP,America/Anchorage,OpenFlights airports.dat
AKR,Africa/Lagos,OpenFlights airports.dat
AKS,Pacific/Guadalcanal,OpenFlights airports.dat
AKT,Europe/London,OpenFlights airports.dat
AKU,Asia/Shanghai,OpenFlights airports.dat
AKV,America/Toronto,OpenFlights airports.dat
AKW,Asia/Tehran,OpenFlights airports.dat
AKX,Asia/Oral,OpenFlights airports.dat
AKY,Asia/Rangoon,OpenFlights airports.dat
ALA,Asia/Qyzylorda,OpenFlights airports.dat
ALB,America/New_York,OpenFlights airports.dat
ALC,Europe/Madrid,OpenFlights airports.dat
ALF,Europe/Oslo,OpenFlights airports.dat
ALG,Africa/Algiers,OpenFlights airports.dat
ALH,Australia/Perth,OpenFlights airports.dat
ALI,America/Chicago,OpenFlights airports.dat
ALJ,Africa/Johannesburg,OpenFlights airports.dat
ALL,Europe/Rome,OpenFlights airports.dat
ALM,America/Denver,OpenFlights airports.dat
ALO,America/Chicago,OpenFlights airports.dat
ALP,Asia/Damascus,OpenFlights airports.dat
ALR,Pacific/Auckland,OpenFlights airports.dat
ALS,America/Denver,OpenFlights airports.dat
ALU,Africa/Mogadishu,OpenFlights airports.dat
ALW,America/Los_Angeles,OpenFlights airports.dat
ALY,Africa/Cairo,OpenFlights airports.dat
AMA,America/Chicago,OpenFlights airports.dat
AMB,Indian/Antananarivo,OpenFlights airports.dat
AMC,Africa/Ndjamena,OpenFlights airports.dat
AMD,Asia/Calcutta,OpenFlights airports.dat
AMH,Africa/Addis_Ababa,OpenFlights airports.dat
AMI,Asia/Makassar,OpenFlights airports.dat
AMM,Asia/Amman,OpenFlights airports.dat
AMQ,Asia/Jayapura,OpenFlights airports.dat
AMS,Europe/Amsterdam,OpenFlights airports.dat
AMV,Europe/Moscow,OpenFlights airports.dat
AMZ,Pacific/Auckland,OpenFlights airports.dat
ANB,America/Chicago,OpenFlights airports.dat
ANC,America/Anchorage,OpenFlights airports.dat
AND,America/New_York,OpenFlights airports.dat
ANE,Europe/Paris,OpenFlights airports.dat
ANF,America/Santiago,OpenFlights airports.dat
ANG,Europe/Paris,OpenFlights airports.dat
ANI,America/Anchorage,OpenFlights airports.dat
ANK,Europe/Istanbul,OpenFlights airports.dat
ANM,Indian/Antananarivo,OpenFlights airports.dat
ANN,America/Anchorage,OpenFlights airports.dat
ANP,America/New_York,OpenFlights airports.dat
ANQ,America/New_York,OpenFlights airports.dat
ANR,Europe/Brussels,OpenFlights airports.dat
ANS,America/Lima,OpenFlights airports.dat
ANU,America/Antigua,OpenFlights airports.dat
ANV,America/Anchorage,OpenFlights airports.dat
ANX,Europe/Oslo,OpenFlights airports.dat
AOC,Europe/Berlin,OpenFlights airports.dat
AOE,Europe/Istanbul,OpenFlights airports.dat
AOG,Asia/Shanghai,OpenFlights airports.dat
AOH,America/New_York,OpenFlights airports.dat
AOI,Europe/Rome,OpenFlights airports.dat
AOJ,Asia/Tokyo,OpenFlights airports.dat
AOK,Europe/Athens,OpenFlights airports.dat
AOL,America/Cordoba,OpenFlights airports.dat
AOO,America/New_York,OpenFlights airports.dat
AOP,America/Lima,OpenFlights airports.dat
AOR,Asia/Kuala_Lumpur,OpenFlights airports.dat
AOT,Europe/Rome,OpenFlights airports.dat
APA,America/Denver,OpenFlights airports.dat
APC,America/Los_Angeles,OpenFlights airports.dat
APF,America/New_York,OpenFlights airports.dat
APG,America/New_York,OpenFlights airports.dat
APK,Pacific/Tahiti,OpenFlights airports.dat
APL,Africa/Maputo,OpenFlights airports.dat
APN,America/New_York,OpenFlights airports.dat
APO,America/Bogota,OpenFlights airports.dat
APW,Pacific/Apia,OpenFlights airports.dat
APZ,America/Argentina/Salta,OpenFlights airports.dat
AQA,America/Sao_Paulo,OpenFlights airports.dat
AQB,America/Guatemala,OpenFlights airports.dat
AQG,Asia/Shanghai,OpenFlights airports.dat
AQI,Asia/Riyadh,OpenFlights airports.dat
AQJ,Asia/Amman,OpenFlights airports.dat
AQP,America/Lima,OpenFlights airports.dat
ARA,America/Chicago,OpenFlights airports.dat
ARB,America/New_York,OpenFlights airports.dat
ARC,America/Anchorage,OpenFlights airports.dat
ARD,Asia/Makassar,OpenFlights airports.dat
ARE,America/Puerto_Rico,OpenFlights airports.dat
ARH,Europe/Moscow,OpenFlights airports.dat
ARI,America/Santiago,OpenFlights airports.dat
ARK,Africa/Dar_es_Salaam,OpenFlights airports.dat
ARM,Australia/Sydney,OpenFlights airports.dat
ARN,Europe/Stockholm,OpenFlights airports.dat
ARR,America/Catamarca,OpenFlights airports.dat
ART,America/New_York,OpenFlights airports.dat
ARU,America/Sao_Paulo,OpenFlights airports.dat
ARV,America/Chicago,OpenFlights airports.dat
ARW,Europe/Bucharest,OpenFlights airports.dat
ASA,Africa/Asmera,OpenFlights airports.dat
ASB,Asia/Ashgabat,OpenFlights airports.dat
ASD,America/Nassau,OpenFlights airports.dat
ASE,America/Denver,OpenFlights airports.dat
ASF,Europe/Samara,OpenFlights airports.dat
ASH,America/New_York,OpenFlights airports.dat
ASI,Atlantic/St_Helena,OpenFlights airports.dat
ASJ,Asia/Tokyo,OpenFlights airports.dat
ASK,Africa/Abidjan,OpenFlights airports.dat
ASM,Africa/Asmera,OpenFlights airports.dat
ASO,Africa/Addis_Ababa,OpenFlights airports.dat
ASP,Australia/Darwin,OpenFlights airports.dat
ASR,Europe/Istanbul,OpenFlights airports.dat
AST,America/Los_Angeles,OpenFlights airports.dat
ASU,America/Asuncion,OpenFlights airports.dat
ASV,Africa/Nairobi,OpenFlights airports.dat
ASW,Africa/Cairo,OpenFlights airports.dat
ATA,America/Lima,OpenFlights airports.dat
ATB,Africa/Khartoum,OpenFlights airports.dat
ATC,America/Nassau,OpenFlights airports.dat
ATD,Pacific/Guadalcanal,OpenFlights airports.dat
ATF,America/Guayaquil,OpenFlights airports.dat
ATH,Europe/Athens,OpenFlights airports.dat
ATJ,Indian/Antananarivo,OpenFlights airports.dat
ATK,America/Anchorage,OpenFlights airports.dat
ATL,America/New_York,OpenFlights airports.dat
ATM,America/Belem,OpenFlights airports.dat
ATO,America/New_York,OpenFlights airports.dat
ATQ,Asia/Calcutta,OpenFlights airports.dat
ATR,Africa/Nouakchott,OpenFlights airports.dat
ATW,America/Chicago,OpenFlights airports.dat
ATY,America/Chicago,OpenFlights airports.dat
ATZ,Africa/Cairo,OpenFlights airports.dat
AUA,America/Aruba,OpenFlights airports.dat
AUC,America/Bogota,OpenFlights airports.dat
AUF,Europe/Paris,OpenFlights airports.dat
AUG,America/New_York,OpenFlights airports.dat
AUH,Asia/Dubai,OpenFlights airports.dat
AUK,America/Anchorage,OpenFlights airports.dat
AUO,America/Chicago,OpenFlights airports.dat
AUQ,Pacific/Marquesas,OpenFlights airports.dat
AUR,Europe/Paris,OpenFlights airports.dat
AUS,America/Chicago,OpenFlights airports.dat
AUU,Australia/Brisbane,OpenFlights airports.dat
AUW,America/Chicago,OpenFlights airports.dat
AUX,America/Fortaleza,OpenFlights airports.dat
AUY,Pacific/Efate,OpenFlights airports.dat
AVA,Asia/Shanghai,OpenFlights airports.dat
AVB,Europe/Rome,OpenFlights airports.dat
AVI,America/Havana,OpenFlights airports.dat
AVK,Asia/Ulaanbaatar,OpenFlights airports.dat
AVL,America/New_York,OpenFlights airports.dat
AVN,Europe/Paris,OpenFlights airports.dat
AVO,America/New_York,OpenFlights airports.dat
AVP,America/New_York,OpenFlights airports.dat
AVR,Europe/Lisbon,OpenFlights airports.dat
AVV,Australia/Hobart,OpenFlights airports.dat
AVW,America/Phoenix,OpenFlights airports.dat
AVX,America/Los_Angeles,OpenFlights airports.dat
AWA,Africa/Addis_Ababa,OpenFlights airports.dat
AWD,Pacific/Efate,OpenFlights airports.dat
AWK,Pacific/Johnston,OpenFlights airports.dat
AWZ,Asia/Tehran,OpenFlights airports.dat
AXA,America/Anguilla,OpenFlights airports.dat
AXD,Europe/Athens,OpenFlights airports.dat
AXJ,Asia/Tokyo,OpenFlights airports.dat
AXK,Asia/Aden,OpenFlights airports.dat
AXM,America/Bogota,OpenFlights airports.dat
AXP,America/Nassau,OpenFlights airports.dat
AXR,Pacific/Tahiti,OpenFlights airports.dat
AXT,Asia/Tokyo,OpenFlights airports.dat
AXU,Africa/Addis_Ababa,OpenFlights airports.dat
AYK,Asia/Qyzylorda,OpenFlights airports.dat
AYO,America/Asuncion,OpenFlights airports.dat
AYP,America/Lima,OpenFlights airports.dat
AYQ,Australia/Darwin,OpenFlights airports.dat
AYT,Europe/Istanbul,OpenFlights airports.dat
AZA,America/Phoenix,OpenFlights airports.dat
AZD,Asia/Tehran,OpenFlights airports.dat
AZI,Asia/Dubai,OpenFlights airports.dat
AZN,Asia/Samarkand,OpenFlights airports.dat
AZO,America/New_York,OpenFlights airports.dat
AZR,Africa/Algiers,OpenFlights airports.dat
AZS,America/Santo_Domingo,OpenFlights airports.dat
BAB,America/Los_Angeles,OpenFlights airports.dat
BAD,America/Chicago,OpenFlights airports.dat
BAF,America/New_York,OpenFlights airports.dat
BAG,Asia/Manila,OpenFlights airports.dat
BAH,Asia/Bahrain,OpenFlights airports.dat
BAI,America/Costa_Rica,OpenFlights airports.dat
BAL,Europe/Istanbul,OpenFlights airports.dat
BAQ,America/Bogota,OpenFlights airports.dat
BAS,Pacific/Guadalcanal,OpenFlights airports.dat
BAU,America/Sao_Paulo,OpenFlights airports.dat
BAV,Asia/Shanghai,OpenFlights airports.dat
BAX,Asia/Krasnoyarsk,OpenFlights airports.dat
BAY,Europe/Bucharest,OpenFlights airports.dat
BAZ,America/Boa_Vista,OpenFlights airports.dat
BBA,America/Santiago,OpenFlights airports.dat
BBG,Pacific/Tarawa,OpenFlights airports.dat
BBH,Europe/Berlin,OpenFlights airports.dat
BBI,Asia/Calcutta,OpenFlights airports.dat
BBJ,Europe/Berlin,OpenFlights airports.dat
BBK,Africa/Gaborone,OpenFlights airports.dat
BBL,Australia/Brisbane,OpenFlights airports.dat
BBM,Asia/Phnom_Penh,OpenFlights airports.dat
BBN,Asia/Kuala_Lumpur,OpenFlights airports.dat
BBO,Africa/Mogadishu,OpenFlights airports.dat
BBP,Europe/London,OpenFlights airports.dat
BBQ,America/Antigua,OpenFlights airports.dat
BBR,America/Guadeloupe,OpenFlights airports.dat
BBS,Europe/London,OpenFlights airports.dat
BBT,Africa/Bangui,OpenFlights airports.dat
BBU,Europe/Bucharest,OpenFlights airports.dat
BBX,America/New_York,OpenFlights airports.dat
BCA,America/Havana,OpenFlights airports.dat
BCD,Asia/Manila,OpenFlights airports.dat
BCE,America/Denver,OpenFlights airports.dat
BCH,Asia/Dili,OpenFlights airports.dat
BCI,Australia/Brisbane,OpenFlights airports.dat
BCL,America/Costa_Rica,OpenFlights airports.dat
BCM,Europe/Bucharest,OpenFlights airports.dat
BCN,Europe/Madrid,OpenFlights airports.dat
BCO,Africa/Addis_Ababa,OpenFlights airports.dat
BCT,America/New_York,OpenFlights airports.dat
BDA,Atlantic/Bermuda,OpenFlights airports.dat
BDB,Australia/Brisbane,OpenFlights airports.dat
BDD,Australia/Brisbane,OpenFlights airports.dat
BDE,America/Chicago,OpenFlights airports.dat
BDH,Asia/Tehran,OpenFlights airports.dat
BDJ,Asia/Makassar,OpenFlights airports.dat
BDL,America/New_York,OpenFlights airports.dat
BDM,Europe/Istanbul,OpenFlights airports.dat
BDN,Asia/Karachi,OpenFlights airports.dat
BDO,Asia/Jakarta,OpenFlights airports.dat
BDP,Asia/Katmandu,OpenFlights airports.dat
BDQ,Asia/Calcutta,OpenFlights airports.dat
BDR,America/New_York,OpenFlights airports.dat
BDS,Europe/Rome,OpenFlights airports.dat
BDT,Africa/Kinshasa,OpenFlights airports.dat
BDU,Europe/Oslo,OpenFlights airports.dat
BEB,Europe/London,OpenFlights airports.dat
BEC,America/Chicago,OpenFlights airports.dat
BED,America/New_York,OpenFlights airports.dat
BEF,America/Managua,OpenFlights airports.dat
BEG,Europe/Belgrade,OpenFlights airports.dat
BEI,Africa/Addis_Ababa,OpenFlights airports.dat
BEJ,Asia/Makassar,OpenFlights airports.dat
BEK,Asia/Calcutta,OpenFlights airports.dat
BEL,America/Belem,OpenFlights airports.dat
BEM,Africa/Casablanca,OpenFlights airports.dat
BEN,Africa/Tripoli,OpenFlights airports.dat
BEO,Australia/Sydney,OpenFlights airports.dat
BEP,Asia/Calcutta,OpenFlights airports.dat
BEQ,Europe/London,OpenFlights airports.dat
BES,Europe/Paris,OpenFlights airports.dat
BET,America/Anchorage,OpenFlights airports.dat
BEU,Australia/Brisbane,OpenFlights airports.dat
BEV,Asia/Jerusalem,OpenFlights airports.dat
BEW,Africa/Maputo,OpenFlights airports.dat
BEX,Europe/London,OpenFlights airports.dat
BEY,Asia/Beirut,OpenFlights airports.dat
BEZ,Pacific/Tarawa,OpenFlights airports.dat
BFD,America/New_York,OpenFlights airports.dat
BFE,Europe/Berlin,OpenFlights airports.dat
BFF,America/Denver,OpenFlights airports.dat
BFH,America/Sao_Paulo,OpenFlights airports.dat
BFI,America/Los_Angeles,OpenFlights airports.dat
BFJ,Asia/Shanghai,OpenFlights airports.dat
BFK,America/Denver,OpenFlights airports.dat
BFL,America/Los_Angeles,OpenFlights airports.dat
BFM,America/Chicago,OpenFlights airports.dat
BFN,Africa/Johannesburg,OpenFlights airports.dat
BFO,Africa/Harare,OpenFlights airports.dat
BFP,America/New_York,OpenFlights airports.dat
BFS,Europe/London,OpenFlights airports.dat
BFT,America/New_York,OpenFlights airports.dat
BFV,Asia/Bangkok,OpenFlights airports.dat
BFW,Africa/Algiers,OpenFlights airports.dat
BFX,Africa/Douala,OpenFlights airports.dat
BGA,America/Bogota,OpenFlights airports.dat
BGC,Europe/Lisbon,OpenFlights airports.dat
BGE,America/New_York,OpenFlights airports.dat
BGF,Africa/Bangui,OpenFlights airports.dat
BGG,Europe/Istanbul,OpenFlights airports.dat
BGI,America/Barbados,OpenFlights airports.dat
BGM,America/New_York,OpenFlights airports.dat
BGO,Europe/Oslo,OpenFlights airports.dat
BGR,America/New_York,OpenFlights airports.dat
BGW,Asia/Baghdad,OpenFlights airports.dat
BGX,America/Sao_Paulo,OpenFlights airports.dat
BGY,Europe/Rome,OpenFlights airports.dat
BGZ,Europe/Lisbon,OpenFlights airports.dat
BHB,America/New_York,OpenFlights airports.dat
BHD,Europe/London,OpenFlights airports.dat
BHE,Pacific/Auckland,OpenFlights airports.dat
BHG,America/Tegucigalpa,OpenFlights airports.dat
BHH,Asia/Riyadh,OpenFlights airports.dat
BHI,America/Buenos_Aires,OpenFlights airports.dat
BHJ,Asia/Calcutta,OpenFlights airports.dat
BHK,Asia/Samarkand,OpenFlights airports.dat
BHM,America/Chicago,OpenFlights airports.dat
BHN,Asia/Aden,OpenFlights airports.dat
BHO,Asia/Calcutta,OpenFlights airports.dat
BHP,Asia/Katmandu,OpenFlights airports.dat
BHQ,Australia/Adelaide,OpenFlights airports.dat
BHR,Asia/Katmandu,OpenFlights airports.dat
BHS,Australia/Sydney,OpenFlights airports.dat
BHU,Asia/Calcutta,OpenFlights airports.dat
BHV,Asia/Karachi,OpenFlights airports.dat
BHW,Asia/Karachi,OpenFlights airports.dat
BHX,Europe/London,OpenFlights airports.dat
BHY,Asia/Shanghai,OpenFlights airports.dat
BIA,Europe/Paris,OpenFlights airports.dat
BID,America/New_York,OpenFlights airports.dat
BIF,America/Denver,OpenFlights airports.dat
BIG,America/Anchorage,OpenFlights airports.dat
BIH,America/Los_Angeles,AirNav supplement
BIK,Asia/Jayapura,OpenFlights airports.dat
BIL,America/Denver,OpenFlights airports.dat
BIM,America/Nassau,OpenFlights airports.dat
BIN,Asia/Kabul,OpenFlights airports.dat
BIO,Europe/Madrid,OpenFlights airports.dat
BIQ,Europe/Paris,OpenFlights airports.dat
BIR,Asia/Katmandu,OpenFlights airports.dat
BIS,America/Chicago,OpenFlights airports.dat
BIU,Atlantic/Reykjavik,OpenFlights airports.dat
BIX,America/Chicago,OpenFlights airports.dat
BIY,Africa/Johannesburg,OpenFlights airports.dat
BJA,Africa/Algiers,OpenFlights airports.dat
BJB,Asia/Tehran,OpenFlights airports.dat
BJC,America/Denver,OpenFlights airports.dat
BJF,Europe/Oslo,OpenFlights airports.dat
BJH,Asia/Katmandu,OpenFlights airports.dat
BJI,America/Chicago,OpenFlights airports.dat
BJL,Africa/Banjul,OpenFlights airports.dat
BJM,Africa/Bujumbura,OpenFlights airports.dat
BJO,America/La_Paz,OpenFlights airports.dat
BJP,America/Sao_Paulo,OpenFlights airports.dat
BJR,Africa/Addis_Ababa,OpenFlights airports.dat
BJU,Asia/Katmandu,OpenFlights airports.dat
BJV,Europe/Istanbul,OpenFlights airports.dat
BJX,America/Mexico_City,OpenFlights airports.dat
BJZ,Europe/Madrid,OpenFlights airports.dat
BKA,Europe/Moscow,OpenFlights airports.dat
BKB,Asia/Calcutta,OpenFlights airports.dat
BKC,America/Anchorage,OpenFlights airports.dat
BKD,America/Chicago,OpenFlights airports.dat
BKG,America/Chicago,OpenFlights airports.dat
BKH,Pacific/Honolulu,OpenFlights airports.dat
BKI,Asia/Kuala_Lumpur,OpenFlights airports.dat
BKK,Asia/Bangkok,OpenFlights airports.dat
BKL,America/New_York,OpenFlights airports.dat
BKM,Asia/Kuala_Lumpur,OpenFlights airports.dat
BKO,Africa/Bamako,OpenFlights airports.dat
BKQ,Australia/Brisbane,OpenFlights airports.dat
BKS,Asia/Jakarta,OpenFlights airports.dat
BKW,America/New_York,OpenFlights airports.dat
BKY,Africa/Lubumbashi,OpenFlights airports.dat
BKZ,Africa/Dar_es_Salaam,OpenFlights airports.dat
BLA,America/Caracas,OpenFlights airports.dat
BLB,America/Panama,OpenFlights airports.dat
BLE,Europe/Stockholm,OpenFlights airports.dat
BLF,America/New_York,OpenFlights airports.dat
BLG,Asia/Kuala_Lumpur,OpenFlights airports.dat
BLH,America/Los_Angeles,OpenFlights airports.dat
BLI,America/Los_Angeles,OpenFlights airports.dat
BLJ,Africa/Algiers,OpenFlights airports.dat
BLK,Europe/London,OpenFlights airports.dat
BLL,Europe/Copenhagen,OpenFlights airports.dat
BLQ,Europe/Rome,OpenFlights airports.dat
BLR,Asia/Calcutta,OpenFlights airports.dat
BLT,Australia/Brisbane,OpenFlights airports.dat
BLV,America/Chicago,OpenFlights airports.dat
BLZ,Africa/Blantyre,OpenFlights airports.dat
BMA,Europe/Stockholm,OpenFlights airports.dat
BMC,America/Denver,OpenFlights airports.dat
BMD,Indian/Antananarivo,OpenFlights airports.dat
BME,Australia/Perth,OpenFlights airports.dat
BMG,America/New_York,OpenFlights airports.dat
BMI,America/Chicago,OpenFlights airports.dat
BMK,Europe/Berlin,OpenFlights airports.dat
BMM,Africa/Libreville,OpenFlights airports.dat
BMO,Asia/Rangoon,OpenFlights airports.dat
BMP,Australia/Brisbane,OpenFlights airports.dat
BMT,America/Chicago,OpenFlights airports.dat
BMU,Asia/Makassar,OpenFlights airports.dat
BMV,Asia/Saigon,OpenFlights airports.dat
BMW,Africa/Algiers,OpenFlights airports.dat
BMX,America/Anchorage,OpenFlights airports.dat
BMY,Pacific/Noumea,OpenFlights airports.dat
BNA,America/Chicago,OpenFlights airports.dat
BND,Asia/Tehran,OpenFlights airports.dat
BNE,Australia/Brisbane,OpenFlights airports.dat
BNI,Africa/Lagos,OpenFlights airports.dat
BNK,Australia/Sydney,OpenFlights airports.dat
BNN,Europe/Oslo,OpenFlights airports.dat
BNO,America/Los_Angeles,OpenFlights airports.dat
BNP,Asia/Karachi,OpenFlights airports.dat
BNS,America/Caracas,OpenFlights airports.dat
BNU,America/Sao_Paulo,OpenFlights airports.dat
BNX,Europe/Sarajevo,OpenFlights airports.dat
BOA,Africa/Kinshasa,OpenFlights airports.dat
BOB,Pacific/Tahiti,OpenFlights airports.dat
BOC,America/Panama,OpenFlights airports.dat
BOD,Europe/Paris,OpenFlights airports.dat
BOG,America/Bogota,OpenFlights airports.dat
BOH,Europe/London,OpenFlights airports.dat
BOI,America/Denver,OpenFlights airports.dat
BOJ,Europe/Sofia,OpenFlights airports.dat
BOM,Asia/Calcutta,OpenFlights airports.dat
BON,America/Curacao,OpenFlights airports.dat
BOO,Europe/Oslo,OpenFlights airports.dat
BOR,Europe/Paris,OpenFlights airports.dat
BOS,America/New_York,OpenFlights airports.dat
BOU,Europe/Paris,OpenFlights airports.dat
BOW,America/New_York,OpenFlights airports.dat
BOY,Africa/Ouagadougou,OpenFlights airports.dat
BPC,Africa/Douala,OpenFlights airports.dat
BPE,Asia/Shanghai,OpenFlights airports.dat
BPF,Pacific/Guadalcanal,OpenFlights airports.dat
BPG,America/Campo_Grande,OpenFlights airports.dat
BPM,Asia/Calcutta,OpenFlights airports.dat
BPN,Asia/Makassar,OpenFlights airports.dat
BPS,America/Fortaleza,OpenFlights airports.dat
BPT,America/Chicago,OpenFlights airports.dat
BPX,Asia/Shanghai,OpenFlights airports.dat
BPY,Indian/Antananarivo,OpenFlights airports.dat
BQA,Asia/Manila,OpenFlights airports.dat
BQB,Australia/Perth,OpenFlights airports.dat
BQH,Europe/London,OpenFlights airports.dat
BQJ,Asia/Vladivostok,OpenFlights airports.dat
BQK,America/New_York,OpenFlights airports.dat
BQL,Australia/Brisbane,OpenFlights airports.dat
BQN,America/Puerto_Rico,OpenFlights airports.dat
BQS,Asia/Yakutsk,OpenFlights airports.dat
BQT,Europe/Minsk,OpenFlights airports.dat
BQU,America/St_Vincent,OpenFlights airports.dat
BRA,America/Fortaleza,OpenFlights airports.dat
BRC,America/Argentina/Salta,OpenFlights airports.dat
BRD,America/Chicago,OpenFlights airports.dat
BRE,Europe/Berlin,OpenFlights airports.dat
BRI,Europe/Rome,OpenFlights airports.dat
BRK,Australia/Sydney,OpenFlights airports.dat
BRL,America/Chicago,OpenFlights airports.dat
BRM,America/Caracas,OpenFlights airports.dat
BRN,Europe/Zurich,OpenFlights airports.dat
BRO,America/Chicago,OpenFlights airports.dat
BRQ,Europe/Prague,OpenFlights airports.dat
BRR,Europe/London,OpenFlights airports.dat
BRS,Europe/London,OpenFlights airports.dat
BRT,Australia/Darwin,OpenFlights airports.dat
BRU,Europe/Brussels,OpenFlights airports.dat
BRV,Europe/Berlin,OpenFlights airports.dat
BRW,America/Anchorage,OpenFlights airports.dat
BRX,America/Santo_Domingo,OpenFlights airports.dat
BSA,Africa/Mogadishu,OpenFlights airports.dat
BSB,America/Sao_Paulo,OpenFlights airports.dat
BSC,America/Bogota,OpenFlights airports.dat
BSD,Asia/Shanghai,OpenFlights airports.dat
BSF,Pacific/Honolulu,OpenFlights airports.dat
BSG,Africa/Malabo,OpenFlights airports.dat
BSJ,Australia/Hobart,OpenFlights airports.dat
BSK,Africa/Algiers,OpenFlights airports.dat
BSL,Europe/Paris,OpenFlights airports.dat
BSR,Asia/Baghdad,OpenFlights airports.dat
BST,Asia/Kabul,OpenFlights airports.dat
BSU,Africa/Kinshasa,OpenFlights airports.dat
BSX,Asia/Rangoon,OpenFlights airports.dat
BTC,Asia/Colombo,OpenFlights airports.dat
BTE,Africa/Freetown,OpenFlights airports.dat
BTH,Asia/Jakarta,OpenFlights airports.dat
BTI,America/Anchorage,OpenFlights airports.dat
BTJ,Asia/Jakarta,OpenFlights airports.dat
BTK,Asia/Irkutsk,OpenFlights airports.dat
BTM,America/Denver,OpenFlights airports.dat
BTR,America/Chicago,OpenFlights airports.dat
BTS,Europe/Bratislava,OpenFlights airports.dat
BTT,America/Anchorage,OpenFlights airports.dat
BTU,Asia/Kuala_Lumpur,OpenFlights airports.dat
BTV,America/New_York,OpenFlights airports.dat
BTW,Asia/Makassar,OpenFlights airports.dat
BTZ,Europe/Istanbul,OpenFlights airports.dat
BUA,Pacific/Port_Moresby,OpenFlights airports.dat
BUC,Australia/Brisbane,OpenFlights airports.dat
BUD,Europe/Budapest,OpenFlights airports.dat
BUF,America/New_York,OpenFlights airports.dat
BUG,Africa/Luanda,OpenFlights airports.dat
BUI,Asia/Jayapura,OpenFlights airports.dat
BUJ,Africa/Algiers,OpenFlights airports.dat
BUN,America/Bogota,OpenFlights airports.dat
BUO,Africa/Mogadishu,OpenFlights airports.dat
BUP,Asia/Calcutta,OpenFlights airports.dat
BUQ,Africa/Harare,OpenFlights airports.dat
BUR,America/Los_Angeles,OpenFlights airports.dat
BUS,Asia/Tbilisi,OpenFlights airports.dat
BUX,Africa/Lubumbashi,OpenFlights airports.dat
BUZ,Asia/Tehran,OpenFlights airports.dat
BVA,Europe/Paris,OpenFlights airports.dat
BVB,America/Boa_Vista,OpenFlights airports.dat
BVC,Atlantic/Cape_Verde,OpenFlights airports.dat
BVE,Europe/Paris,OpenFlights airports.dat
BVG,Europe/Oslo,OpenFlights airports.dat
BVH,America/Boa_Vista,OpenFlights airports.dat
BVI,Australia/Brisbane,OpenFlights airports.dat
BVS,America/Belem,OpenFlights airports.dat
BVY,America/New_York,OpenFlights airports.dat
BWA,Asia/Katmandu,OpenFlights airports.dat
BWB,Australia/Perth,OpenFlights airports.dat
BWE,Europe/Berlin,OpenFlights airports.dat
BWF,Europe/London,OpenFlights airports.dat
BWG,America/Chicago,OpenFlights airports.dat
BWH,Asia/Kuala_Lumpur,OpenFlights airports.dat
BWI,America/New_York,OpenFlights airports.dat
BWK,Europe/Zagreb,OpenFlights airports.dat
BWN,Asia/Brunei,OpenFlights airports.dat
BWO,Europe/Moscow,OpenFlights airports.dat
BWT,Australia/Melbourne,OpenFlights airports.dat
BWU,Australia/Sydney,OpenFlights airports.dat
BXB,Asia/Jayapura,OpenFlights airports.dat
BXE,Africa/Dakar,OpenFlights airports.dat
BXG,Australia/Hobart,OpenFlights airports.dat
BXH,Asia/Qyzylorda,OpenFlights airports.dat
BXK,America/Phoenix,OpenFlights airports.dat
BXN,Europe/Istanbul,OpenFlights airports.dat
BXO,Europe/Zurich,OpenFlights airports.dat
BXR,Asia/Tehran,OpenFlights airports.dat
BXU,Asia/Manila,OpenFlights airports.dat
BXY,Asia/Qyzylorda,OpenFlights airports.dat
BYC,America/La_Paz,OpenFlights airports.dat
BYF,Europe/Paris,OpenFlights airports.dat
BYH,America/Chicago,OpenFlights airports.dat
BYJ,Europe/Lisbon,OpenFlights airports.dat
BYK,Africa/Abidjan,OpenFlights airports.dat
BYM,America/Havana,OpenFlights airports.dat
BYN,Asia/Ulaanbaatar,OpenFlights airports.dat
BYO,America/Campo_Grande,OpenFlights airports.dat
BYR,Europe/Copenhagen,OpenFlights airports.dat
BYS,America/Los_Angeles,OpenFlights airports.dat
BYT,Europe/Dublin,OpenFlights airports.dat
BYU,Europe/Berlin,OpenFlights airports.dat
BZA,America/Managua,OpenFlights airports.dat
BZE,America/Belize,OpenFlights airports.dat
BZG,Europe/Warsaw,OpenFlights airports.dat
BZH,Africa/Harare,OpenFlights airports.dat
BZI,Europe/Istanbul,OpenFlights airports.dat
BZK,Europe/Moscow,OpenFlights airports.dat
BZL,Asia/Dhaka,OpenFlights airports.dat
BZN,America/Denver,OpenFlights airports.dat
BZO,Europe/Rome,OpenFlights airports.dat
BZR,Europe/Paris,OpenFlights airports.dat
BZU,Africa/Lubumbashi,OpenFlights airports.dat
BZV,Africa/Brazzaville,OpenFlights airports.dat
BZY,Europe/Chisinau,OpenFlights airports.dat
BZZ,Europe/London,OpenFlights airports.dat
CAB,Africa/Luanda,OpenFlights airports.dat
CAC,America/Sao_Paulo,OpenFlights airports.dat
CAE,America/New_York,OpenFlights airports.dat
CAF,America/Boa_Vista,OpenFlights airports.dat
CAG,Europe/Rome,OpenFlights airports.dat
CAH,Asia/Saigon,OpenFlights airports.dat
CAI,Africa/Cairo,OpenFlights airports.dat
CAJ,America/Caracas,OpenFlights airports.dat
CAK,America/New_York,OpenFlights airports.dat
CAL,Europe/London,OpenFlights airports.dat
CAN,Asia/Shanghai,OpenFlights airports.dat
CAP,America/Port-au-Prince,OpenFlights airports.dat
CAQ,America/Bogota,OpenFlights airports.dat
CAR,America/New_York,OpenFlights airports.dat
CAT,Europe/Lisbon,OpenFlights airports.dat
CAU,America/Fortaleza,OpenFlights airports.dat
CAW,America/Sao_Paulo,OpenFlights airports.dat
CAX,Europe/London,OpenFlights airports.dat
CAY,America/Cayenne,OpenFlights airports.dat
CAZ,Australia/Sydney,OpenFlights airports.dat
CBB,America/La_Paz,OpenFlights airports.dat
CBD,Asia/Calcutta,OpenFlights airports.dat
CBE,America/New_York,OpenFlights airports.dat
CBG,Europe/London,OpenFlights airports.dat
CBH,Africa/Algiers,OpenFlights airports.dat
CBJ,America/Santo_Domingo,OpenFlights airports.dat
CBL,America/Caracas,OpenFlights airports.dat
CBM,America/Chicago,OpenFlights airports.dat
CBN,Asia/Jakarta,OpenFlights airports.dat
CBO,Asia/Manila,OpenFlights airports.dat
CBQ,Africa/Lagos,OpenFlights airports.dat
CBR,Australia/Sydney,OpenFlights airports.dat
CBT,Africa/Luanda,OpenFlights airports.dat
CBU,Europe/Berlin,OpenFlights airports.dat
CBV,America/Guatemala,OpenFlights airports.dat
CCA,America/La_Paz,OpenFlights airports.dat
CCC,America/Havana,OpenFlights airports.dat
CCF,Europe/Paris,OpenFlights airports.dat
CCH,America/Santiago,OpenFlights airports.dat
CCI,America/Sao_Paulo,OpenFlights airports.dat
CCJ,Asia/Calcutta,OpenFlights airports.dat
CCK,Indian/Cocos,OpenFlights airports.dat
CCL,Australia/Brisbane,OpenFlights airports.dat
CCM,America/Sao_Paulo,OpenFlights airports.dat
CCN,Asia/Kabul,OpenFlights airports.dat
CCP,America/Santiago,OpenFlights airports.dat
CCR,America/Los_Angeles,OpenFlights airports.dat
CCS,America/Caracas,OpenFlights airports.dat
CCU,Asia/Calcutta,OpenFlights airports.dat
CCV,Pacific/Efate,OpenFlights airports.dat
CCZ,America/Nassau,OpenFlights airports.dat
CDA,Australia/Darwin,OpenFlights airports.dat
CDB,America/Anchorage,OpenFlights airports.dat
CDC,America/Denver,OpenFlights airports.dat
CDG,Europe/Paris,OpenFlights airports.dat
CDJ,America/Belem,OpenFlights airports.dat
CDN,America/New_York,OpenFlights airports.dat
CDP,Asia/Calcutta,OpenFlights airports.dat
CDR,America/Denver,OpenFlights airports.dat
CDS,America/Chicago,OpenFlights airports.dat
CDU,Australia/Sydney,OpenFlights airports.dat
CDV,America/Anchorage,OpenFlights airports.dat
CDW,America/New_York,OpenFlights airports.dat
CEB,Asia/Manila,OpenFlights airports.dat
CEC,America/Los_Angeles,OpenFlights airports.dat
CED,Australia/Adelaide,OpenFlights airports.dat
CEE,Europe/Moscow,OpenFlights airports.dat
CEF,America/New_York,OpenFlights airports.dat
CEG,Europe/London,OpenFlights airports.dat
CEI,Asia/Bangkok,OpenFlights airports.dat
CEJ,Europe/Kiev,OpenFlights airports.dat
CEK,Asia/Yekaterinburg,OpenFlights airports.dat
CEM,America/Anchorage,OpenFlights airports.dat
CEN,America/Hermosillo,OpenFlights airports.dat
CEQ,Europe/Paris,OpenFlights airports.dat
CER,Europe/Paris,OpenFlights airports.dat
CES,Australia/Sydney,OpenFlights airports.dat
CET,Europe/Paris,OpenFlights airports.dat
CEU,America/New_York,OpenFlights airports.dat
CEW,America/Chicago,OpenFlights airports.dat
CEZ,America/Denver,OpenFlights airports.dat
CFB,America/Sao_Paulo,OpenFlights airports.dat
CFC,America/Sao_Paulo,OpenFlights airports.dat
CFD,America/Chicago,OpenFlights airports.dat
CFE,Europe/Paris,OpenFlights airports.dat
CFG,America/Havana,OpenFlights airports.dat
CFK,Africa/Algiers,OpenFlights airports.dat
CFN,Europe/Dublin,OpenFlights airports.dat
CFO,America/Campo_Grande,OpenFlights airports.dat
CFR,Europe/Paris,OpenFlights airports.dat
CFS,Australia/Sydney,OpenFlights airports.dat
CFU,Europe/Athens,OpenFlights airports.dat
CGB,America/Campo_Grande,OpenFlights airports.dat
CGD,Asia/Shanghai,OpenFlights airports.dat
CGF,America/New_York,OpenFlights airports.dat
CGH,America/Sao_Paulo,OpenFlights airports.dat
CGI,America/Chicago,OpenFlights airports.dat
CGJ,Africa/Lusaka,OpenFlights airports.dat
CGK,Asia/Jakarta,OpenFlights airports.dat
CGM,Asia/Manila,OpenFlights airports.dat
CGN,Europe/Berlin,OpenFlights airports.dat
CGO,Asia/Shanghai,OpenFlights airports.dat
CGP,Asia/Dhaka,OpenFlights airports.dat
CGQ,Asia/Shanghai,OpenFlights airports.dat
CGR,America/Campo_Grande,OpenFlights airports.dat
CGX,America/Chicago,OpenFlights airports.dat
CGZ,America/Phoenix,OpenFlights airports.dat
CHA,America/New_York,OpenFlights airports.dat
CHC,Pacific/Auckland,OpenFlights airports.dat
CHF,Asia/Seoul,OpenFlights airports.dat
CHG,Asia/Shanghai,OpenFlights airports.dat
CHH,America/Lima,OpenFlights airports.dat
CHM,America/Lima,OpenFlights airports.dat
CHN,Asia/Seoul,OpenFlights airports.dat
CHO,America/New_York,OpenFlights airports.dat
CHQ,Europe/Athens,OpenFlights airports.dat
CHR,Europe/Paris,OpenFlights airports.dat
CHS,America/New_York,OpenFlights airports.dat
CHT,Pacific/Chatham,OpenFlights airports.dat
CHU,America/Anchorage,OpenFlights airports.dat
CHX,America/Panama,OpenFlights airports.dat
CHY,Pacific/Guadalcanal,OpenFlights airports.dat
CIA,Europe/Rome,OpenFlights airports.dat
CIC,America/Los_Angeles,OpenFlights airports.dat
CID,America/Chicago,OpenFlights airports.dat
CIF,Asia/Shanghai,OpenFlights airports.dat
CIH,Asia/Shanghai,OpenFlights airports.dat
CIJ,America/La_Paz,OpenFlights airports.dat
CIK,America/Anchorage,OpenFlights airports.dat
CIO,America/Asuncion,OpenFlights airports.dat
CIP,Africa/Lusaka,OpenFlights airports.dat
CIS,Pacific/Enderbury,OpenFlights airports.dat
CIT,Asia/Qyzylorda,OpenFlights airports.dat
CIU,America/New_York,OpenFlights airports.dat
CIW,America/St_Vincent,OpenFlights airports.dat
CIX,America/Lima,OpenFlights airports.dat
CIY,Europe/Rome,OpenFlights airports.dat
CIZ,America/Boa_Vista,OpenFlights airports.dat
CJA,America/Lima,OpenFlights airports.dat
CJB,Asia/Calcutta,OpenFlights airports.dat
CJC,America/Santiago,OpenFlights airports.dat
CJJ,Asia/Seoul,OpenFlights airports.dat
CJL,Asia/Karachi,OpenFlights airports.dat
CJM,Asia/Bangkok,OpenFlights airports.dat
CJN,Asia/Jakarta,OpenFlights airports.dat
CJS,America/Mazatlan,OpenFlights airports.dat
CJU,Asia/Seoul,OpenFlights airports.dat
CKB,America/New_York,OpenFlights airports.dat
CKC,Europe/Kiev,OpenFlights airports.dat
CKG,Asia/Shanghai,OpenFlights airports.dat
CKH,Asia/Srednekolymsk,OpenFlights airports.dat
CKL,Europe/Moscow,OpenFlights airports.dat
CKS,America/Belem,OpenFlights airports.dat
CKT,Asia/Tehran,OpenFlights airports.dat
CKV,America/Chicago,OpenFlights airports.dat
CKY,Africa/Conakry,OpenFlights airports.dat
CKZ,Europe/Istanbul,OpenFlights airports.dat
CLD,America/Los_Angeles,OpenFlights airports.dat
CLE,America/New_York,OpenFlights airports.dat
CLJ,Europe/Bucharest,OpenFlights airports.dat
CLL,America/Chicago,OpenFlights airports.dat
CLM,America/Los_Angeles,OpenFlights airports.dat
CLN,America/Fortaleza,OpenFlights airports.dat
CLO,America/Bogota,OpenFlights airports.dat
CLQ,America/Mexico_City,OpenFlights airports.dat
CLS,America/Los_Angeles,OpenFlights airports.dat
CLT,America/New_York,OpenFlights airports.dat
CLV,America/Sao_Paulo,OpenFlights airports.dat
CLW,America/New_York,OpenFlights airports.dat
CLY,Europe/Paris,OpenFlights airports.dat
CLZ,America/Caracas,OpenFlights airports.dat
CMA,Australia/Brisbane,OpenFlights airports.dat
CMB,Asia/Colombo,OpenFlights airports.dat
CME,America/Mexico_City,OpenFlights airports.dat
CMF,Europe/Paris,OpenFlights airports.dat
CMG,America/Campo_Grande,OpenFlights airports.dat
CMH,America/New_York,OpenFlights airports.dat
CMI,America/Chicago,OpenFlights airports.dat
CMJ,Asia/Taipei,OpenFlights airports.dat
CMK,Africa/Blantyre,OpenFlights airports.dat
CMN,Africa/Casablanca,OpenFlights airports.dat
CMP,America/Belem,OpenFlights airports.dat
CMR,Europe/Paris,OpenFlights airports.dat
CMU,Pacific/Port_Moresby,OpenFlights airports.dat
CMW,America/Havana,OpenFlights airports.dat
CMX,America/New_York,OpenFlights airports.dat
CNB,Australia/Sydney,OpenFlights airports.dat
CNC,Australia/Brisbane,OpenFlights airports.dat
CND,Europe/Bucharest,OpenFlights airports.dat
CNF,America/Sao_Paulo,OpenFlights airports.dat
CNG,Europe/Paris,OpenFlights airports.dat
CNI,Asia/Shanghai,OpenFlights airports.dat
CNJ,Australia/Brisbane,OpenFlights airports.dat
CNL,Europe/Copenhagen,OpenFlights airports.dat
CNM,America/Denver,OpenFlights airports.dat
CNP,America/Scoresbysund,OpenFlights airports.dat
CNQ,America/Cordoba,OpenFlights airports.dat
CNS,Australia/Brisbane,OpenFlights airports.dat
CNW,America/Chicago,OpenFlights airports.dat
CNX,Asia/Bangkok,OpenFlights airports.dat
CNY,America/Denver,OpenFlights airports.dat
COC,America/Cordoba,OpenFlights airports.dat
COD,America/Denver,OpenFlights airports.dat
COE,America/Los_Angeles,OpenFlights airports.dat
COF,America/New_York,OpenFlights airports.dat
COG,America/Bogota,OpenFlights airports.dat
COH,Asia/Calcutta,OpenFlights airports.dat
COJ,Australia/Sydney,OpenFlights airports.dat
COK,Asia/Calcutta,OpenFlights airports.dat
CON,America/New_York,OpenFlights airports.dat
COO,Africa/Porto-Novo,OpenFlights airports.dat
COQ,Asia/Ulaanbaatar,OpenFlights airports.dat
COR,America/Cordoba,OpenFlights airports.dat
COS,America/Denver,OpenFlights airports.dat
COT,America/Chicago,OpenFlights airports.dat
COU,America/Chicago,OpenFlights airports.dat
COX,America/Nassau,OpenFlights airports.dat
COZ,America/Santo_Domingo,OpenFlights airports.dat
CPA,Africa/Monrovia,OpenFlights airports.dat
CPB,America/Bogota,OpenFlights airports.dat
CPC,America/Argentina/Salta,OpenFlights airports.dat
CPD,Australia/Adelaide,OpenFlights airports.dat
CPE,America/Mexico_City,OpenFlights airports.dat
CPH,Europe/Copenhagen,OpenFlights airports.dat
CPQ,America/Sao_Paulo,OpenFlights airports.dat
CPR,America/Denver,OpenFlights airports.dat
CPT,Africa/Johannesburg,OpenFlights airports.dat
CPV,America/Fortaleza,OpenFlights airports.dat
CPX,America/Puerto_Rico,OpenFlights airports.dat
CQD,Asia/Tehran,OpenFlights airports.dat
CQF,Europe/Paris,OpenFlights airports.dat
CQM,Europe/Madrid,OpenFlights airports.dat
CRA,Europe/Bucharest,OpenFlights airports.dat
CRC,America/Bogota,OpenFlights airports.dat
CRD,America/Catamarca,OpenFlights airports.dat
CRE,America/New_York,OpenFlights airports.dat
CRI,America/Nassau,OpenFlights airports.dat
CRK,Asia/Manila,OpenFlights airports.dat
CRL,Europe/Brussels,OpenFlights airports.dat
CRM,Asia/Manila,OpenFlights airports.dat
CRP,America/Chicago,OpenFlights airports.dat
CRQ,America/Fortaleza,OpenFlights airports.dat
CRV,Europe/Rome,OpenFlights airports.dat
CRW,America/New_York,OpenFlights airports.dat
CRZ,Asia/Ashgabat,OpenFlights airports.dat
CSA,Europe/London,OpenFlights airports.dat
CSB,Europe/Bucharest,OpenFlights airports.dat
CSF,Europe/Paris,OpenFlights airports.dat
CSG,America/New_York,OpenFlights airports.dat
CSH,Europe/Moscow,OpenFlights airports.dat
CSK,Africa/Dakar,OpenFlights airports.dat
CSM,America/Chicago,OpenFlights airports.dat
CSO,Europe/Berlin,OpenFlights airports.dat
CSX,Asia/Shanghai,OpenFlights airports.dat
CSY,Europe/Moscow,OpenFlights airports.dat
CSZ,America/Buenos_Aires,OpenFlights airports.dat
CTA,Europe/Rome,OpenFlights airports.dat
CTB,America/Denver,OpenFlights airports.dat
CTC,America/Catamarca,OpenFlights airports.dat
CTD,America/Panama,OpenFlights airports.dat
CTG,America/Bogota,OpenFlights airports.dat
CTH,America/New_York,OpenFlights airports.dat
CTL,Australia/Brisbane,OpenFlights airports.dat
CTM,America/Cancun,OpenFlights airports.dat
CTN,Australia/Brisbane,OpenFlights airports.dat
CTS,Asia/Tokyo,OpenFlights airports.dat
CTT,Europe/Paris,OpenFlights airports.dat
CTU,Asia/Shanghai,OpenFlights airports.dat
CTY,America/New_York,OpenFlights airports.dat
CUA,America/Mazatlan,OpenFlights airports.dat
CUC,America/Bogota,OpenFlights airports.dat
CUE,America/Guayaquil,OpenFlights airports.dat
CUF,Europe/Rome,OpenFlights airports.dat
CUH,America/Chicago,OpenFlights airports.dat
CUL,America/Mazatlan,OpenFlights airports.dat
CUM,America/Caracas,OpenFlights airports.dat
CUN,America/Cancun,OpenFlights airports.dat
CUP,America/Caracas,OpenFlights airports.dat
CUQ,Australia/Brisbane,OpenFlights airports.dat
CUR,America/Curacao,OpenFlights airports.dat
CUT,America/Argentina/Salta,OpenFlights airports.dat
CUU,America/Mazatlan,OpenFlights airports.dat
CUZ,America/Lima,OpenFlights airports.dat
CVF,Europe/Paris,OpenFlights airports.dat
CVG,America/New_York,OpenFlights airports.dat
CVJ,America/Mexico_City,OpenFlights airports.dat
CVM,America/Mexico_City,OpenFlights airports.dat
CVN,America/Denver,OpenFlights airports.dat
CVO,America/Los_Angeles,OpenFlights airports.dat
CVQ,Australia/Perth,OpenFlights airports.dat
CVS,America/Denver,OpenFlights airports.dat
CVT,Europe/London,OpenFlights airports.dat
CVU,Atlantic/Azores,OpenFlights airports.dat
CWA,America/Chicago,OpenFlights airports.dat
CWB,America/Sao_Paulo,OpenFlights airports.dat
CWC,Europe/Kiev,OpenFlights airports.dat
CWE,Africa/Cairo,OpenFlights airports.dat
CWI,America/Chicago,OpenFlights airports.dat
CWL,Europe/London,OpenFlights airports.dat
CWT,Australia/Sydney,OpenFlights airports.dat
CXA,America/Caracas,OpenFlights airports.dat
CXB,Asia/Dhaka,OpenFlights airports.dat
CXH,America/Vancouver,OpenFlights airports.dat
CXJ,America/Sao_Paulo,OpenFlights airports.dat
CXL,America/Los_Angeles,OpenFlights airports.dat
CXO,America/Chicago,OpenFlights airports.dat
CXP,Asia/Jakarta,OpenFlights airports.dat
CXR,Asia/Saigon,OpenFlights airports.dat
CYA,America/Port-au-Prince,OpenFlights airports.dat
CYB,America/Cayman,OpenFlights airports.dat
CYF,America/Anchorage,OpenFlights airports.dat
CYI,Asia/Taipei,OpenFlights airports.dat
CYO,America/Havana,OpenFlights airports.dat
CYP,Asia/Manila,OpenFlights airports.dat
CYR,America/Montevideo,OpenFlights airports.dat
CYS,America/Denver,OpenFlights airports.dat
CYT,America/Anchorage,OpenFlights airports.dat
CYU,Asia/Manila,OpenFlights airports.dat
CYW,America/Mexico_City,OpenFlights airports.dat
CYX,Asia/Srednekolymsk,OpenFlights airports.dat
CYZ,Asia/Manila,OpenFlights airports.dat
CZA,America/Mexico_City,OpenFlights airports.dat
CZE,America/Caracas,OpenFlights airports.dat
CZF,America/Anchorage,OpenFlights airports.dat
CZL,Africa/Algiers,OpenFlights airports.dat
CZM,America/Cancun,OpenFlights airports.dat
CZS,America/Rio_Branco,OpenFlights airports.dat
CZU,America/Bogota,OpenFlights airports.dat
CZX,Asia/Shanghai,OpenFlights airports.dat
DAB,America/New_York,OpenFlights airports.dat
DAC,Asia/Dhaka,OpenFlights airports.dat
DAD,Asia/Saigon,OpenFlights airports.dat
DAL,America/Chicago,OpenFlights airports.dat
DAM,Asia/Damascus,OpenFlights airports.dat
DAN,America/New_York,OpenFlights airports.dat
DAR,Africa/Dar_es_Salaam,OpenFlights airports.dat
DAT,Asia/Shanghai,OpenFlights airports.dat
DAU,Pacific/Port_Moresby,OpenFlights airports.dat
DAV,America/Panama,OpenFlights airports.dat
DAX,Asia/Shanghai,OpenFlights airports.dat
DAY,America/New_York,OpenFlights airports.dat
DBA,Asia/Karachi,OpenFlights airports.dat
DBB,Africa/Cairo,OpenFlights airports.dat
DBD,Asia/Calcutta,OpenFlights airports.dat
DBM,Africa/Addis_Ababa,OpenFlights airports.dat
DBN,America/New_York,OpenFlights airports.dat
DBO,Australia/Sydney,OpenFlights airports.dat
DBQ,America/Chicago,OpenFlights airports.dat
DBT,Africa/Addis_Ababa,OpenFlights airports.dat
DBV,Europe/Zagreb,OpenFlights airports.dat
DCA,America/New_York,OpenFlights airports.dat
DCF,America/Dominica,OpenFlights airports.dat
DCI,Europe/Rome,OpenFlights airports.dat
DCM,Europe/Paris,OpenFlights airports.dat
DCT,America/Nassau,OpenFlights airports.dat
DCY,Asia/Shanghai,OpenFlights airports.dat
DDC,America/Chicago,OpenFlights airports.dat
DDG,Asia/Shanghai,OpenFlights airports.dat
DEA,Asia/Karachi,OpenFlights airports.dat
DEB,Europe/Budapest,OpenFlights airports.dat
DEC,America/Chicago,OpenFlights airports.dat
DED,Asia/Calcutta,OpenFlights airports.dat
DEF,Asia/Tehran,OpenFlights airports.dat
DEL,Asia/Calcutta,OpenFlights airports.dat
DEM,Africa/Addis_Ababa,OpenFlights airports.dat
DEN,America/Denver,OpenFlights airports.dat
DES,Indian/Mahe,OpenFlights airports.dat
DET,America/New_York,OpenFlights airports.dat
DEZ,Asia/Damascus,OpenFlights airports.dat
DFW,America/Chicago,OpenFlights airports.dat
DGE,Australia/Sydney,OpenFlights airports.dat
DGL,America/Phoenix,OpenFlights airports.dat
DGO,America/Mexico_City,OpenFlights airports.dat
DGT,Asia/Manila,OpenFlights airports.dat
DHA,Asia/Riyadh,OpenFlights airports.dat
DHF,Asia/Dubai,OpenFlights airports.dat
DHI,Asia/Katmandu,OpenFlights airports.dat
DHM,Asia/Calcutta,OpenFlights airports.dat
DHN,America/Chicago,OpenFlights airports.dat
DHR,Europe/Amsterdam,OpenFlights airports.dat
DHT,America/Chicago,OpenFlights airports.dat
DIA,Asia/Qatar,OpenFlights airports.dat
DIB,Asia/Calcutta,OpenFlights airports.dat
DIE,Indian/Antananarivo,OpenFlights airports.dat
DIG,Asia/Shanghai,OpenFlights airports.dat
DIJ,Europe/Paris,OpenFlights airports.dat
DIK,America/Denver,OpenFlights airports.dat
DIL,Asia/Dili,OpenFlights airports.dat
DIN,Asia/Saigon,OpenFlights airports.dat
DIR,Africa/Addis_Ababa,OpenFlights airports.dat
DIS,Africa/Brazzaville,OpenFlights airports.dat
DIU,Asia/Calcutta,OpenFlights airports.dat
DIY,Europe/Istanbul,OpenFlights airports.dat
DJB,Asia/Jakarta,OpenFlights airports.dat
DJE,Africa/Tunis,OpenFlights airports.dat
DJG,Africa/Algiers,OpenFlights airports.dat
DJJ,Asia/Jayapura,OpenFlights airports.dat
DJO,Africa/Abidjan,OpenFlights airports.dat
DKI,Australia/Brisbane,OpenFlights airports.dat
DKK,America/New_York,OpenFlights airports.dat
DKR,Africa/Dakar,OpenFlights airports.dat
DKS,Asia/Krasnoyarsk,OpenFlights airports.dat
DLA,Africa/Douala,OpenFlights airports.dat
DLC,Asia/Shanghai,OpenFlights airports.dat
DLD,Europe/Oslo,OpenFlights airports.dat
DLE,Europe/Paris,OpenFlights airports.dat
DLF,America/Chicago,OpenFlights airports.dat
DLG,America/Anchorage,OpenFlights airports.dat
DLH,America/Chicago,OpenFlights airports.dat
DLI,Asia/Saigon,OpenFlights airports.dat
DLM,Europe/Istanbul,OpenFlights airports.dat
DLS,America/Los_Angeles,OpenFlights airports.dat
DLU,Asia/Shanghai,OpenFlights airports.dat
DLY,Pacific/Efate,OpenFlights airports.dat
DLZ,Asia/Ulaanbaatar,OpenFlights airports.dat
DMA,America/Phoenix,OpenFlights airports.dat
DMB,Asia/Qyzylorda,OpenFlights airports.dat
DMD,Australia/Brisbane,OpenFlights airports.dat
DME,Europe/Moscow,OpenFlights airports.dat
DMK,Asia/Bangkok,OpenFlights airports.dat
DMM,Asia/Riyadh,OpenFlights airports.dat
DMT,America/Campo_Grande,OpenFlights airports.dat
DMU,Asia/Calcutta,OpenFlights airports.dat
DNA,Asia/Tokyo,OpenFlights airports.dat
DND,Europe/London,OpenFlights airports.dat
DNH,Asia/Shanghai,OpenFlights airports.dat
DNK,Europe/Kiev,OpenFlights airports.dat
DNL,America/New_York,OpenFlights airports.dat
DNN,America/New_York,OpenFlights airports.dat
DNP,Asia/Katmandu,OpenFlights airports.dat
DNR,Europe/Paris,OpenFlights airports.dat
DNV,America/Chicago,OpenFlights airports.dat
DNZ,Europe/Istanbul,OpenFlights airports.dat
DOD,Africa/Dar_es_Salaam,OpenFlights airports.dat
DOG,Africa/Khartoum,OpenFlights airports.dat
DOK,Europe/Kiev,OpenFlights airports.dat
DOL,Europe/Paris,OpenFlights airports.dat
DOM,America/Dominica,OpenFlights airports.dat
DOP,Asia/Katmandu,OpenFlights airports.dat
DOU,America/Campo_Grande,OpenFlights airports.dat
DOV,America/New_York,OpenFlights airports.dat
DOY,Asia/Shanghai,OpenFlights airports.dat
DPA,America/Chicago,OpenFlights airports.dat
DPL,Asia/Manila,OpenFlights airports.dat
DPO,Australia/Melbourne,OpenFlights airports.dat
DPS,Asia/Makassar,OpenFlights airports.dat
DQA,Asia/Shanghai,OpenFlights airports.dat
DRB,Australia/Perth,OpenFlights airports.dat
DRE,America/New_York,OpenFlights airports.dat
DRG,America/Anchorage,OpenFlights airports.dat
DRI,America/Chicago,OpenFlights airports.dat
DRJ,America/Paramaribo,OpenFlights airports.dat
DRK,America/Costa_Rica,OpenFlights airports.dat
DRO,America/Denver,OpenFlights airports.dat
DRS,Europe/Berlin,OpenFlights airports.dat
DRT,America/Chicago,OpenFlights airports.dat
DRW,Australia/Darwin,OpenFlights airports.dat
DSA,Europe/London,OpenFlights airports.dat
DSD,America/Guadeloupe,OpenFlights airports.dat
DSE,Africa/Addis_Ababa,OpenFlights airports.dat
DSI,America/Chicago,OpenFlights airports.dat
DSK,Asia/Karachi,OpenFlights airports.dat
DSM,America/Chicago,OpenFlights airports.dat
DSN,Asia/Shanghai,OpenFlights airports.dat
DSO,Asia/Pyongyang,OpenFlights airports.dat
DTA,America/Denver,OpenFlights airports.dat
DTB,Asia/Jakarta,OpenFlights airports.dat
DTD,Asia/Makassar,OpenFlights airports.dat
DTE,Asia/Manila,OpenFlights airports.dat
DTI,America/Sao_Paulo,OpenFlights airports.dat
DTM,Europe/Berlin,OpenFlights airports.dat
DTN,America/Chicago,OpenFlights airports.dat
DTW,America/New_York,OpenFlights airports.dat
DUB,Europe/Dublin,OpenFlights airports.dat
DUC,America/Chicago,OpenFlights airports.dat
DUD,Pacific/Auckland,OpenFlights airports.dat
DUE,Africa/Luanda,OpenFlights airports.dat
DUG,America/Phoenix,OpenFlights airports.dat
DUJ,America/New_York,OpenFlights airports.dat
DUM,Asia/Jakarta,OpenFlights airports.dat
DUR,Africa/Johannesburg,OpenFlights airports.dat
DUS,Europe/Berlin,OpenFlights airports.dat
DUT,America/Anchorage,OpenFlights airports.dat
DVL,America/Chicago,OpenFlights airports.dat
DVO,Asia/Manila,OpenFlights airports.dat
DVT,America/Phoenix,OpenFlights airports.dat
DWB,Indian/Antananarivo,OpenFlights airports.dat
DWC,Asia/Dubai,OpenFlights airports.dat
DWH,America/Chicago,OpenFlights airports.dat
DXB,Asia/Dubai,OpenFlights airports.dat
DXR,America/New_York,OpenFlights airports.dat
DYG,Asia/Shanghai,OpenFlights airports.dat
DYL,America/New_York,OpenFlights airports.dat
DYR,Asia/Anadyr,OpenFlights airports.dat
DYS,America/Chicago,OpenFlights airports.dat
DYU,Asia/Dushanbe,OpenFlights airports.dat
DZA,Indian/Mayotte,OpenFlights airports.dat
DZN,Asia/Qyzylorda,OpenFlights airports.dat
DZO,America/Montevideo,OpenFlights airports.dat
EAA,America/Anchorage,OpenFlights airports.dat
EAE,Pacific/Efate,OpenFlights airports.dat
EAM,Asia/Riyadh,OpenFlights airports.dat
EAS,Europe/Madrid,OpenFlights airports.dat
EAT,America/Los_Angeles,OpenFlights airports.dat
EAU,America/Chicago,OpenFlights airports.dat
EBA,Europe/Rome,OpenFlights airports.dat
EBB,Africa/Kampala,OpenFlights airports.dat
EBD,Africa/Khartoum,OpenFlights airports.dat
EBG,America/Bogota,OpenFlights airports.dat
EBJ,Europe/Copenhagen,OpenFlights airports.dat
EBL,Asia/Baghdad,OpenFlights airports.dat
EBM,Africa/Tunis,OpenFlights airports.dat
EBU,Europe/Paris,OpenFlights airports.dat
ECA,America/New_York,OpenFlights airports.dat
ECG,America/New_York,OpenFlights airports.dat
ECN,Asia/Nicosia,OpenFlights airports.dat
ECP,America/Chicago,OpenFlights airports.dat
EDF,America/Anchorage,OpenFlights airports.dat
EDI,Europe/London,OpenFlights airports.dat
EDL,Africa/Nairobi,OpenFlights airports.dat
EDM,Europe/Paris,OpenFlights airports.dat
EDO,Europe/Istanbul,OpenFlights airports.dat
EDR,Australia/Brisbane,OpenFlights airports.dat
EDW,America/Los_Angeles,OpenFlights airports.dat
EEK,America/Anchorage,OpenFlights airports.dat
EEN,America/New_York,OpenFlights airports.dat
EFD,America/Chicago,OpenFlights airports.dat
EFL,Europe/Athens,OpenFlights airports.dat
EGC,Europe/Paris,OpenFlights airports.dat
EGE,America/Denver,OpenFlights airports.dat
EGH,Africa/Cairo,OpenFlights airports.dat
EGM,Pacific/Guadalcanal,OpenFlights airports.dat
EGN,Africa/Khartoum,OpenFlights airports.dat
EGO,Europe/Moscow,OpenFlights airports.dat
EGS,Atlantic/Reykjavik,OpenFlights airports.dat
EGV,America/Chicago,OpenFlights airports.dat
EGX,America/Anchorage,OpenFlights airports.dat
EHL,America/Argentina/Salta,OpenFlights airports.dat
EHM,America/Anchorage,OpenFlights airports.dat
EIB,Europe/Berlin,OpenFlights airports.dat
EIE,Asia/Krasnoyarsk,OpenFlights airports.dat
EIK,Europe/Moscow,OpenFlights airports.dat
EIL,America/Anchorage,OpenFlights airports.dat
EIN,Europe/Amsterdam,OpenFlights airports.dat
EIS,America/Tortola,OpenFlights airports.dat
EIY,Asia/Jerusalem,OpenFlights airports.dat
EJA,America/Bogota,OpenFlights airports.dat
EJH,Asia/Riyadh,OpenFlights airports.dat
EKB,Asia/Qyzylorda,OpenFlights airports.dat
EKN,America/New_York,OpenFlights airports.dat
EKO,America/Los_Angeles,OpenFlights airports.dat
EKT,Europe/Stockholm,OpenFlights airports.dat
ELB,America/Bogota,OpenFlights airports.dat
ELC,Australia/Darwin,OpenFlights airports.dat
ELD,America/Chicago,OpenFlights airports.dat
ELF,Africa/Khartoum,OpenFlights airports.dat
ELG,Africa/Algiers,OpenFlights airports.dat
ELH,America/Nassau,OpenFlights airports.dat
ELI,America/Anchorage,OpenFlights airports.dat
ELM,America/New_York,OpenFlights airports.dat
ELO,America/Cordoba,OpenFlights airports.dat
ELP,America/Denver,OpenFlights airports.dat
ELQ,Asia/Riyadh,OpenFlights airports.dat
ELS,Africa/Johannesburg,OpenFlights airports.dat
ELT,Africa/Cairo,OpenFlights airports.dat
ELU,Africa/Algiers,OpenFlights airports.dat
ELV,America/Anchorage,OpenFlights airports.dat
ELY,America/Los_Angeles,OpenFlights airports.dat
EMA,Europe/London,OpenFlights airports.dat
EMD,Australia/Brisbane,OpenFlights airports.dat
EME,Europe/Berlin,OpenFlights airports.dat
EMK,America/Anchorage,OpenFlights airports.dat
EML,Europe/Zurich,OpenFlights airports.dat
EMN,Africa/Nouakchott,OpenFlights airports.dat
EMP,America/Chicago,OpenFlights airports.dat
ENA,America/Anchorage,OpenFlights airports.dat
ENC,Europe/Paris,OpenFlights airports.dat
END,America/Chicago,OpenFlights airports.dat
ENE,Asia/Makassar,OpenFlights airports.dat
ENF,Europe/Helsinki,OpenFlights airports.dat
ENH,Asia/Shanghai,OpenFlights airports.dat
ENK,Europe/London,OpenFlights airports.dat
ENS,Europe/Amsterdam,OpenFlights airports.dat
ENT,Pacific/Majuro,OpenFlights airports.dat
ENU,Africa/Lagos,OpenFlights airports.dat
ENV,America/Denver,OpenFlights airports.dat
ENW,America/Chicago,OpenFlights airports.dat
ENY,Asia/Shanghai,OpenFlights airports.dat
EOH,America/Bogota,OpenFlights airports.dat
EOI,Europe/London,OpenFlights airports.dat
EOK,America/Chicago,OpenFlights airports.dat
EOR,America/Caracas,OpenFlights airports.dat
EOZ,America/Caracas,OpenFlights airports.dat
EPA,America/Buenos_Aires,OpenFlights airports.dat
EPL,Europe/Paris,OpenFlights airports.dat
EPR,Australia/Perth,OpenFlights airports.dat
EPU,Europe/Tallinn,OpenFlights airports.dat
EQS,America/Catamarca,OpenFlights airports.dat
ERC,Europe/Istanbul,OpenFlights airports.dat
ERF,Europe/Berlin,OpenFlights airports.dat
ERG,Asia/Irkutsk,OpenFlights airports.dat
ERH,Africa/Casablanca,OpenFlights airports.dat
ERI,America/New_York,OpenFlights airports.dat
ERM,America/Sao_Paulo,OpenFlights airports.dat
ERN,America/Boa_Vista,OpenFlights airports.dat
ERS,Africa/Windhoek,OpenFlights airports.dat
ERV,America/Chicago,OpenFlights airports.dat
ERZ,Europe/Istanbul,OpenFlights airports.dat
ESB,Europe/Istanbul,OpenFlights airports.dat
ESC,America/New_York,OpenFlights airports.dat
ESD,America/Los_Angeles,OpenFlights airports.dat
ESE,America/Tijuana,OpenFlights airports.dat
ESF,America/Chicago,OpenFlights airports.dat
ESG,America/Asuncion,OpenFlights airports.dat
ESH,Europe/London,OpenFlights airports.dat
ESK,Europe/Istanbul,OpenFlights airports.dat
ESL,Europe/Moscow,OpenFlights airports.dat
ESM,America/Guayaquil,OpenFlights airports.dat
ESN,America/New_York,OpenFlights airports.dat
ESR,America/Santiago,OpenFlights airports.dat
ESS,Europe/Berlin,OpenFlights airports.dat
ESU,Africa/Casablanca,OpenFlights airports.dat
ETH,Asia/Jerusalem,OpenFlights airports.dat
ETR,America/Guayaquil,OpenFlights airports.dat
ETZ,Europe/Paris,OpenFlights airports.dat
EUA,Pacific/Tongatapu,OpenFlights airports.dat
EUF,America/Chicago,OpenFlights airports.dat
EUG,America/Los_Angeles,OpenFlights airports.dat
EUM,Europe/Berlin,OpenFlights airports.dat
EUN,Africa/El_Aaiun,OpenFlights airports.dat
EUQ,Asia/Manila,OpenFlights airports.dat
EUX,America/Curacao,OpenFlights airports.dat
EVE,Europe/Oslo,OpenFlights airports.dat
EVG,Europe/Stockholm,OpenFlights airports.dat
EVN,Asia/Yerevan,OpenFlights airports.dat
EVV,America/Chicago,OpenFlights airports.dat
EVW,America/Denver,OpenFlights airports.dat
EVX,Europe/Paris,OpenFlights airports.dat
EWB,America/New_York,OpenFlights airports.dat
EWK,America/Chicago,OpenFlights airports.dat
EWN,America/New_York,OpenFlights airports.dat
EWR,America/New_York,OpenFlights airports.dat
EXT,Europe/London,OpenFlights airports.dat
EYK,Asia/Yekaterinburg,OpenFlights airports.dat
EYP,America/Bogota,OpenFlights airports.dat
EYW,America/New_York,OpenFlights airports.dat
EZE,America/Buenos_Aires,OpenFlights airports.dat
EZS,Europe/Istanbul,OpenFlights airports.dat
EZV,Asia/Yekaterinburg,OpenFlights airports.dat
FAA,Africa/Conakry,OpenFlights airports.dat
FAB,Europe/London,OpenFlights airports.dat
FAE,Atlantic/Faeroe,OpenFlights airports.dat
FAF,America/New_York,OpenFlights airports.dat
FAI,America/Anchorage,OpenFlights airports.dat
FAJ,America/Puerto_Rico,OpenFlights airports.dat
FAN,Europe/Oslo,OpenFlights airports.dat
FAO,Europe/Lisbon,OpenFlights airports.dat
FAR,America/Chicago,OpenFlights airports.dat
FAT,America/Los_Angeles,OpenFlights airports.dat
FAV,Pacific/Tahiti,OpenFlights airports.dat
FAY,America/New_York,OpenFlights airports.dat
FAZ,Asia/Tehran,OpenFlights airports.dat
FBA,America/Boa_Vista,OpenFlights airports.dat
FBD,Asia/Kabul,OpenFlights airports.dat
FBE,America/Sao_Paulo,OpenFlights airports.dat
FBG,America/New_York,OpenFlights airports.dat
FBK,America/Anchorage,OpenFlights airports.dat
FBM,Africa/Lubumbashi,OpenFlights airports.dat
FBR,America/Denver,OpenFlights airports.dat
FBU,Europe/Oslo,OpenFlights airports.dat
FCA,America/Denver,OpenFlights airports.dat
FCB,Africa/Johannesburg,OpenFlights airports.dat
FCM,America/Chicago,OpenFlights airports.dat
FCN,Europe/Berlin,OpenFlights airports.dat
FCO,Europe/Rome,OpenFlights airports.dat
FCS,America/Denver,OpenFlights airports.dat
FDF,America/Martinique,OpenFlights airports.dat
FDH,Europe/Berlin,OpenFlights airports.dat
FDO,America/Buenos_Aires,OpenFlights airports.dat
FDU,Africa/Kinshasa,OpenFlights airports.dat
FDY,America/New_York,OpenFlights airports.dat
FEG,Asia/Samarkand,OpenFlights airports.dat
FEL,Europe/Berlin,OpenFlights airports.dat
FEN,America/Fortaleza,OpenFlights airports.dat
FEZ,Africa/Casablanca,OpenFlights airports.dat
FFA,America/New_York,OpenFlights airports.dat
FFD,Europe/London,OpenFlights airports.dat
FFO,America/New_York,OpenFlights airports.dat
FFT,America/New_York,OpenFlights airports.dat
FFU,America/Santiago,OpenFlights airports.dat
FGI,Pacific/Apia,OpenFlights airports.dat
FGU,Pacific/Tahiti,OpenFlights airports.dat
FHU,America/Phoenix,OpenFlights airports.dat
FIE,Europe/London,OpenFlights airports.dat
FIG,Africa/Conakry,OpenFlights airports.dat
FIH,Africa/Kinshasa,OpenFlights airports.dat
FIZ,Australia/Perth,OpenFlights airports.dat
FJR,Asia/Dubai,OpenFlights airports.dat
FKB,Europe/Berlin,OpenFlights airports.dat
FKI,Africa/Lubumbashi,OpenFlights airports.dat
FKJ,Asia/Tokyo,OpenFlights airports.dat
FKL,America/New_York,OpenFlights airports.dat
FKQ,Asia/Jayapura,OpenFlights airports.dat
FKS,Asia/Tokyo,OpenFlights airports.dat
FLA,America/Bogota,OpenFlights airports.dat
FLD,America/Chicago,OpenFlights airports.dat
FLF,Europe/Berlin,OpenFlights airports.dat
FLG,America/Phoenix,OpenFlights airports.dat
FLL,America/New_York,OpenFlights airports.dat
FLN,America/Sao_Paulo,OpenFlights airports.dat
FLO,America/New_York,OpenFlights airports.dat
FLR,Europe/Rome,OpenFlights airports.dat
FLS,Australia/Melbourne,OpenFlights airports.dat
FLV,America/Chicago,OpenFlights airports.dat
FLW,Atlantic/Azores,OpenFlights airports.dat
FLZ,Asia/Jakarta,OpenFlights airports.dat
FMA,America/Cordoba,OpenFlights airports.dat
FME,America/New_York,OpenFlights airports.dat
FMH,America/New_York,OpenFlights airports.dat
FMI,Africa/Lubumbashi,OpenFlights airports.dat
FMM,Europe/Berlin,OpenFlights airports.dat
FMN,America/Denver,OpenFlights airports.dat
FMO,Europe/Berlin,OpenFlights airports.dat
FMY,America/New_York,OpenFlights airports.dat
FNA,Africa/Freetown,OpenFlights airports.dat
FNC,Europe/Lisbon,OpenFlights airports.dat
FNI,Europe/Paris,OpenFlights airports.dat
FNJ,Asia/Pyongyang,OpenFlights airports.dat
FNL,America/Denver,OpenFlights airports.dat
FNR,America/Anchorage,OpenFlights airports.dat
FNT,America/New_York,OpenFlights airports.dat
FNU,Europe/Rome,OpenFlights airports.dat
FOC,Asia/Shanghai,OpenFlights airports.dat
FOD,America/Chicago,OpenFlights airports.dat
FOE,America/Chicago,OpenFlights airports.dat
FOG,Europe/Rome,OpenFlights airports.dat
FOK,America/New_York,OpenFlights airports.dat
FOM,Africa/Douala,OpenFlights airports.dat
FON,America/Costa_Rica,OpenFlights airports.dat
FOR,America/Fortaleza,OpenFlights airports.dat
FOS,Australia/Perth,OpenFlights airports.dat
FPO,America/Nassau,OpenFlights airports.dat
FPR,America/New_York,OpenFlights airports.dat
FRA,Europe/Berlin,OpenFlights airports.dat
FRC,America/Sao_Paulo,OpenFlights airports.dat
FRD,America/Los_Angeles,OpenFlights airports.dat
FRE,Pacific/Guadalcanal,OpenFlights airports.dat
FRG,America/New_York,OpenFlights airports.dat
FRI,America/Chicago,OpenFlights airports.dat
FRJ,Europe/Paris,OpenFlights airports.dat
FRL,Europe/Rome,OpenFlights airports.dat
FRN,America/Anchorage,OpenFlights airports.dat
FRO,Europe/Oslo,OpenFlights airports.dat
FRS,America/Guatemala,OpenFlights airports.dat
FRU,Asia/Bishkek,OpenFlights airports.dat
FRW,Africa/Gaborone,OpenFlights airports.dat
FRY,America/New_York,OpenFlights airports.dat
FRZ,Europe/Berlin,OpenFlights airports.dat
FSC,Europe/Paris,OpenFlights airports.dat
FSD,America/Chicago,OpenFlights airports.dat
FSI,America/Chicago,OpenFlights airports.dat
FSM,America/Chicago,OpenFlights airports.dat
FSP,America/Miquelon,OpenFlights airports.dat
FST,America/Chicago,OpenFlights airports.dat
FTA,Pacific/Efate,OpenFlights airports.dat
FTE,America/Argentina/Rio_Gallegos,OpenFlights airports.dat
FTI,Pacific/Pago_Pago,OpenFlights airports.dat
FTK,America/New_York,OpenFlights airports.dat
FTU,Indian/Antananarivo,OpenFlights airports.dat
FTW,America/Chicago,OpenFlights airports.dat
FTX,Africa/Brazzaville,OpenFlights airports.dat
FTY,America/New_York,OpenFlights airports.dat
FUE,Atlantic/Canary,OpenFlights airports.dat
FUG,Asia/Shanghai,OpenFlights airports.dat
FUJ,Asia/Tokyo,OpenFlights airports.dat
FUK,Asia/Tokyo,OpenFlights airports.dat
FUL,America/Los_Angeles,OpenFlights airports.dat
FUN,Pacific/Funafuti,OpenFlights airports.dat
FUO,Asia/Shanghai,OpenFlights airports.dat
FUT,Pacific/Wallis,OpenFlights airports.dat
FWA,America/New_York,OpenFlights airports.dat
FWH,America/Chicago,OpenFlights airports.dat
FXE,America/New_York,OpenFlights airports.dat
FXO,Africa/Maputo,OpenFlights airports.dat
FYT,Africa/Ndjamena,OpenFlights airports.dat
FYU,America/Anchorage,OpenFlights airports.dat
FYV,America/Chicago,OpenFlights airports.dat
FZO,Europe/London,OpenFlights airports.dat
GAD,America/Chicago,OpenFlights airports.dat
GAE,Africa/Tunis,OpenFlights airports.dat
GAF,Africa/Tunis,OpenFlights airports.dat
GAH,Australia/Brisbane,OpenFlights airports.dat
GAI,America/New_York,OpenFlights airports.dat
GAJ,Asia/Tokyo,OpenFlights airports.dat
GAL,America/Anchorage,OpenFlights airports.dat
GAM,America/Anchorage,OpenFlights airports.dat
GAN,Indian/Maldives,OpenFlights airports.dat
GAO,America/Havana,OpenFlights airports.dat
GAQ,Africa/Bamako,OpenFlights airports.dat
GAS,Africa/Nairobi,OpenFlights airports.dat
GAU,Asia/Calcutta,OpenFlights airports.dat
GAY,Asia/Calcutta,OpenFlights airports.dat
GBA,Europe/London,OpenFlights airports.dat
GBB,Asia/Baku,OpenFlights airports.dat
GBD,America/Chicago,OpenFlights airports.dat
GBE,Africa/Gaborone,OpenFlights airports.dat
GBJ,America/Guadeloupe,OpenFlights airports.dat
GBK,Africa/Freetown,OpenFlights airports.dat
GBT,Asia/Tehran,OpenFlights airports.dat
GBZ,Pacific/Auckland,OpenFlights airports.dat
GCC,America/Denver,OpenFlights airports.dat
GCH,Asia/Tehran,OpenFlights airports.dat
GCI,Europe/Guernsey,OpenFlights airports.dat
GCJ,Africa/Johannesburg,OpenFlights airports.dat
GCK,America/Chicago,OpenFlights airports.dat
GCM,America/Cayman,OpenFlights airports.dat
GCN,America/Phoenix,OpenFlights airports.dat
GDE,Africa/Addis_Ababa,OpenFlights airports.dat
GDL,America/Mexico_City,OpenFlights airports.dat
GDN,Europe/Warsaw,OpenFlights airports.dat
GDO,America/Caracas,OpenFlights airports.dat
GDQ,Africa/Addis_Ababa,OpenFlights airports.dat
GDT,America/Grand_Turk,OpenFlights airports.dat
GDV,America/Denver,OpenFlights airports.dat
GDW,America/New_York,OpenFlights airports.dat
GDX,Asia/Srednekolymsk,OpenFlights airports.dat
GDZ,Europe/Moscow,OpenFlights airports.dat
GEA,Pacific/Noumea,OpenFlights airports.dat
GED,America/New_York,OpenFlights airports.dat
GEG,America/Los_Angeles,OpenFlights airports.dat
GEL,America/Sao_Paulo,OpenFlights airports.dat
GEO,America/Guyana,OpenFlights airports.dat
GER,America/Havana,OpenFlights airports.dat
GES,Asia/Manila,OpenFlights airports.dat
GET,Australia/Perth,OpenFlights airports.dat
GEV,Europe/Stockholm,OpenFlights airports.dat
GEX,Australia/Hobart,OpenFlights airports.dat
GFF,Australia/Sydney,OpenFlights airports.dat
GFK,America/Chicago,OpenFlights airports.dat
GFL,America/New_York,OpenFlights airports.dat
GFN,Australia/Sydney,OpenFlights airports.dat
GFO,America/Guyana,OpenFlights airports.dat
GFR,Europe/Paris,OpenFlights airports.dat
GFY,Africa/Windhoek,OpenFlights airports.dat
GGE,America/New_York,OpenFlights airports.dat
GGG,America/Chicago,OpenFlights airports.dat
GGM,Africa/Nairobi,OpenFlights airports.dat
GGS,America/Argentina/Rio_Gallegos,OpenFlights airports.dat
GGT,America/Nassau,OpenFlights airports.dat
GGW,America/Denver,OpenFlights airports.dat
GHA,Africa/Algiers,OpenFlights airports.dat
GHB,America/Nassau,OpenFlights airports.dat
GHC,America/Nassau,OpenFlights airports.dat
GHF,Europe/Berlin,OpenFlights airports.dat
GHT,Africa/Tripoli,OpenFlights airports.dat
GHU,America/Cordoba,OpenFlights airports.dat
GIB,Europe/Gibraltar,OpenFlights airports.dat
GIC,Australia/Brisbane,OpenFlights airports.dat
GIF,America/New_York,OpenFlights airports.dat
GIG,America/Sao_Paulo,OpenFlights airports.dat
GIL,Asia/Karachi,OpenFlights airports.dat
GIR,America/Bogota,OpenFlights airports.dat
GIS,Pacific/Auckland,OpenFlights airports.dat
GIU,Asia/Colombo,OpenFlights airports.dat
GIZ,Asia/Riyadh,OpenFlights airports.dat
GJA,America/Tegucigalpa,OpenFlights airports.dat
GJL,Africa/Algiers,OpenFlights airports.dat
GJM,America/Boa_Vista,OpenFlights airports.dat
GJR,Atlantic/Reykjavik,OpenFlights airports.dat
GJT,America/Denver,OpenFlights airports.dat
GKA,Pacific/Port_Moresby,OpenFlights airports.dat
GKE,Europe/Berlin,OpenFlights airports.dat
GKK,Indian/Maldives,OpenFlights airports.dat
GKL,Australia/Brisbane,OpenFlights airports.dat
GKN,America/Anchorage,OpenFlights airports.dat
GLA,Europe/London,OpenFlights airports.dat
GLD,America/Denver,OpenFlights airports.dat
GLF,America/Costa_Rica,OpenFlights airports.dat
GLH,America/Chicago,OpenFlights airports.dat
GLI,Australia/Sydney,OpenFlights airports.dat
GLK,Africa/Mogadishu,OpenFlights airports.dat
GLO,Europe/London,OpenFlights airports.dat
GLS,America/Chicago,OpenFlights airports.dat
GLT,Australia/Brisbane,OpenFlights airports.dat
GLV,America/Anchorage,OpenFlights airports.dat
GLZ,Europe/Amsterdam,OpenFlights airports.dat
GMA,Africa/Kinshasa,OpenFlights airports.dat
GMB,Africa/Addis_Ababa,OpenFlights airports.dat
GMD,Africa/Casablanca,OpenFlights airports.dat
GME,Europe/Minsk,OpenFlights airports.dat
GML,Europe/Kiev,OpenFlights airports.dat
GMP,Asia/Seoul,OpenFlights airports.dat
GMR,Pacific/Gambier,OpenFlights airports.dat
GMV,America/Denver,OpenFlights airports.dat
GMZ,Atlantic/Canary,OpenFlights airports.dat
GNA,Europe/Minsk,OpenFlights airports.dat
GNB,Europe/Paris,OpenFlights airports.dat
GND,America/Grenada,OpenFlights airports.dat
GNI,Asia/Taipei,OpenFlights airports.dat
GNM,America/Fortaleza,OpenFlights airports.dat
GNR,America/Argentina/Salta,OpenFlights airports.dat
GNS,Asia/Jakarta,OpenFlights airports.dat
GNT,America/Denver,OpenFlights airports.dat
GNV,America/New_York,OpenFlights airports.dat
GNY,Europe/Istanbul,OpenFlights airports.dat
GNZ,Africa/Gaborone,OpenFlights airports.dat
GOA,Europe/Rome,OpenFlights airports.dat
GOB,Africa/Addis_Ababa,OpenFlights airports.dat
GOH,America/Godthab,OpenFlights airports.dat
GOI,Asia/Calcutta,OpenFlights airports.dat
GOJ,Europe/Moscow,OpenFlights airports.dat
GOM,Africa/Kigali,OpenFlights airports.dat
GON,America/New_York,OpenFlights airports.dat
GOP,Asia/Calcutta,OpenFlights airports.dat
GOQ,Asia/Shanghai,OpenFlights airports.dat
GOR,Africa/Addis_Ababa,OpenFlights airports.dat
GOT,Europe/Stockholm,OpenFlights airports.dat
GOU,Africa/Douala,OpenFlights airports.dat
GOV,Australia/Darwin,OpenFlights airports.dat
GOZ,Europe/Sofia,OpenFlights airports.dat
GPA,Europe/Athens,OpenFlights airports.dat
GPB,America/Sao_Paulo,OpenFlights airports.dat
GPI,America/Bogota,OpenFlights airports.dat
GPL,America/Costa_Rica,OpenFlights airports.dat
GPO,America/Argentina/Salta,OpenFlights airports.dat
GPS,Pacific/Galapagos,OpenFlights airports.dat
GPT,America/Chicago,OpenFlights airports.dat
GPZ,America/Chicago,OpenFlights airports.dat
GQQ,America/New_York,OpenFlights airports.dat
GRB,America/Chicago,OpenFlights airports.dat
GRF,America/Los_Angeles,OpenFlights airports.dat
GRI,America/Chicago,OpenFlights airports.dat
GRJ,Africa/Johannesburg,OpenFlights airports.dat
GRK,America/Chicago,OpenFlights airports.dat
GRM,America/Chicago,OpenFlights airports.dat
GRO,Europe/Madrid,OpenFlights airports.dat
GRP,America/Fortaleza,OpenFlights airports.dat
GRQ,Europe/Amsterdam,OpenFlights airports.dat
GRR,America/New_York,OpenFlights airports.dat
GRS,Europe/Rome,OpenFlights airports.dat
GRU,America/Sao_Paulo,OpenFlights airports.dat
GRW,Atlantic/Azores,OpenFlights airports.dat
GRX,Europe/Madrid,OpenFlights airports.dat
GRY,Atlantic/Reykjavik,OpenFlights airports.dat
GRZ,Europe/Vienna,OpenFlights airports.dat
GSB,America/New_York,OpenFlights airports.dat
GSE,Europe/Stockholm,OpenFlights airports.dat
GSI,America/Cayenne,OpenFlights airports.dat
GSJ,America/Guatemala,OpenFlights airports.dat
GSO,America/New_York,OpenFlights airports.dat
GSP,America/New_York,OpenFlights airports.dat
GSQ,Africa/Cairo,OpenFlights airports.dat
GST,America/Anchorage,OpenFlights airports.dat
GTE,Australia/Darwin,OpenFlights airports.dat
GTF,America/Denver,OpenFlights airports.dat
GTI,Europe/Berlin,OpenFlights airports.dat
GTN,Pacific/Auckland,OpenFlights airports.dat
GTO,Asia/Makassar,OpenFlights airports.dat
GTR,America/Chicago,OpenFlights airports.dat
GUA,America/Guatemala,OpenFlights airports.dat
GUB,America/Tijuana,OpenFlights airports.dat
GUC,America/Denver,OpenFlights airports.dat
GUF,America/Chicago,OpenFlights airports.dat
GUI,America/Caracas,OpenFlights airports.dat
GUJ,America/Sao_Paulo,OpenFlights airports.dat
GUL,Australia/Sydney,OpenFlights airports.dat
GUM,Pacific/Guam,OpenFlights airports.dat
GUP,America/Denver,OpenFlights airports.dat
GUQ,America/Caracas,OpenFlights airports.dat
GUR,Pacific/Port_Moresby,OpenFlights airports.dat
GUS,America/New_York,OpenFlights airports.dat
GUT,Europe/Berlin,OpenFlights airports.dat
GUW,Asia/Oral,OpenFlights airports.dat
GUX,Asia/Calcutta,OpenFlights airports.dat
GVA,Europe/Paris,OpenFlights airports.dat
GVL,America/New_York,OpenFlights airports.dat
GVR,America/Sao_Paulo,OpenFlights airports.dat
GVT,America/Chicago,OpenFlights airports.dat
GVX,Europe/Stockholm,OpenFlights airports.dat
GWD,Asia/Karachi,OpenFlights airports.dat
GWE,Africa/Harare,OpenFlights airports.dat
GWL,Asia/Calcutta,OpenFlights airports.dat
GWO,America/Chicago,OpenFlights airports.dat
GWT,Europe/Berlin,OpenFlights airports.dat
GWY,Europe/Dublin,OpenFlights airports.dat
GXF,Asia/Aden,OpenFlights airports.dat
GXG,Africa/Luanda,OpenFlights airports.dat
GXH,Asia/Shanghai,OpenFlights airports.dat
GXQ,America/Santiago,OpenFlights airports.dat
GYA,America/La_Paz,OpenFlights airports.dat
GYD,Asia/Baku,OpenFlights airports.dat
GYE,America/Guayaquil,OpenFlights airports.dat
GYG,Asia/Yakutsk,OpenFlights airports.dat
GYI,Africa/Kigali,OpenFlights airports.dat
GYL,Australia/Perth,OpenFlights airports.dat
GYM,America/Hermosillo,OpenFlights airports.dat
GYN,America/Sao_Paulo,OpenFlights airports.dat
GYR,America/Phoenix,OpenFlights airports.dat
GYS,Asia/Shanghai,OpenFlights airports.dat
GYU,Asia/Shanghai,OpenFlights airports.dat
GYY,America/Chicago,OpenFlights airports.dat
GZA,Asia/Gaza,OpenFlights airports.dat
GZM,Europe/Malta,OpenFlights airports.dat
GZO,Pacific/Guadalcanal,OpenFlights airports.dat
GZP,Europe/Istanbul,OpenFlights airports.dat
GZT,Europe/Istanbul,OpenFlights airports.dat
GZW,Asia/Tehran,OpenFlights airports.dat
HAA,Europe/Oslo,OpenFlights airports.dat
HAC,Asia/Tokyo,OpenFlights airports.dat
HAD,Europe/Stockholm,OpenFlights airports.dat
HAH,Indian/Comoro,OpenFlights airports.dat
HAJ,Europe/Berlin,OpenFlights airports.dat
HAK,Asia/Shanghai,OpenFlights airports.dat
HAM,Europe/Berlin,OpenFlights airports.dat
HAN,Asia/Saigon,OpenFlights airports.dat
HAO,America/New_York,OpenFlights airports.dat
HAQ,Indian/Maldives,OpenFlights airports.dat
HAR,America/New_York,OpenFlights airports.dat
HAS,Asia/Riyadh,OpenFlights airports.dat
HAU,Europe/Oslo,OpenFlights airports.dat
HAV,America/Havana,OpenFlights airports.dat
HAW,Europe/London,OpenFlights airports.dat
HBA,Australia/Melbourne,OpenFlights airports.dat
HBE,Africa/Cairo,OpenFlights airports.dat
HBG,America/Chicago,OpenFlights airports.dat
HBR,America/Chicago,OpenFlights airports.dat
HBX,Asia/Calcutta,OpenFlights airports.dat
HCN,Asia/Taipei,OpenFlights airports.dat
HCQ,Australia/Perth,OpenFlights airports.dat
HCR,America/Anchorage,OpenFlights airports.dat
HCW,America/New_York,OpenFlights airports.dat
HDD,Asia/Karachi,OpenFlights airports.dat
HDF,Europe/Berlin,OpenFlights airports.dat
HDG,Asia/Shanghai,OpenFlights airports.dat
HDH,Pacific/Honolulu,OpenFlights airports.dat
HDI,America/New_York,OpenFlights airports.dat
HDM,Asia/Tehran,OpenFlights airports.dat
HDN,America/Denver,OpenFlights airports.dat
HDR,Asia/Tehran,OpenFlights airports.dat
HDS,Africa/Johannesburg,OpenFlights airports.dat
HDY,Asia/Bangkok,OpenFlights airports.dat
HEA,Asia/Kabul,OpenFlights airports.dat
HEH,Asia/Rangoon,OpenFlights airports.dat
HEI,Europe/Berlin,OpenFlights airports.dat
HEK,Asia/Shanghai,OpenFlights airports.dat
HEL,Europe/Helsinki,OpenFlights airports.dat
HEM,Europe/Helsinki,OpenFlights airports.dat
HER,Europe/Athens,OpenFlights airports.dat
HET,Asia/Shanghai,OpenFlights airports.dat
HEW,Europe/Athens,OpenFlights airports.dat
HEX,America/Santo_Domingo,OpenFlights airports.dat
HFA,Asia/Jerusalem,OpenFlights airports.dat
HFD,America/New_York,OpenFlights airports.dat
HFE,Asia/Shanghai,OpenFlights airports.dat
HFN,Atlantic/Reykjavik,OpenFlights airports.dat
HFS,Europe/Stockholm,OpenFlights airports.dat
HFT,Europe/Oslo,OpenFlights airports.dat
HGA,Africa/Mogadishu,OpenFlights airports.dat
HGD,Australia/Brisbane,OpenFlights airports.dat
HGE,America/Caracas,OpenFlights airports.dat
HGH,Asia/Shanghai,OpenFlights airports.dat
HGL,Europe/Berlin,OpenFlights airports.dat
HGN,Asia/Bangkok,OpenFlights airports.dat
HGO,Africa/Abidjan,OpenFlights airports.dat
HGR,America/New_York,OpenFlights airports.dat
HGS,Africa/Freetown,OpenFlights airports.dat
HGU,Pacific/Port_Moresby,OpenFlights airports.dat
HHE,Asia/Tokyo,OpenFlights airports.dat
HHH,America/New_York,OpenFlights airports.dat
HHI,Pacific/Honolulu,OpenFlights airports.dat
HHN,Europe/Berlin,OpenFlights airports.dat
HHP,Asia/Hong_Kong,OpenFlights airports.dat
HHQ,Asia/Bangkok,OpenFlights airports.dat
HHR,America/Los_Angeles,OpenFlights airports.dat
HIA,Asia/Shanghai,OpenFlights airports.dat
HIB,America/Chicago,OpenFlights airports.dat
HID,Australia/Brisbane,OpenFlights airports.dat
HIF,America/Denver,OpenFlights airports.dat
HII,America/Phoenix,OpenFlights airports.dat
HIJ,Asia/Tokyo,OpenFlights airports.dat
HIN,Asia/Seoul,OpenFlights airports.dat
HIO,America/Los_Angeles,OpenFlights airports.dat
HIR,Pacific/Guadalcanal,OpenFlights airports.dat
HIW,Asia/Tokyo,OpenFlights airports.dat
HJJ,Asia/Shanghai,OpenFlights airports.dat
HJR,Asia/Calcutta,OpenFlights airports.dat
HKD,Asia/Tokyo,OpenFlights airports.dat
HKG,Asia/Hong_Kong,OpenFlights airports.dat
HKK,Pacific/Auckland,OpenFlights airports.dat
HKN,Pacific/Port_Moresby,OpenFlights airports.dat
HKT,Asia/Bangkok,OpenFlights airports.dat
HKY,America/New_York,OpenFlights airports.dat
HLA,Africa/Johannesburg,OpenFlights airports.dat
HLD,Asia/Shanghai,OpenFlights airports.dat
HLF,Europe/Stockholm,OpenFlights airports.dat
HLG,America/New_York,OpenFlights airports.dat
HLH,Asia/Shanghai,OpenFlights airports.dat
HLJ,Europe/Vilnius,OpenFlights airports.dat
HLN,America/Denver,OpenFlights airports.dat
HLP,Asia/Jakarta,OpenFlights airports.dat
HLR,America/Chicago,OpenFlights airports.dat
HLT,Australia/Hobart,OpenFlights airports.dat
HLZ,Pacific/Auckland,OpenFlights airports.dat
HMA,Asia/Yekaterinburg,OpenFlights airports.dat
HMB,Africa/Cairo,OpenFlights airports.dat
HME,Africa/Algiers,OpenFlights airports.dat
HMI,Asia/Shanghai,OpenFlights airports.dat
HMJ,Europe/Kiev,OpenFlights airports.dat
HMN,America/Denver,OpenFlights airports.dat
HMO,America/Hermosillo,OpenFlights airports.dat
HMR,Europe/Oslo,OpenFlights airports.dat
HMV,Europe/Stockholm,OpenFlights airports.dat
HNA,Asia/Tokyo,OpenFlights airports.dat
HND,Asia/Tokyo,OpenFlights airports.dat
HNH,America/Anchorage,OpenFlights airports.dat
HNL,Pacific/Honolulu,OpenFlights airports.dat
HNM,Pacific/Honolulu,OpenFlights airports.dat
HNS,America/Anchorage,OpenFlights airports.dat
HOA,Africa/Nairobi,OpenFlights airports.dat
HOB,America/Denver,OpenFlights airports.dat
HOD,Asia/Aden,OpenFlights airports.dat
HOE,Asia/Vientiane,OpenFlights airports.dat
HOF,Asia/Riyadh,OpenFlights airports.dat
HOG,America/Havana,OpenFlights airports.dat
HOH,Europe/Vienna,OpenFlights airports.dat
HOK,Australia/Darwin,OpenFlights airports.dat
HOM,America/Anchorage,OpenFlights airports.dat
HON,America/Chicago,OpenFlights airports.dat
HOP,America/Chicago,OpenFlights airports.dat
HOQ,Europe/Berlin,OpenFlights airports.dat
HOR,Atlantic/Azores,OpenFlights airports.dat
HOS,America/Argentina/Salta,OpenFlights airports.dat
HOT,America/Chicago,OpenFlights airports.dat
HOU,America/Chicago,OpenFlights airports.dat
HOV,Europe/Oslo,OpenFlights airports.dat
HOX,Asia/Rangoon,OpenFlights airports.dat
HPA,Pacific/Tongatapu,OpenFlights airports.dat
HPB,America/Anchorage,OpenFlights airports.dat
HPH,Asia/Saigon,OpenFlights airports.dat
HPN,America/New_York,OpenFlights airports.dat
HQM,America/Los_Angeles,OpenFlights airports.dat
HRB,Asia/Shanghai,OpenFlights airports.dat
HRE,Africa/Harare,OpenFlights airports.dat
HRG,Africa/Cairo,OpenFlights airports.dat
HRI,Asia/Colombo,OpenFlights airports.dat
HRK,Europe/Kiev,OpenFlights airports.dat
HRL,America/Chicago,OpenFlights airports.dat
HRM,Africa/Algiers,OpenFlights airports.dat
HRO,America/Chicago,OpenFlights airports.dat
HRS,Africa/Johannesburg,OpenFlights airports.dat
HRT,Europe/London,OpenFlights airports.dat
HSG,Asia/Tokyo,OpenFlights airports.dat
HSH,America/Los_Angeles,OpenFlights airports.dat
HSK,Europe/Madrid,OpenFlights airports.dat
HSL,America/Anchorage,OpenFlights airports.dat
HSN,Asia/Shanghai,OpenFlights airports.dat
HSS,Asia/Calcutta,OpenFlights airports.dat
HST,America/New_York,OpenFlights airports.dat
HSV,America/Chicago,OpenFlights airports.dat
HSZ,Asia/Taipei,OpenFlights airports.dat
HTA,Asia/Yakutsk,OpenFlights airports.dat
HTG,Asia/Krasnoyarsk,OpenFlights airports.dat
HTI,Australia/Brisbane,OpenFlights airports.dat
HTL,America/New_York,OpenFlights airports.dat
HTN,Asia/Shanghai,OpenFlights airports.dat
HTS,America/New_York,OpenFlights airports.dat
HTY,Europe/Istanbul,OpenFlights airports.dat
HUA,America/Chicago,OpenFlights airports.dat
HUE,Africa/Addis_Ababa,OpenFlights airports.dat
HUF,America/New_York,OpenFlights airports.dat
HUH,Pacific/Tahiti,OpenFlights airports.dat
HUI,Asia/Saigon,OpenFlights airports.dat
HUL,America/New_York,OpenFlights airports.dat
HUN,Asia/Taipei,OpenFlights airports.dat
HUQ,Africa/Tripoli,OpenFlights airports.dat
HUS,America/Anchorage,OpenFlights airports.dat
HUT,America/Chicago,OpenFlights airports.dat
HUU,America/Lima,OpenFlights airports.dat
HUV,Europe/Stockholm,OpenFlights airports.dat
HUW,America/Boa_Vista,OpenFlights airports.dat
HUX,America/Mexico_City,OpenFlights airports.dat
HUY,Europe/London,OpenFlights airports.dat
HUZ,Asia/Shanghai,OpenFlights airports.dat
HVA,Indian/Antananarivo,OpenFlights airports.dat
HVB,Australia/Brisbane,OpenFlights airports.dat
HVD,Asia/Hovd,OpenFlights airports.dat
HVG,Europe/Oslo,OpenFlights airports.dat
HVN,America/New_York,OpenFlights airports.dat
HVR,America/Denver,OpenFlights airports.dat
HWD,America/Los_Angeles,OpenFlights airports.dat
HWN,Africa/Harare,OpenFlights airports.dat
HWO,America/New_York,OpenFlights airports.dat
HYA,America/New_York,OpenFlights airports.dat
HYC,Europe/London,OpenFlights airports.dat
HYG,America/Anchorage,OpenFlights airports.dat
HYN,Asia/Shanghai,OpenFlights airports.dat
HYS,America/Chicago,OpenFlights airports.dat
HYV,Europe/Helsinki,OpenFlights airports.dat
HZB,Europe/Paris,OpenFlights airports.dat
HZG,Asia/Shanghai,OpenFlights airports.dat
HZH,Asia/Shanghai,OpenFlights airports.dat
HZK,Atlantic/Reykjavik,OpenFlights airports.dat
HZL,America/New_York,OpenFlights airports.dat
IAA,Asia/Krasnoyarsk,OpenFlights airports.dat
IAB,America/Chicago,OpenFlights airports.dat
IAD,America/New_York,OpenFlights airports.dat
IAG,America/New_York,OpenFlights airports.dat
IAH,America/Chicago,OpenFlights airports.dat
IAM,Africa/Algiers,OpenFlights airports.dat
IAN,America/Anchorage,OpenFlights airports.dat
IAO,Asia/Manila,OpenFlights airports.dat
IAR,Europe/Moscow,OpenFlights airports.dat
IAS,Europe/Bucharest,OpenFlights airports.dat
IBA,Africa/Lagos,OpenFlights airports.dat
IBB,Pacific/Galapagos,OpenFlights airports.dat
IBE,America/Bogota,OpenFlights airports.dat
IBP,America/Lima,OpenFlights airports.dat
IBR,Asia/Tokyo,OpenFlights airports.dat
IBZ,Europe/Madrid,OpenFlights airports.dat
ICC,America/Caracas,OpenFlights airports.dat
ICI,Pacific/Fiji,OpenFlights airports.dat
ICK,America/Paramaribo,OpenFlights airports.dat
ICN,Asia/Seoul,OpenFlights airports.dat
ICT,America/Chicago,OpenFlights airports.dat
IDA,America/Denver,OpenFlights airports.dat
IDR,Asia/Calcutta,OpenFlights airports.dat
IDY,Europe/Paris,OpenFlights airports.dat
IEG,Europe/Warsaw,OpenFlights airports.dat
IES,Europe/Berlin,OpenFlights airports.dat
IEV,Europe/Kiev,OpenFlights airports.dat
IFH,Asia/Tehran,OpenFlights airports.dat
IFJ,Atlantic/Reykjavik,OpenFlights airports.dat
IFL,Australia/Brisbane,OpenFlights airports.dat
IFN,Asia/Tehran,OpenFlights airports.dat
IFO,Europe/Kiev,OpenFlights airports.dat
IGA,America/Nassau,OpenFlights airports.dat
IGB,America/Argentina/Salta,OpenFlights airports.dat
IGD,Europe/Istanbul,OpenFlights airports.dat
IGG,America/Anchorage,OpenFlights airports.dat
IGL,Europe/Istanbul,OpenFlights airports.dat
IGR,America/Cordoba,OpenFlights airports.dat
IGS,Europe/Berlin,OpenFlights airports.dat
IGT,Europe/Moscow,OpenFlights airports.dat
IGU,America/Sao_Paulo,OpenFlights airports.dat
IHC,Africa/Maputo,OpenFlights airports.dat
IHR,Asia/Tehran,OpenFlights airports.dat
IIA,Europe/Dublin,OpenFlights airports.dat
IIL,Asia/Tehran,OpenFlights airports.dat
IJK,Europe/Samara,OpenFlights airports.dat
IKA,Asia/Tehran,OpenFlights airports.dat
IKB,America/New_York,OpenFlights airports.dat
IKI,Asia/Tokyo,OpenFlights airports.dat
IKK,America/Chicago,OpenFlights airports.dat
IKO,America/Anchorage,OpenFlights airports.dat
IKS,Asia/Yakutsk,OpenFlights airports.dat
IKT,Asia/Irkutsk,OpenFlights airports.dat
ILD,Europe/Madrid,OpenFlights airports.dat
ILF,America/Winnipeg,OpenFlights airports.dat
ILG,America/New_York,OpenFlights airports.dat
ILI,America/Anchorage,OpenFlights airports.dat
ILM,America/New_York,OpenFlights airports.dat
ILN,America/New_York,OpenFlights airports.dat
ILO,Asia/Manila,OpenFlights airports.dat
ILP,Pacific/Noumea,OpenFlights airports.dat
ILQ,America/Lima,OpenFlights airports.dat
ILR,Africa/Lagos,OpenFlights airports.dat
ILU,Africa/Nairobi,OpenFlights airports.dat
ILY,Europe/London,OpenFlights airports.dat
ILZ,Europe/Bratislava,OpenFlights airports.dat
IMB,America/Guyana,OpenFlights airports.dat
IMF,Asia/Calcutta,OpenFlights airports.dat
IMK,Asia/Katmandu,OpenFlights airports.dat
IMM,America/New_York,OpenFlights airports.dat
IMP,America/Fortaleza,OpenFlights airports.dat
IMT,America/Chicago,OpenFlights airports.dat
IND,America/New_York,OpenFlights airports.dat
ING,America/Argentina/Rio_Gallegos,OpenFlights airports.dat
INH,Africa/Maputo,OpenFlights airports.dat
INI,Europe/Belgrade,OpenFlights airports.dat
INK,America/Chicago,OpenFlights airports.dat
INL,America/Chicago,OpenFlights airports.dat
INN,Europe/Vienna,OpenFlights airports.dat
INO,Africa/Kinshasa,OpenFlights airports.dat
INQ,Europe/Dublin,OpenFlights airports.dat
INS,America/Los_Angeles,OpenFlights airports.dat
INT,America/New_York,OpenFlights airports.dat
INU,Pacific/Nauru,OpenFlights airports.dat
INV,Europe/London,OpenFlights airports.dat
INW,America/Phoenix,OpenFlights airports.dat
INZ,Africa/Algiers,OpenFlights airports.dat
IOA,Europe/Athens,OpenFlights airports.dat
IOM,Europe/Isle_of_Man,OpenFlights airports.dat
IOR,Europe/Dublin,OpenFlights airports.dat
IOS,America/Fortaleza,OpenFlights airports.dat
IOW,America/Chicago,OpenFlights airports.dat
IPA,Pacific/Efate,OpenFlights airports.dat
IPC,Pacific/Easter,OpenFlights airports.dat
IPH,Asia/Kuala_Lumpur,OpenFlights airports.dat
IPI,America/Bogota,OpenFlights airports.dat
IPL,America/Los_Angeles,OpenFlights airports.dat
IPN,America/Sao_Paulo,OpenFlights airports.dat
IPT,America/New_York,OpenFlights airports.dat
IQA,Asia/Baghdad,OpenFlights airports.dat
IQM,Asia/Shanghai,OpenFlights airports.dat
IQN,Asia/Shanghai,OpenFlights airports.dat
IQQ,America/Santiago,OpenFlights airports.dat
IQT,America/Lima,OpenFlights airports.dat
IRA,Pacific/Guadalcanal,OpenFlights airports.dat
IRB,America/Chicago,OpenFlights airports.dat
IRC,America/Anchorage,OpenFlights airports.dat
IRD,Asia/Dhaka,OpenFlights airports.dat
IRG,Australia/Brisbane,OpenFlights airports.dat
IRI,Africa/Dar_es_Salaam,OpenFlights airports.dat
IRJ,America/Argentina/La_Rioja,OpenFlights airports.dat
IRK,America/Chicago,OpenFlights airports.dat
IRP,Africa/Lubumbashi,OpenFlights airports.dat
IRZ,America/Boa_Vista,OpenFlights airports.dat
ISA,Australia/Brisbane,OpenFlights airports.dat
ISC,Europe/London,OpenFlights airports.dat
ISE,Europe/Istanbul,OpenFlights airports.dat
ISG,Asia/Tokyo,OpenFlights airports.dat
ISJ,America/Cancun,OpenFlights airports.dat
ISK,Asia/Calcutta,OpenFlights airports.dat
ISL,Europe/Istanbul,OpenFlights airports.dat
ISM,America/New_York,OpenFlights airports.dat
ISN,America/Chicago,OpenFlights airports.dat
ISO,America/New_York,OpenFlights airports.dat
ISP,America/New_York,OpenFlights airports.dat
ISU,Asia/Baghdad,OpenFlights airports.dat
ISW,America/Chicago,OpenFlights airports.dat
ITA,America/Boa_Vista,OpenFlights airports.dat
ITB,America/Belem,OpenFlights airports.dat
ITH,America/New_York,OpenFlights airports.dat
ITM,Asia/Tokyo,OpenFlights airports.dat
ITO,Pacific/Honolulu,OpenFlights airports.dat
ITR,America/Sao_Paulo,OpenFlights airports.dat
IUE,Pacific/Niue,OpenFlights airports.dat
IVA,Indian/Antananarivo,OpenFlights airports.dat
IVC,Pacific/Auckland,OpenFlights airports.dat
IVL,Europe/Helsinki,OpenFlights airports.dat
IVR,Australia/Sydney,OpenFlights airports.dat
IWA,Europe/Moscow,OpenFlights airports.dat
IWJ,Asia/Tokyo,OpenFlights airports.dat
IWO,Asia/Tokyo,OpenFlights airports.dat
IWS,America/Chicago,OpenFlights airports.dat
IXA,Asia/Calcutta,OpenFlights airports.dat
IXB,Asia/Calcutta,OpenFlights airports.dat
IXC,Asia/Calcutta,OpenFlights airports.dat
IXD,Asia/Calcutta,OpenFlights airports.dat
IXE,Asia/Calcutta,OpenFlights airports.dat
IXG,Asia/Calcutta,OpenFlights airports.dat
IXH,Asia/Calcutta,OpenFlights airports.dat
IXI,Asia/Calcutta,OpenFlights airports.dat
IXJ,Asia/Calcutta,OpenFlights airports.dat
IXK,Asia/Calcutta,OpenFlights airports.dat
IXL,Asia/Calcutta,OpenFlights airports.dat
IXM,Asia/Calcutta,OpenFlights airports.dat
IXP,Asia/Calcutta,OpenFlights airports.dat
IXR,Asia/Calcutta,OpenFlights airports.dat
IXS,Asia/Calcutta,OpenFlights airports.dat
IXU,Asia/Calcutta,OpenFlights airports.dat
IXV,Asia/Calcutta,OpenFlights airports.dat
IXW,Asia/Calcutta,OpenFlights airports.dat
IXY,Asia/Calcutta,OpenFlights airports.dat
IXZ,Asia/Calcutta,OpenFlights airports.dat
IYK,America/Los_Angeles,OpenFlights airports.dat
IZA,America/Sao_Paulo,OpenFlights airports.dat
IZO,Asia/Tokyo,OpenFlights airports.dat
IZT,America/Mexico_City,OpenFlights airports.dat
JAA,Asia/Kabul,OpenFlights airports.dat
JAB,Australia/Darwin,OpenFlights airports.dat
JAC,America/Denver,OpenFlights airports.dat
JAD,Australia/Perth,OpenFlights airports.dat
JAF,Asia/Colombo,OpenFlights airports.dat
JAG,Asia/Karachi,OpenFlights airports.dat
JAI,Asia/Calcutta,OpenFlights airports.dat
JAK,America/Port-au-Prince,OpenFlights airports.dat
JAL,America/Mexico_City,OpenFlights airports.dat
JAN,America/Chicago,OpenFlights airports.dat
JAP,America/Costa_Rica,OpenFlights airports.dat
JAR,Asia/Tehran,OpenFlights airports.dat
JAU,America/Lima,OpenFlights airports.dat
JAV,America/Godthab,OpenFlights airports.dat
JAX,America/New_York,OpenFlights airports.dat
JBQ,America/Santo_Domingo,OpenFlights airports.dat
JBR,America/Chicago,OpenFlights airports.dat
JCB,America/Sao_Paulo,OpenFlights airports.dat
JCH,America/Godthab,OpenFlights airports.dat
JCI,America/Chicago,OpenFlights airports.dat
JCK,Australia/Brisbane,OpenFlights airports.dat
JCR,America/Belem,OpenFlights airports.dat
JDF,America/Sao_Paulo,OpenFlights airports.dat
JDG,Asia/Seoul,OpenFlights airports.dat
JDH,Asia/Calcutta,OpenFlights airports.dat
JDO,America/Fortaleza,OpenFlights airports.dat
JDZ,Asia/Shanghai,OpenFlights airports.dat
JED,Asia/Riyadh,OpenFlights airports.dat
JEE,America/Port-au-Prince,OpenFlights airports.dat
JEF,America/Chicago,OpenFlights airports.dat
JEG,America/Godthab,OpenFlights airports.dat
JER,Europe/Jersey,OpenFlights airports.dat
JFK,America/New_York,OpenFlights airports.dat
JFR,America/Godthab,OpenFlights airports.dat
JGA,Asia/Calcutta,OpenFlights airports.dat
JGD,Asia/Shanghai,OpenFlights airports.dat
JGN,Asia/Shanghai,OpenFlights airports.dat
JGO,America/Godthab,OpenFlights airports.dat
JGS,Asia/Shanghai,OpenFlights airports.dat
JHB,Asia/Kuala_Lumpur,OpenFlights airports.dat
JHG,Asia/Shanghai,OpenFlights airports.dat
JHM,Pacific/Honolulu,OpenFlights airports.dat
JHQ,Australia/Brisbane,OpenFlights airports.dat
JHS,America/Godthab,OpenFlights airports.dat
JHW,America/New_York,OpenFlights airports.dat
JIB,Africa/Djibouti,OpenFlights airports.dat
JIJ,Africa/Addis_Ababa,OpenFlights airports.dat
JIK,Europe/Athens,OpenFlights airports.dat
JIM,Africa/Addis_Ababa,OpenFlights airports.dat
JIQ,Asia/Shanghai,OpenFlights airports.dat
JIU,Asia/Shanghai,OpenFlights airports.dat
JIW,Asia/Karachi,OpenFlights airports.dat
JJI,America/Lima,OpenFlights airports.dat
JJM,Africa/Nairobi,OpenFlights airports.dat
JJN,Asia/Shanghai,OpenFlights airports.dat
JJU,America/Godthab,OpenFlights airports.dat
JKG,Europe/Stockholm,OpenFlights airports.dat
JKH,Europe/Athens,OpenFlights airports.dat
JKL,Europe/Athens,OpenFlights airports.dat
JKR,Asia/Katmandu,OpenFlights airports.dat
JLN,America/Chicago,OpenFlights airports.dat
JLR,Asia/Calcutta,OpenFlights airports.dat
JMK,Europe/Athens,OpenFlights airports.dat
JMO,Asia/Katmandu,OpenFlights airports.dat
JMS,America/Chicago,OpenFlights airports.dat
JMU,Asia/Shanghai,OpenFlights airports.dat
JNB,Africa/Johannesburg,OpenFlights airports.dat
JNG,Asia/Shanghai,OpenFlights airports.dat
JNI,America/Buenos_Aires,OpenFlights airports.dat
JNN,America/Godthab,OpenFlights airports.dat
JNS,America/Godthab,OpenFlights airports.dat
JNU,America/Anchorage,OpenFlights airports.dat
JNX,Europe/Athens,OpenFlights airports.dat
JNZ,Asia/Shanghai,OpenFlights airports.dat
JOE,Europe/Helsinki,OpenFlights airports.dat
JOG,Asia/Jakarta,OpenFlights airports.dat
JOH,Africa/Johannesburg,OpenFlights airports.dat
JOI,America/Sao_Paulo,OpenFlights airports.dat
JOK,Europe/Moscow,OpenFlights airports.dat
JOL,Asia/Manila,OpenFlights airports.dat
JON,Pacific/Johnston,OpenFlights airports.dat
JOS,Africa/Lagos,OpenFlights airports.dat
JOT,America/Chicago,OpenFlights airports.dat
JPA,America/Fortaleza,OpenFlights airports.dat
JPR,America/Boa_Vista,OpenFlights airports.dat
JQA,America/Godthab,OpenFlights airports.dat
JQE,America/Panama,OpenFlights airports.dat
JRA,America/New_York,OpenFlights airports.dat
JRB,America/New_York,OpenFlights airports.dat
JRF,Pacific/Honolulu,OpenFlights airports.dat
JRH,Asia/Calcutta,OpenFlights airports.dat
JRO,Africa/Dar_es_Salaam,OpenFlights airports.dat
JSA,Asia/Calcutta,OpenFlights airports.dat
JSH,Europe/Athens,OpenFlights airports.dat
JSI,Europe/Athens,OpenFlights airports.dat
JSM,America/Catamarca,OpenFlights airports.dat
JSR,Asia/Dhaka,OpenFlights airports.dat
JST,America/New_York,OpenFlights airports.dat
JSU,America/Godthab,OpenFlights airports.dat
JSY,Europe/Athens,OpenFlights airports.dat
JTC,America/Sao_Paulo,OpenFlights airports.dat
JTR,Europe/Athens,OpenFlights airports.dat
JTY,Europe/Athens,OpenFlights airports.dat
JUB,Africa/Juba,OpenFlights airports.dat
JUH,Asia/Shanghai,OpenFlights airports.dat
JUI,Europe/Berlin,OpenFlights airports.dat
JUJ,America/Jujuy,OpenFlights airports.dat
JUL,America/Lima,OpenFlights airports.dat
JUM,Asia/Katmandu,OpenFlights airports.dat
JUV,America/Godthab,OpenFlights airports.dat
JUZ,Asia/Shanghai,OpenFlights airports.dat
JVA,Indian/Antananarivo,OpenFlights airports.dat
JVL,America/Chicago,OpenFlights airports.dat
JWA,Africa/Gaborone,OpenFlights airports.dat
JWN,Asia/Tehran,OpenFlights airports.dat
JXA,Asia/Shanghai,OpenFlights airports.dat
JXN,America/New_York,OpenFlights airports.dat
JYR,Asia/Tehran,OpenFlights airports.dat
JYV,Europe/Helsinki,OpenFlights airports.dat
JZH,Asia/Shanghai,OpenFlights airports.dat
KAA,Africa/Lusaka,OpenFlights airports.dat
KAB,Africa/Harare,OpenFlights airports.dat
KAC,Asia/Damascus,OpenFlights airports.dat
KAD,Africa/Lagos,OpenFlights airports.dat
KAG,Asia/Seoul,OpenFlights airports.dat
KAI,America/Guyana,OpenFlights airports.dat
KAJ,Europe/Helsinki,OpenFlights airports.dat
KAL,America/Anchorage,OpenFlights airports.dat
KAN,Africa/Lagos,OpenFlights airports.dat
KAO,Europe/Helsinki,OpenFlights airports.dat
KAR,America/Guyana,OpenFlights airports.dat
KAT,Pacific/Auckland,OpenFlights airports.dat
KAU,Europe/Helsinki,OpenFlights airports.dat
KAW,Asia/Rangoon,OpenFlights airports.dat
KAX,Australia/Perth,OpenFlights airports.dat
KBL,Asia/Kabul,OpenFlights airports.dat
KBP,Europe/Kiev,OpenFlights airports.dat
KBQ,Africa/Blantyre,OpenFlights airports.dat
KBR,Asia/Kuala_Lumpur,OpenFlights airports.dat
KBS,Africa/Freetown,OpenFlights airports.dat
KBV,Asia/Bangkok,OpenFlights airports.dat
KBZ,Pacific/Auckland,OpenFlights airports.dat
KCA,Asia/Shanghai,OpenFlights airports.dat
KCH,Asia/Kuala_Lumpur,OpenFlights airports.dat
KCK,Asia/Irkutsk,OpenFlights airports.dat
KCM,Europe/Istanbul,OpenFlights airports.dat
KCO,Europe/Istanbul,OpenFlights airports.dat
KCT,Asia/Colombo,OpenFlights airports.dat
KCZ,Asia/Tokyo,OpenFlights airports.dat
KDD,Asia/Karachi,OpenFlights airports.dat
KDH,Asia/Kabul,OpenFlights airports.dat
KDI,Asia/Makassar,OpenFlights airports.dat
KDL,Europe/Tallinn,OpenFlights airports.dat
KDM,Indian/Maldives,OpenFlights airports.dat
KDO,Indian/Maldives,OpenFlights airports.dat
KDT,Asia/Bangkok,OpenFlights airports.dat
KDU,Asia/Karachi,OpenFlights airports.dat
KDV,Pacific/Fiji,OpenFlights airports.dat
KDX,Africa/Khartoum,OpenFlights airports.dat
KDY,Asia/Yakutsk,OpenFlights airports.dat
KED,Africa/Nouakchott,OpenFlights airports.dat
KEF,Atlantic/Reykjavik,OpenFlights airports.dat
KEJ,Asia/Krasnoyarsk,OpenFlights airports.dat
KEL,Europe/Berlin,OpenFlights airports.dat
KEM,Europe/Helsinki,OpenFlights airports.dat
KEN,Africa/Freetown,OpenFlights airports.dat
KEP,Asia/Katmandu,OpenFlights airports.dat
KER,Asia/Tehran,OpenFlights airports.dat
KET,Asia/Rangoon,OpenFlights airports.dat
KEV,Europe/Helsinki,OpenFlights airports.dat
KEW,America/Winnipeg,OpenFlights airports.dat
KEY,Africa/Nairobi,OpenFlights airports.dat
KFA,Africa/Nouakchott,OpenFlights airports.dat
KFE,Australia/Perth,OpenFlights airports.dat
KFG,Australia/Darwin,OpenFlights airports.dat
KFP,America/Anchorage,OpenFlights airports.dat
KFS,Europe/Istanbul,OpenFlights airports.dat
KGA,Africa/Lubumbashi,OpenFlights airports.dat
KGC,Australia/Adelaide,OpenFlights airports.dat
KGD,Europe/Kaliningrad,OpenFlights airports.dat
KGE,Pacific/Guadalcanal,OpenFlights airports.dat
KGF,Asia/Qyzylorda,OpenFlights airports.dat
KGG,Africa/Dakar,OpenFlights airports.dat
KGI,Australia/Perth,OpenFlights airports.dat
KGJ,Africa/Blantyre,OpenFlights airports.dat
KGK,America/Anchorage,OpenFlights airports.dat
KGL,Africa/Kigali,OpenFlights airports.dat
KGO,Europe/Kiev,OpenFlights airports.dat
KGP,Asia/Yekaterinburg,OpenFlights airports.dat
KGS,Europe/Athens,OpenFlights airports.dat
KGT,Asia/Shanghai,OpenFlights airports.dat
KHC,Europe/Simferopol,OpenFlights airports.dat
KHD,Asia/Tehran,OpenFlights airports.dat
KHE,Europe/Kiev,OpenFlights airports.dat
KHG,Asia/Shanghai,OpenFlights airports.dat
KHH,Asia/Taipei,OpenFlights airports.dat
KHI,Asia/Karachi,OpenFlights airports.dat
KHJ,Europe/Helsinki,OpenFlights airports.dat
KHK,Asia/Tehran,OpenFlights airports.dat
KHM,Asia/Rangoon,OpenFlights airports.dat
KHN,Asia/Shanghai,OpenFlights airports.dat
KHS,Asia/Muscat,OpenFlights airports.dat
KHT,Asia/Kabul,OpenFlights airports.dat
KHV,Asia/Vladivostok,OpenFlights airports.dat
KHW,Africa/Gaborone,OpenFlights airports.dat
KHY,Asia/Tehran,OpenFlights airports.dat
KID,Europe/Stockholm,OpenFlights airports.dat
KIF,America/Toronto,OpenFlights airports.dat
KIH,Asia/Tehran,OpenFlights airports.dat
KIJ,Asia/Tokyo,OpenFlights airports.dat
KIK,Asia/Baghdad,OpenFlights airports.dat
KIM,Africa/Johannesburg,OpenFlights airports.dat
KIN,America/Jamaica,OpenFlights airports.dat
KIO,Pacific/Majuro,OpenFlights airports.dat
KIR,Europe/Dublin,OpenFlights airports.dat
KIS,Africa/Nairobi,OpenFlights airports.dat
KIT,Europe/Athens,OpenFlights airports.dat
KIV,Europe/Chisinau,OpenFlights airports.dat
KIW,Africa/Lusaka,OpenFlights airports.dat
KIX,Asia/Tokyo,OpenFlights airports.dat
KJA,Asia/Krasnoyarsk,OpenFlights airports.dat
KJI,Asia/Shanghai,OpenFlights airports.dat
KJK,Europe/Brussels,OpenFlights airports.dat
KJP,Asia/Tokyo,OpenFlights airports.dat
KKA,America/Anchorage,OpenFlights airports.dat
KKC,Asia/Bangkok,OpenFlights airports.dat
KKE,Pacific/Auckland,OpenFlights airports.dat
KKH,America/Anchorage,OpenFlights airports.dat
KKJ,Asia/Tokyo,OpenFlights airports.dat
KKN,Europe/Oslo,OpenFlights airports.dat
KKR,Pacific/Tahiti,OpenFlights airports.dat
KKS,Asia/Tehran,OpenFlights airports.dat
KKW,Africa/Kinshasa,OpenFlights airports.dat
KKX,Asia/Tokyo,OpenFlights airports.dat
KLC,Africa/Dakar,OpenFlights airports.dat
KLD,Europe/Moscow,OpenFlights airports.dat
KLF,Europe/Moscow,OpenFlights airports.dat
KLG,America/Anchorage,OpenFlights airports.dat
KLH,Asia/Calcutta,OpenFlights airports.dat
KLI,Africa/Kinshasa,OpenFlights airports.dat
KLM,Asia/Tehran,OpenFlights airports.dat
KLN,America/Anchorage,OpenFlights airports.dat
KLO,Asia/Manila,OpenFlights airports.dat
KLR,Europe/Stockholm,OpenFlights airports.dat
KLS,America/Los_Angeles,OpenFlights airports.dat
KLU,Europe/Vienna,OpenFlights airports.dat
KLV,Europe/Prague,OpenFlights airports.dat
KLW,America/Anchorage,OpenFlights airports.dat
KLX,Europe/Athens,OpenFlights airports.dat
KLZ,Africa/Johannesburg,OpenFlights airports.dat
KMA,Pacific/Port_Moresby,OpenFlights airports.dat
KMC,Asia/Riyadh,OpenFlights airports.dat
KME,Africa/Kigali,OpenFlights airports.dat
KMG,Asia/Shanghai,OpenFlights airports.dat
KMH,Africa/Johannesburg,OpenFlights airports.dat
KMI,Asia/Tokyo,OpenFlights airports.dat
KMJ,Asia/Tokyo,OpenFlights airports.dat
KMN,Africa/Lubumbashi,OpenFlights airports.dat
KMO,America/Anchorage,OpenFlights airports.dat
KMP,Africa/Windhoek,OpenFlights airports.dat
KMQ,Asia/Tokyo,OpenFlights airports.dat
KMS,Africa/Accra,OpenFlights airports.dat
KMU,Africa/Mogadishu,OpenFlights airports.dat
KMV,Asia/Rangoon,OpenFlights airports.dat
KMW,Europe/Moscow,OpenFlights airports.dat
KNA,America/Santiago,OpenFlights airports.dat
KND,Africa/Lubumbashi,OpenFlights airports.dat
KNF,Europe/London,OpenFlights airports.dat
KNG,Asia/Jayapura,OpenFlights airports.dat
KNH,Asia/Taipei,OpenFlights airports.dat
KNO,Asia/Jakarta,OpenFlights airports.dat
KNP,Africa/Luanda,OpenFlights airports.dat
KNQ,Pacific/Noumea,OpenFlights airports.dat
KNS,Australia/Melbourne,OpenFlights airports.dat
KNU,Asia/Calcutta,OpenFlights airports.dat
KNW,America/Anchorage,OpenFlights airports.dat
KNX,Australia/Perth,OpenFlights airports.dat
KOA,Pacific/Honolulu,OpenFlights airports.dat
KOC,Pacific/Noumea,OpenFlights airports.dat
KOE,Asia/Makassar,OpenFlights airports.dat
KOI,Europe/London,OpenFlights airports.dat
KOJ,Asia/Tokyo,OpenFlights airports.dat
KOK,Europe/Helsinki,OpenFlights airports.dat
KOP,Asia/Bangkok,OpenFlights airports.dat
KOQ,Europe/Berlin,OpenFlights airports.dat
KOS,Asia/Phnom_Penh,OpenFlights airports.dat
KOT,America/Anchorage,OpenFlights airports.dat
KOU,Africa/Libreville,OpenFlights airports.dat
KOV,Asia/Qyzylorda,OpenFlights airports.dat
KOW,Asia/Shanghai,OpenFlights airports.dat
KPC,America/Anchorage,OpenFlights airports.dat
KPN,America/Anchorage,OpenFlights airports.dat
KPO,Asia/Seoul,OpenFlights airports.dat
KPV,America/Anchorage,OpenFlights airports.dat
KQA,America/Anchorage,OpenFlights airports.dat
KQT,Asia/Dushanbe,OpenFlights airports.dat
KRB,Australia/Brisbane,OpenFlights airports.dat
KRF,Europe/Stockholm,OpenFlights airports.dat
KRH,Europe/London,OpenFlights airports.dat
KRI,Pacific/Port_Moresby,OpenFlights airports.dat
KRK,Europe/Warsaw,OpenFlights airports.dat
KRL,Asia/Shanghai,OpenFlights airports.dat
KRN,Europe/Stockholm,OpenFlights airports.dat
KRO,Asia/Yekaterinburg,OpenFlights airports.dat
KRP,Europe/Copenhagen,OpenFlights airports.dat
KRR,Europe/Moscow,OpenFlights airports.dat
KRS,Europe/Oslo,OpenFlights airports.dat
KRT,Africa/Khartoum,OpenFlights airports.dat
KRW,Asia/Ashgabat,OpenFlights airports.dat
KRY,Asia/Shanghai,OpenFlights airports.dat
KRZ,Africa/Kinshasa,OpenFlights airports.dat
KSA,Pacific/Kosrae,OpenFlights airports.dat
KSC,Europe/Bratislava,OpenFlights airports.dat
KSD,Europe/Stockholm,OpenFlights airports.dat
KSF,Europe/Berlin,OpenFlights airports.dat
KSH,Asia/Tehran,OpenFlights airports.dat
KSI,Africa/Conakry,OpenFlights airports.dat
KSJ,Europe/Athens,OpenFlights airports.dat
KSK,Europe/Stockholm,OpenFlights airports.dat
KSL,Africa/Khartoum,OpenFlights airports.dat
KSM,America/Anchorage,OpenFlights airports.dat
KSN,Asia/Qyzylorda,OpenFlights airports.dat
KSO,Europe/Athens,OpenFlights airports.dat
KSQ,Asia/Samarkand,OpenFlights airports.dat
KSS,Africa/Bamako,OpenFlights airports.dat
KSU,Europe/Oslo,OpenFlights airports.dat
KSY,Europe/Istanbul,OpenFlights airports.dat
KSZ,Europe/Moscow,OpenFlights airports.dat
KTA,Australia/Perth,OpenFlights airports.dat
KTD,Asia/Tokyo,OpenFlights airports.dat
KTE,Asia/Kuala_Lumpur,OpenFlights airports.dat
KTF,Pacific/Auckland,OpenFlights airports.dat
KTG,Asia/Jakarta,OpenFlights airports.dat
KTI,Asia/Phnom_Penh,OpenFlights airports.dat
KTL,Africa/Nairobi,OpenFlights airports.dat
KTM,Asia/Katmandu,OpenFlights airports.dat
KTN,America/Anchorage,OpenFlights airports.dat
KTP,America/Jamaica,OpenFlights airports.dat
KTQ,Europe/Helsinki,OpenFlights airports.dat
KTR,Australia/Darwin,OpenFlights airports.dat
KTS,America/Anchorage,OpenFlights airports.dat
KTT,Europe/Helsinki,OpenFlights airports.dat
KTU,Asia/Calcutta,OpenFlights airports.dat
KTW,Europe/Warsaw,OpenFlights airports.dat
KUA,Asia/Kuala_Lumpur,OpenFlights airports.dat
KUC,Pacific/Tarawa,OpenFlights airports.dat
KUD,Asia/Kuala_Lumpur,OpenFlights airports.dat
KUF,Europe/Samara,OpenFlights airports.dat
KUG,Australia/Brisbane,OpenFlights airports.dat
KUH,Asia/Tokyo,OpenFlights airports.dat
KUK,America/Anchorage,OpenFlights airports.dat
KUL,Asia/Kuala_Lumpur,OpenFlights airports.dat
KUM,Asia/Tokyo,OpenFlights airports.dat
KUN,Europe/Vilnius,OpenFlights airports.dat
KUO,Europe/Helsinki,OpenFlights airports.dat
KUT,Asia/Tbilisi,OpenFlights airports.dat
KUU,Asia/Calcutta,OpenFlights airports.dat
KUV,Asia/Seoul,OpenFlights airports.dat
KVA,Europe/Athens,OpenFlights airports.dat
KVB,Europe/Stockholm,OpenFlights airports.dat
KVC,America/Anchorage,OpenFlights airports.dat
KVD,Asia/Baku,OpenFlights airports.dat
KVG,Pacific/Port_Moresby,OpenFlights airports.dat
KVK,Europe/Moscow,OpenFlights airports.dat
KVL,America/Anchorage,OpenFlights airports.dat
KVM,Asia/Anadyr,OpenFlights airports.dat
KVR,Asia/Vladivostok,OpenFlights airports.dat
KVX,Europe/Moscow,OpenFlights airports.dat
KWA,Pacific/Majuro,OpenFlights airports.dat
KWE,Asia/Shanghai,OpenFlights airports.dat
KWG,Europe/Kiev,OpenFlights airports.dat
KWI,Asia/Kuwait,OpenFlights airports.dat
KWJ,Asia/Seoul,OpenFlights airports.dat
KWK,America/Anchorage,OpenFlights airports.dat
KWL,Asia/Shanghai,OpenFlights airports.dat
KWM,Australia/Brisbane,OpenFlights airports.dat
KWN,America/Anchorage,OpenFlights airports.dat
KWT,America/Anchorage,OpenFlights airports.dat
KWZ,Africa/Lubumbashi,OpenFlights airports.dat
KXE,Africa/Johannesburg,OpenFlights airports.dat
KXF,Pacific/Fiji,OpenFlights airports.dat
KXK,Asia/Vladivostok,OpenFlights airports.dat
KYA,Europe/Istanbul,OpenFlights airports.dat
KYD,Asia/Taipei,OpenFlights airports.dat
KYE,Asia/Beirut,OpenFlights airports.dat
KYI,Australia/Adelaide,OpenFlights airports.dat
KYK,America/Anchorage,OpenFlights airports.dat
KYP,Asia/Rangoon,OpenFlights airports.dat
KYS,Africa/Bamako,OpenFlights airports.dat
KYU,America/Anchorage,OpenFlights airports.dat
KYZ,Asia/Krasnoyarsk,OpenFlights airports.dat
KZC,Asia/Phnom_Penh,OpenFlights airports.dat
KZG,Europe/Berlin,OpenFlights airports.dat
KZI,Europe/Athens,OpenFlights airports.dat
KZN,Europe/Moscow,OpenFlights airports.dat
KZO,Asia/Qyzylorda,OpenFlights airports.dat
KZR,Europe/Istanbul,OpenFlights airports.dat
KZS,Europe/Athens,OpenFlights airports.dat
LAA,America/Denver,OpenFlights airports.dat
LAD,Africa/Luanda,OpenFlights airports.dat
LAE,Pacific/Port_Moresby,OpenFlights airports.dat
LAF,America/New_York,OpenFlights airports.dat
LAI,Europe/Paris,OpenFlights airports.dat
LAJ,America/Sao_Paulo,OpenFlights airports.dat
LAK,America/Edmonton,OpenFlights airports.dat
LAL,America/New_York,OpenFlights airports.dat
LAM,America/Denver,OpenFlights airports.dat
LAN,America/New_York,OpenFlights airports.dat
LAO,Asia/Manila,OpenFlights airports.dat
LAP,America/Mazatlan,OpenFlights airports.dat
LAQ,Africa/Tripoli,OpenFlights airports.dat
LAR,America/Denver,OpenFlights airports.dat
LAS,America/Los_Angeles,OpenFlights airports.dat
LAU,Africa/Nairobi,OpenFlights airports.dat
LAW,America/Chicago,OpenFlights airports.dat
LAX,America/Los_Angeles,OpenFlights airports.dat
LAY,Africa/Johannesburg,OpenFlights airports.dat
LAZ,America/Fortaleza,OpenFlights airports.dat
LBA,Europe/London,OpenFlights airports.dat
LBB,America/Chicago,OpenFlights airports.dat
LBC,Europe/Berlin,OpenFlights airports.dat
LBD,Asia/Dushanbe,OpenFlights airports.dat
LBE,America/New_York,OpenFlights airports.dat
LBF,America/Chicago,OpenFlights airports.dat
LBG,Europe/Paris,OpenFlights airports.dat
LBI,Europe/Paris,OpenFlights airports.dat
LBJ,Asia/Makassar,OpenFlights airports.dat
LBL,America/Chicago,OpenFlights airports.dat
LBQ,Africa/Libreville,OpenFlights airports.dat
LBR,America/Boa_Vista,OpenFlights airports.dat
LBS,Pacific/Fiji,OpenFlights airports.dat
LBT,America/New_York,OpenFlights airports.dat
LBU,Asia/Kuala_Lumpur,OpenFlights airports.dat
LBV,Africa/Libreville,OpenFlights airports.dat
LBW,Asia/Makassar,OpenFlights airports.dat
LBX,Asia/Manila,OpenFlights airports.dat
LBY,Europe/Paris,OpenFlights airports.dat
LBZ,Africa/Luanda,OpenFlights airports.dat
LCA,Asia/Nicosia,OpenFlights airports.dat
LCC,Europe/Rome,OpenFlights airports.dat
LCE,America/Tegucigalpa,OpenFlights airports.dat
LCG,Europe/Madrid,OpenFlights airports.dat
LCH,America/Chicago,OpenFlights airports.dat
LCJ,Europe/Warsaw,OpenFlights airports.dat
LCK,America/New_York,OpenFlights airports.dat
LCL,America/Havana,OpenFlights airports.dat
LCQ,America/New_York,OpenFlights airports.dat
LCX,Asia/Shanghai,OpenFlights airports.dat
LCY,Europe/London,OpenFlights airports.dat
LDB,America/Sao_Paulo,OpenFlights airports.dat
LDE,Europe/Paris,OpenFlights airports.dat
LDG,Europe/Moscow,OpenFlights airports.dat
LDH,Australia/Lord_Howe,OpenFlights airports.dat
LDI,Africa/Dar_es_Salaam,OpenFlights airports.dat
LDJ,America/New_York,OpenFlights airports.dat
LDK,Europe/Stockholm,OpenFlights airports.dat
LDN,Asia/Katmandu,OpenFlights airports.dat
LDS,Asia/Shanghai,OpenFlights airports.dat
LDU,Asia/Kuala_Lumpur,OpenFlights airports.dat
LDV,Europe/Paris,OpenFlights airports.dat
LDX,America/Cayenne,OpenFlights airports.dat
LDY,Europe/London,OpenFlights airports.dat
LEA,Australia/Perth,OpenFlights airports.dat
LEB,America/New_York,OpenFlights airports.dat
LEC,America/Fortaleza,OpenFlights airports.dat
LED,Europe/Moscow,OpenFlights airports.dat
LEH,Europe/Paris,OpenFlights airports.dat
LEI,Europe/Madrid,OpenFlights airports.dat
LEJ,Europe/Berlin,OpenFlights airports.dat
LEK,Africa/Conakry,OpenFlights airports.dat
LEL,Australia/Darwin,OpenFlights airports.dat
LEN,Europe/Madrid,OpenFlights airports.dat
LEQ,Europe/London,OpenFlights airports.dat
LER,Australia/Perth,OpenFlights airports.dat
LET,America/Bogota,OpenFlights airports.dat
LEU,Europe/Madrid,OpenFlights airports.dat
LEV,Pacific/Fiji,OpenFlights airports.dat
LEW,America/New_York,OpenFlights airports.dat
LEX,America/New_York,OpenFlights airports.dat
LEY,Europe/Amsterdam,OpenFlights airports.dat
LFB,Africa/Maputo,OpenFlights airports.dat
LFI,America/New_York,OpenFlights airports.dat
LFK,America/Chicago,OpenFlights airports.dat
LFM,Asia/Tehran,OpenFlights airports.dat
LFR,America/Caracas,OpenFlights airports.dat
LFT,America/Chicago,OpenFlights airports.dat
LFW,Africa/Lome,OpenFlights airports.dat
LGA,America/New_York,OpenFlights airports.dat
LGB,America/Los_Angeles,OpenFlights airports.dat
LGC,America/New_York,OpenFlights airports.dat
LGG,Europe/Brussels,OpenFlights airports.dat
LGH,Australia/Adelaide,OpenFlights airports.dat
LGI,America/Nassau,OpenFlights airports.dat
LGK,Asia/Kuala_Lumpur,OpenFlights airports.dat
LGL,Asia/Kuala_Lumpur,OpenFlights airports.dat
LGO,Europe/Berlin,OpenFlights airports.dat
LGP,Asia/Manila,OpenFlights airports.dat
LGS,America/Mendoza,OpenFlights airports.dat
LGU,America/Denver,OpenFlights airports.dat
LGW,Europe/London,OpenFlights airports.dat
LHA,Europe/Berlin,OpenFlights airports.dat
LHE,Asia/Karachi,OpenFlights airports.dat
LHG,Australia/Sydney,OpenFlights airports.dat
LHR,Europe/London,OpenFlights airports.dat
LHS,America/Argentina/Rio_Gallegos,OpenFlights airports.dat
LHV,America/New_York,OpenFlights airports.dat
LHW,Asia/Shanghai,OpenFlights airports.dat
LID,Europe/Amsterdam,OpenFlights airports.dat
LIF,Pacific/Noumea,OpenFlights airports.dat
LIG,Europe/Paris,OpenFlights airports.dat
LIH,Pacific/Honolulu,OpenFlights airports.dat
LII,Asia/Jayapura,OpenFlights airports.dat
LIL,Europe/Paris,OpenFlights airports.dat
LIM,America/Lima,OpenFlights airports.dat
LIN,Europe/Rome,OpenFlights airports.dat
LIO,America/Costa_Rica,OpenFlights airports.dat
LIP,America/Sao_Paulo,OpenFlights airports.dat
LIQ,Africa/Kinshasa,OpenFlights airports.dat
LIR,America/Costa_Rica,OpenFlights airports.dat
LIS,Europe/Lisbon,OpenFlights airports.dat
LIT,America/Chicago,OpenFlights airports.dat
LIW,Asia/Rangoon,OpenFlights airports.dat
LIX,Africa/Blantyre,OpenFlights airports.dat
LIY,America/New_York,OpenFlights airports.dat
LJA,Africa/Lubumbashi,OpenFlights airports.dat
LJG,Asia/Shanghai,OpenFlights airports.dat
LJN,America/Chicago,OpenFlights airports.dat
LJU,Europe/Ljubljana,OpenFlights airports.dat
LKB,Pacific/Fiji,OpenFlights airports.dat
LKG,Africa/Nairobi,OpenFlights airports.dat
LKH,Asia/Kuala_Lumpur,OpenFlights airports.dat
LKL,Europe/Oslo,OpenFlights airports.dat
LKN,Europe/Oslo,OpenFlights airports.dat
LKO,Asia/Calcutta,OpenFlights airports.dat
LKP,America/New_York,OpenFlights airports.dat
LKV,America/Los_Angeles,OpenFlights airports.dat
LKY,Africa/Dar_es_Salaam,OpenFlights airports.dat
LKZ,Europe/London,OpenFlights airports.dat
LLA,Europe/Stockholm,OpenFlights airports.dat
LLE,Africa/Johannesburg,OpenFlights airports.dat
LLF,Asia/Shanghai,OpenFlights airports.dat
LLI,Africa/Addis_Ababa,OpenFlights airports.dat
LLK,Asia/Baku,OpenFlights airports.dat
LLU,America/Godthab,OpenFlights airports.dat
LLV,Asia/Shanghai,OpenFlights airports.dat
LLW,Africa/Blantyre,OpenFlights airports.dat
LLY,America/New_York,OpenFlights airports.dat
LMA,America/Anchorage,OpenFlights airports.dat
LME,Europe/Paris,OpenFlights airports.dat
LMM,America/Mazatlan,OpenFlights airports.dat
LMN,Asia/Kuala_Lumpur,OpenFlights airports.dat
LMO,Europe/London,OpenFlights airports.dat
LMP,Europe/Rome,OpenFlights airports.dat
LMQ,Africa/Tripoli,OpenFlights airports.dat
LMT,America/Los_Angeles,OpenFlights airports.dat
LNA,America/New_York,OpenFlights airports.dat
LNB,Pacific/Efate,OpenFlights airports.dat
LND,America/Denver,OpenFlights airports.dat
LNE,Pacific/Efate,OpenFlights airports.dat
LNJ,Asia/Shanghai,OpenFlights airports.dat
LNK,America/Chicago,OpenFlights airports.dat
LNN,America/New_York,OpenFlights airports.dat
LNO,Australia/Perth,OpenFlights airports.dat
LNR,America/Chicago,OpenFlights airports.dat
LNS,America/New_York,OpenFlights airports.dat
LNY,Pacific/Honolulu,OpenFlights airports.dat
LNZ,Europe/Vienna,OpenFlights airports.dat
LOD,Pacific/Efate,OpenFlights airports.dat
LOE,Asia/Bangkok,OpenFlights airports.dat
LOH,America/Guayaquil,OpenFlights airports.dat
LOK,Africa/Nairobi,OpenFlights airports.dat
LOO,Africa/Algiers,OpenFlights airports.dat
LOP,Asia/Makassar,OpenFlights airports.dat
LOS,Africa/Lagos,OpenFlights airports.dat
LOT,America/Chicago,OpenFlights airports.dat
LOU,America/New_York,OpenFlights airports.dat
LOV,America/Mexico_City,OpenFlights airports.dat
LOZ,America/New_York,OpenFlights airports.dat
LPA,Atlantic/Canary,OpenFlights airports.dat
LPB,America/La_Paz,OpenFlights airports.dat
LPC,America/Los_Angeles,OpenFlights airports.dat
LPD,America/Bogota,OpenFlights airports.dat
LPG,America/Buenos_Aires,OpenFlights airports.dat
LPI,Europe/Stockholm,OpenFlights airports.dat
LPK,Europe/Moscow,OpenFlights airports.dat
LPL,Europe/London,OpenFlights airports.dat
LPM,Pacific/Efate,OpenFlights airports.dat
LPP,Europe/Helsinki,OpenFlights airports.dat
LPQ,Asia/Vientiane,OpenFlights airports.dat
LPS,America/Los_Angeles,OpenFlights airports.dat
LPT,Asia/Bangkok,OpenFlights airports.dat
LPU,Asia/Makassar,OpenFlights airports.dat
LPX,Europe/Riga,OpenFlights airports.dat
LPY,Europe/Paris,OpenFlights airports.dat
LQM,America/Bogota,OpenFlights airports.dat
LRA,Europe/Athens,OpenFlights airports.dat
LRD,America/Chicago,OpenFlights airports.dat
LRE,Australia/Brisbane,OpenFlights airports.dat
LRF,America/Chicago,OpenFlights airports.dat
LRH,Europe/Paris,OpenFlights airports.dat
LRL,Africa/Lome,OpenFlights airports.dat
LRM,America/Santo_Domingo,OpenFlights airports.dat
LRR,Asia/Tehran,OpenFlights airports.dat
LRS,Europe/Athens,OpenFlights airports.dat
LRT,Europe/Paris,OpenFlights airports.dat
LRU,America/Denver,OpenFlights airports.dat
LRV,America/Caracas,OpenFlights airports.dat
LSC,America/Santiago,OpenFlights airports.dat
LSE,America/Chicago,OpenFlights airports.dat
LSF,America/New_York,OpenFlights airports.dat
LSH,Asia/Rangoon,OpenFlights airports.dat
LSI,Europe/London,OpenFlights airports.dat
LSL,America/Costa_Rica,OpenFlights airports.dat
LSP,America/Caracas,OpenFlights airports.dat
LSQ,America/Santiago,OpenFlights airports.dat
LSS,America/Guadeloupe,OpenFlights airports.dat
LST,Australia/Melbourne,OpenFlights airports.dat
LSV,America/Los_Angeles,OpenFlights airports.dat
LSW,Asia/Jakarta,OpenFlights airports.dat
LSX,Asia/Jakarta,OpenFlights airports.dat
LSY,Australia/Sydney,OpenFlights airports.dat
LSZ,Europe/Zagreb,OpenFlights airports.dat
LTA,Africa/Johannesburg,OpenFlights airports.dat
LTD,Africa/Tripoli,OpenFlights airports.dat
LTI,Asia/Ulaanbaatar,OpenFlights airports.dat
LTK,Asia/Damascus,OpenFlights airports.dat
LTM,America/Guyana,OpenFlights airports.dat
LTN,Europe/London,OpenFlights airports.dat
LTO,America/Mazatlan,OpenFlights airports.dat
LTQ,Europe/Paris,OpenFlights airports.dat
LTS,America/Chicago,OpenFlights airports.dat
LTT,Europe/Paris,OpenFlights airports.dat
LTX,America/Guayaquil,OpenFlights airports.dat
LUA,Asia/Katmandu,OpenFlights airports.dat
LUD,Africa/Windhoek,OpenFlights airports.dat
LUF,America/Phoenix,OpenFlights airports.dat
LUG,Europe/Zurich,OpenFlights airports.dat
LUH,Asia/Calcutta,OpenFlights airports.dat
LUK,America/New_York,OpenFlights airports.dat
LUM,Asia/Shanghai,OpenFlights airports.dat
LUN,Africa/Lusaka,OpenFlights airports.dat
LUO,Africa/Luanda,OpenFlights airports.dat
LUP,Pacific/Honolulu,OpenFlights airports.dat
LUQ,America/Argentina/San_Luis,OpenFlights airports.dat
LUR,America/Anchorage,OpenFlights airports.dat
LUV,Asia/Jayapura,OpenFlights airports.dat
LUW,Asia/Makassar,OpenFlights airports.dat
LUX,Europe/Luxembourg,OpenFlights airports.dat
LUZ,Europe/Warsaw,OpenFlights airports.dat
LVA,Europe/Paris,OpenFlights airports.dat
LVI,Africa/Lusaka,OpenFlights airports.dat
LVK,America/Los_Angeles,OpenFlights airports.dat
LVM,America/Denver,OpenFlights airports.dat
LVO,Australia/Perth,OpenFlights airports.dat
LVP,Asia/Tehran,OpenFlights airports.dat
LVS,America/Denver,OpenFlights airports.dat
LWB,America/New_York,OpenFlights airports.dat
LWC,America/Chicago,OpenFlights airports.dat
LWK,Europe/London,OpenFlights airports.dat
LWM,America/New_York,OpenFlights airports.dat
LWN,Asia/Yerevan,OpenFlights airports.dat
LWO,Europe/Kiev,OpenFlights airports.dat
LWR,Europe/Amsterdam,OpenFlights airports.dat
LWS,America/Los_Angeles,OpenFlights airports.dat
LWT,America/Denver,OpenFlights airports.dat
LWY,Asia/Kuala_Lumpur,OpenFlights airports.dat
LXA,Asia/Shanghai,OpenFlights airports.dat
LXG,Asia/Vientiane,OpenFlights airports.dat
LXR,Africa/Cairo,OpenFlights airports.dat
LXS,Europe/Athens,OpenFlights airports.dat
LYA,Asia/Shanghai,OpenFlights airports.dat
LYB,America/Cayman,OpenFlights airports.dat
LYC,Europe/Stockholm,OpenFlights airports.dat
LYE,Europe/London,OpenFlights airports.dat
LYG,Asia/Shanghai,OpenFlights airports.dat
LYH,America/New_York,OpenFlights airports.dat
LYI,Asia/Shanghai,OpenFlights airports.dat
LYM,Europe/London,OpenFlights airports.dat
LYN,Europe/Paris,OpenFlights airports.dat
LYP,Asia/Karachi,OpenFlights airports.dat
LYR,Arctic/Longyearbyen,OpenFlights airports.dat
LYS,Europe/Paris,OpenFlights airports.dat
LYU,America/Chicago,OpenFlights airports.dat
LYX,Europe/London,OpenFlights airports.dat
LZC,America/Mexico_City,OpenFlights airports.dat
LZH,Asia/Shanghai,OpenFlights airports.dat
LZN,Asia/Taipei,OpenFlights airports.dat
LZO,Asia/Shanghai,OpenFlights airports.dat
LZR,Australia/Brisbane,OpenFlights airports.dat
LZU,America/New_York,OpenFlights airports.dat
LZY,Asia/Shanghai,OpenFlights airports.dat
MAA,Asia/Calcutta,OpenFlights airports.dat
MAB,America/Belem,OpenFlights airports.dat
MAD,Europe/Madrid,OpenFlights airports.dat
MAE,America/Los_Angeles,OpenFlights airports.dat
MAF,America/Chicago,OpenFlights airports.dat
MAG,Pacific/Port_Moresby,OpenFlights airports.dat
MAH,Europe/Madrid,OpenFlights airports.dat
MAJ,Pacific/Majuro,OpenFlights airports.dat
MAK,Africa/Juba,OpenFlights airports.dat
MAM,America/Mexico_City,OpenFlights airports.dat
MAN,Europe/London,OpenFlights airports.dat
MAO,America/Boa_Vista,OpenFlights airports.dat
MAQ,Asia/Bangkok,OpenFlights airports.dat
MAR,America/Caracas,OpenFlights airports.dat
MAS,Pacific/Port_Moresby,OpenFlights airports.dat
MAT,Africa/Kinshasa,OpenFlights airports.dat
MAU,Pacific/Tahiti,OpenFlights airports.dat
MAX,Africa/Dakar,OpenFlights airports.dat
MAY,America/Nassau,OpenFlights airports.dat
MAZ,America/Puerto_Rico,OpenFlights airports.dat
MBA,Africa/Nairobi,OpenFlights airports.dat
MBD,Africa/Johannesburg,OpenFlights airports.dat
MBE,Asia/Tokyo,OpenFlights airports.dat
MBH,Australia/Brisbane,OpenFlights airports.dat
MBJ,America/Jamaica,OpenFlights airports.dat
MBL,America/New_York,OpenFlights airports.dat
MBO,Asia/Manila,OpenFlights airports.dat
MBS,America/New_York,OpenFlights airports.dat
MBT,Asia/Manila,OpenFlights airports.dat
MBU,Pacific/Guadalcanal,OpenFlights airports.dat
MBW,Australia/Hobart,OpenFlights airports.dat
MBX,Europe/Ljubljana,OpenFlights airports.dat
MBZ,America/Boa_Vista,OpenFlights airports.dat
MCC,America/Los_Angeles,OpenFlights airports.dat
MCE,America/Los_Angeles,OpenFlights airports.dat
MCF,America/New_York,OpenFlights airports.dat
MCG,America/Anchorage,OpenFlights airports.dat
MCH,America/Guayaquil,OpenFlights airports.dat
MCI,America/Chicago,OpenFlights airports.dat
MCJ,America/Bogota,OpenFlights airports.dat
MCK,America/Chicago,OpenFlights airports.dat
MCL,America/Anchorage,OpenFlights airports.dat
MCN,America/New_York,OpenFlights airports.dat
MCO,America/New_York,OpenFlights airports.dat
MCP,America/Fortaleza,OpenFlights airports.dat
MCS,America/Cordoba,OpenFlights airports.dat
MCT,Asia/Muscat,OpenFlights airports.dat
MCU,Europe/Paris,OpenFlights airports.dat
MCV,Australia/Darwin,OpenFlights airports.dat
MCW,America/Chicago,OpenFlights airports.dat
MCX,Europe/Moscow,OpenFlights airports.dat
MCY,Australia/Brisbane,OpenFlights airports.dat
MCZ,America/Fortaleza,OpenFlights airports.dat
MDC,Asia/Makassar,OpenFlights airports.dat
MDE,America/Bogota,OpenFlights airports.dat
MDG,Asia/Shanghai,OpenFlights airports.dat
MDI,Africa/Lagos,OpenFlights airports.dat
MDK,Africa/Kinshasa,OpenFlights airports.dat
MDL,Asia/Rangoon,OpenFlights airports.dat
MDQ,America/Buenos_Aires,OpenFlights airports.dat
MDS,America/Grand_Turk,OpenFlights airports.dat
MDT,America/New_York,OpenFlights airports.dat
MDU,Pacific/Port_Moresby,OpenFlights airports.dat
MDW,America/Chicago,OpenFlights airports.dat
MDY,Pacific/Midway,OpenFlights airports.dat
MDZ,America/Mendoza,OpenFlights airports.dat
MEA,America/Sao_Paulo,OpenFlights airports.dat
MEB,Australia/Hobart,OpenFlights airports.dat
MEC,America/Guayaquil,OpenFlights airports.dat
MED,Asia/Riyadh,OpenFlights airports.dat
MEE,Pacific/Noumea,OpenFlights airports.dat
MEG,Africa/Luanda,OpenFlights airports.dat
MEH,Europe/Oslo,OpenFlights airports.dat
MEI,America/Chicago,OpenFlights airports.dat
MEK,Africa/Casablanca,OpenFlights airports.dat
MEL,Australia/Hobart,OpenFlights airports.dat
MEM,America/Chicago,OpenFlights airports.dat
MEN,Europe/Paris,OpenFlights airports.dat
MEO,America/New_York,OpenFlights airports.dat
MER,America/Los_Angeles,OpenFlights airports.dat
MES,Asia/Jakarta,OpenFlights airports.dat
MEU,America/Belem,OpenFlights airports.dat
MEX,America/Mexico_City,OpenFlights airports.dat
MEY,Asia/Katmandu,OpenFlights airports.dat
MFA,Africa/Dar_es_Salaam,OpenFlights airports.dat
MFD,America/New_York,OpenFlights airports.dat
MFE,America/Chicago,OpenFlights airports.dat
MFG,Asia/Karachi,OpenFlights airports.dat
MFI,America/Chicago,OpenFlights airports.dat
MFJ,Pacific/Fiji,OpenFlights airports.dat
MFK,Asia/Taipei,OpenFlights airports.dat
MFM,Asia/Macau,OpenFlights airports.dat
MFN,Pacific/Auckland,OpenFlights airports.dat
MFQ,Africa/Niamey,OpenFlights airports.dat
MFR,America/Los_Angeles,OpenFlights airports.dat
MFU,Africa/Lusaka,OpenFlights airports.dat
MFX,Europe/Paris,OpenFlights airports.dat
MGA,America/Managua,OpenFlights airports.dat
MGB,Australia/Adelaide,OpenFlights airports.dat
MGC,America/Chicago,OpenFlights airports.dat
MGE,America/New_York,OpenFlights airports.dat
MGF,America/Sao_Paulo,OpenFlights airports.dat
MGH,Africa/Johannesburg,OpenFlights airports.dat
MGJ,America/New_York,OpenFlights airports.dat
MGL,Europe/Berlin,OpenFlights airports.dat
MGM,America/Chicago,OpenFlights airports.dat
MGN,America/Bogota,OpenFlights airports.dat
MGQ,Africa/Mogadishu,OpenFlights airports.dat
MGS,Pacific/Rarotonga,OpenFlights airports.dat
MGT,Australia/Darwin,OpenFlights airports.dat
MGW,America/New_York,OpenFlights airports.dat
MGY,America/New_York,OpenFlights airports.dat
MGZ,Asia/Rangoon,OpenFlights airports.dat
MHA,America/Guyana,OpenFlights airports.dat
MHC,America/Santiago,OpenFlights airports.dat
MHD,Asia/Tehran,OpenFlights airports.dat
MHG,Europe/Berlin,OpenFlights airports.dat
MHH,America/Nassau,OpenFlights airports.dat
MHK,America/Chicago,OpenFlights airports.dat
MHP,Europe/Minsk,OpenFlights airports.dat
MHQ,Europe/Mariehamn,OpenFlights airports.dat
MHR,America/Los_Angeles,OpenFlights airports.dat
MHT,America/New_York,OpenFlights airports.dat
MHU,Australia/Hobart,OpenFlights airports.dat
MHV,America/Los_Angeles,OpenFlights airports.dat
MHX,Pacific/Rarotonga,OpenFlights airports.dat
MHZ,Europe/London,OpenFlights airports.dat
MIA,America/New_York,OpenFlights airports.dat
MIB,America/Chicago,OpenFlights airports.dat
MID,America/Mexico_City,OpenFlights airports.dat
MIE,America/New_York,OpenFlights airports.dat
MIG,Asia/Shanghai,OpenFlights airports.dat
MII,America/Sao_Paulo,OpenFlights airports.dat
MIJ,Pacific/Majuro,OpenFlights airports.dat
MIK,Europe/Helsinki,OpenFlights airports.dat
MIM,Australia/Sydney,OpenFlights airports.dat
MIP,Asia/Jerusalem,OpenFlights airports.dat
MIR,Africa/Tunis,OpenFlights airports.dat
MIS,Pacific/Port_Moresby,OpenFlights airports.dat
MIU,Africa/Lagos,OpenFlights airports.dat
MIV,America/New_York,OpenFlights airports.dat
MJA,Indian/Antananarivo,OpenFlights airports.dat
MJC,Africa/Abidjan,OpenFlights airports.dat
MJD,Asia/Karachi,OpenFlights airports.dat
MJF,Europe/Oslo,OpenFlights airports.dat
MJI,Africa/Tripoli,OpenFlights airports.dat
MJK,Australia/Perth,OpenFlights airports.dat
MJL,Africa/Libreville,OpenFlights airports.dat
MJM,Africa/Lubumbashi,OpenFlights airports.dat
MJN,Indian/Antananarivo,OpenFlights airports.dat
MJT,Europe/Athens,OpenFlights airports.dat
MJV,Europe/Madrid,OpenFlights airports.dat
MJZ,Asia/Yakutsk,OpenFlights airports.dat
MKC,America/Chicago,OpenFlights airports.dat
MKE,America/Chicago,OpenFlights airports.dat
MKG,America/New_York,OpenFlights airports.dat
MKK,Pacific/Honolulu,OpenFlights airports.dat
MKL,America/Chicago,OpenFlights airports.dat
MKM,Asia/Kuala_Lumpur,OpenFlights airports.dat
MKP,Pacific/Tahiti,OpenFlights airports.dat
MKQ,Asia/Jayapura,OpenFlights airports.dat
MKR,Australia/Perth,OpenFlights airports.dat
MKS,Africa/Addis_Ababa,OpenFlights airports.dat
MKU,Africa/Libreville,OpenFlights airports.dat
MKW,Asia/Jayapura,OpenFlights airports.dat
MKY,Australia/Brisbane,OpenFlights airports.dat
MKZ,Asia/Kuala_Lumpur,OpenFlights airports.dat
MLA,Europe/Malta,OpenFlights airports.dat
MLB,America/New_York,OpenFlights airports.dat
MLC,America/Chicago,OpenFlights airports.dat
MLE,Indian/Maldives,OpenFlights airports.dat
MLG,Asia/Jakarta,OpenFlights airports.dat
MLI,America/Chicago,OpenFlights airports.dat
MLL,America/Anchorage,OpenFlights airports.dat
MLM,America/Mexico_City,OpenFlights airports.dat
MLN,Europe/Madrid,OpenFlights airports.dat
MLO,Europe/Athens,OpenFlights airports.dat
MLS,America/Denver,OpenFlights airports.dat
MLU,America/Chicago,OpenFlights airports.dat
MLW,Africa/Monrovia,OpenFlights airports.dat
MLX,Europe/Istanbul,OpenFlights airports.dat
MLY,America/Anchorage,OpenFlights airports.dat
MMB,Asia/Tokyo,OpenFlights airports.dat
MMD,Asia/Tokyo,OpenFlights airports.dat
MME,Europe/London,OpenFlights airports.dat
MMG,Australia/Perth,OpenFlights airports.dat
MMH,America/Los_Angeles,OpenFlights airports.dat
MMI,America/New_York,OpenFlights airports.dat
MMJ,Asia/Tokyo,OpenFlights airports.dat
MMK,Europe/Moscow,OpenFlights airports.dat
MMO,Atlantic/Cape_Verde,OpenFlights airports.dat
MMU,America/New_York,OpenFlights airports.dat
MMX,Europe/Stockholm,OpenFlights airports.dat
MMY,Asia/Tokyo,OpenFlights airports.dat
MMZ,Asia/Kabul,OpenFlights airports.dat
MNB,Africa/Kinshasa,OpenFlights airports.dat
MNC,Africa/Maputo,OpenFlights airports.dat
MNF,Pacific/Fiji,OpenFlights airports.dat
MNG,Australia/Darwin,OpenFlights airports.dat
MNI,America/Montserrat,OpenFlights airports.dat
MNJ,Indian/Antananarivo,OpenFlights airports.dat
MNK,Pacific/Tarawa,OpenFlights airports.dat
MNL,Asia/Manila,OpenFlights airports.dat
MNM,America/Chicago,OpenFlights airports.dat
MNR,Africa/Lusaka,OpenFlights airports.dat
MNU,Asia/Rangoon,OpenFlights airports.dat
MNX,America/Boa_Vista,OpenFlights airports.dat
MNY,Pacific/Guadalcanal,OpenFlights airports.dat
MNZ,America/New_York,OpenFlights airports.dat
MOA,America/Havana,OpenFlights airports.dat
MOB,America/Chicago,OpenFlights airports.dat
MOC,America/Sao_Paulo,OpenFlights airports.dat
MOD,America/Los_Angeles,OpenFlights airports.dat
MOE,Asia/Rangoon,OpenFlights airports.dat
MOF,Asia/Makassar,OpenFlights airports.dat
MOG,Asia/Rangoon,OpenFlights airports.dat
MOI,Pacific/Rarotonga,OpenFlights airports.dat
MOJ,America/Paramaribo,OpenFlights airports.dat
MOL,Europe/Oslo,OpenFlights airports.dat
MON,Pacific/Auckland,OpenFlights airports.dat
MOO,Australia/Adelaide,OpenFlights airports.dat
MOQ,Indian/Antananarivo,OpenFlights airports.dat
MOT,America/Chicago,OpenFlights airports.dat
MOU,America/Anchorage,OpenFlights airports.dat
MOV,Australia/Brisbane,OpenFlights airports.dat
MOZ,Pacific/Tahiti,OpenFlights airports.dat
MPA,Africa/Windhoek,OpenFlights airports.dat
MPH,Asia/Manila,OpenFlights airports.dat
MPK,Asia/Seoul,OpenFlights airports.dat
MPL,Europe/Paris,OpenFlights airports.dat
MPM,Africa/Maputo,OpenFlights airports.dat
MPN,Atlantic/Stanley,OpenFlights airports.dat
MPV,America/New_York,OpenFlights airports.dat
MPW,Europe/Kiev,OpenFlights airports.dat
MPY,America/Cayenne,OpenFlights airports.dat
MQC,America/Miquelon,OpenFlights airports.dat
MQF,Asia/Yekaterinburg,OpenFlights airports.dat
MQH,America/Sao_Paulo,OpenFlights airports.dat
MQJ,Asia/Srednekolymsk,OpenFlights airports.dat
MQL,Australia/Hobart,OpenFlights airports.dat
MQM,Europe/Istanbul,OpenFlights airports.dat
MQN,Europe/Oslo,OpenFlights airports.dat
MQP,Africa/Johannesburg,OpenFlights airports.dat
MQQ,Africa/Ndjamena,OpenFlights airports.dat
MQS,America/St_Vincent,OpenFlights airports.dat
MQT,America/New_York,OpenFlights airports.dat
MQU,America/Bogota,OpenFlights airports.dat
MQX,Africa/Addis_Ababa,OpenFlights airports.dat
MQY,America/Chicago,OpenFlights airports.dat
MRB,America/New_York,OpenFlights airports.dat
MRD,America/Caracas,OpenFlights airports.dat
MRE,Africa/Nairobi,OpenFlights airports.dat
MRI,America/Anchorage,OpenFlights airports.dat
MRK,America/New_York,OpenFlights airports.dat
MRN,America/New_York,OpenFlights airports.dat
MRO,Pacific/Auckland,OpenFlights airports.dat
MRQ,Asia/Manila,OpenFlights airports.dat
MRR,America/Guayaquil,OpenFlights airports.dat
MRS,Europe/Paris,OpenFlights airports.dat
MRU,Indian/Mauritius,OpenFlights airports.dat
MRV,Europe/Moscow,OpenFlights airports.dat
MRW,Europe/Copenhagen,OpenFlights airports.dat
MRX,Asia/Tehran,OpenFlights airports.dat
MRY,America/Los_Angeles,OpenFlights airports.dat
MRZ,Australia/Sydney,OpenFlights airports.dat
MSA,America/Winnipeg,OpenFlights airports.dat
MSC,America/Phoenix,OpenFlights airports.dat
MSE,Europe/London,OpenFlights airports.dat
MSH,Asia/Muscat,OpenFlights airports.dat
MSJ,Asia/Tokyo,OpenFlights airports.dat
MSL,America/Chicago,OpenFlights airports.dat
MSN,America/Chicago,OpenFlights airports.dat
MSO,America/Denver,OpenFlights airports.dat
MSP,America/Chicago,OpenFlights airports.dat
MSQ,Europe/Minsk,OpenFlights airports.dat
MSR,Europe/Istanbul,OpenFlights airports.dat
MSS,America/New_York,OpenFlights airports.dat
MST,Europe/Amsterdam,OpenFlights airports.dat
MSU,Africa/Maseru,OpenFlights airports.dat
MSW,Africa/Asmera,OpenFlights airports.dat
MSY,America/Chicago,OpenFlights airports.dat
MSZ,Africa/Luanda,OpenFlights airports.dat
MTC,America/New_York,OpenFlights airports.dat
MTF,Africa/Addis_Ababa,OpenFlights airports.dat
MTH,America/New_York,OpenFlights airports.dat
MTJ,America/Denver,OpenFlights airports.dat
MTK,Pacific/Tarawa,OpenFlights airports.dat
MTL,Australia/Sydney,OpenFlights airports.dat
MTM,America/Anchorage,OpenFlights airports.dat
MTN,America/New_York,OpenFlights airports.dat
MTR,America/Bogota,OpenFlights airports.dat
MTS,Africa/Mbabane,OpenFlights airports.dat
MTT,America/Mexico_City,OpenFlights airports.dat
MTV,Pacific/Efate,OpenFlights airports.dat
MTY,America/Mexico_City,OpenFlights airports.dat
MTZ,Asia/Jerusalem,OpenFlights airports.dat
MUA,Pacific/Guadalcanal,OpenFlights airports.dat
MUB,Africa/Gaborone,OpenFlights airports.dat
MUC,Europe/Berlin,OpenFlights airports.dat
MUD,Africa/Maputo,OpenFlights airports.dat
MUE,Pacific/Honolulu,OpenFlights airports.dat
MUH,Africa/Cairo,OpenFlights airports.dat
MUI,America/New_York,OpenFlights airports.dat
MUK,Pacific/Rarotonga,OpenFlights airports.dat
MUN,America/Caracas,OpenFlights airports.dat
MUO,America/Denver,OpenFlights airports.dat
MUR,Asia/Kuala_Lumpur,OpenFlights airports.dat
MUS,Asia/Tokyo,OpenFlights airports.dat
MUW,Africa/Algiers,OpenFlights airports.dat
MUX,Asia/Karachi,OpenFlights airports.dat
MUZ,Africa/Dar_es_Salaam,OpenFlights airports.dat
MVA,Atlantic/Reykjavik,OpenFlights airports.dat
MVB,Africa/Libreville,OpenFlights airports.dat
MVD,America/Montevideo,OpenFlights airports.dat
MVF,America/Fortaleza,OpenFlights airports.dat
MVL,America/New_York,OpenFlights airports.dat
MVP,America/Bogota,OpenFlights airports.dat
MVQ,Europe/Minsk,OpenFlights airports.dat
MVR,Africa/Douala,OpenFlights airports.dat
MVS,America/Fortaleza,OpenFlights airports.dat
MVT,Pacific/Tahiti,OpenFlights airports.dat
MVV,Europe/Paris,OpenFlights airports.dat
MVY,America/New_York,OpenFlights airports.dat
MVZ,Africa/Harare,OpenFlights airports.dat
MWA,America/Chicago,OpenFlights airports.dat
MWC,America/Chicago,OpenFlights airports.dat
MWD,Asia/Karachi,OpenFlights airports.dat
MWF,Pacific/Efate,OpenFlights airports.dat
MWH,America/Los_Angeles,OpenFlights airports.dat
MWK,Asia/Jakarta,OpenFlights airports.dat
MWL,America/Chicago,OpenFlights airports.dat
MWQ,Asia/Rangoon,OpenFlights airports.dat
MWX,Asia/Seoul,OpenFlights airports.dat
MWZ,Africa/Dar_es_Salaam,OpenFlights airports.dat
MXB,Asia/Makassar,OpenFlights airports.dat
MXF,America/Chicago,OpenFlights airports.dat
MXH,Pacific/Port_Moresby,OpenFlights airports.dat
MXJ,Africa/Lagos,OpenFlights airports.dat
MXL,America/Tijuana,OpenFlights airports.dat
MXM,Indian/Antananarivo,OpenFlights airports.dat
MXN,Europe/Paris,OpenFlights airports.dat
MXP,Europe/Rome,OpenFlights airports.dat
MXS,Pacific/Apia,OpenFlights airports.dat
MXT,Indian/Antananarivo,OpenFlights airports.dat
MXV,Asia/Ulaanbaatar,OpenFlights airports.dat
MXX,Europe/Stockholm,OpenFlights airports.dat
MXZ,Asia/Shanghai,OpenFlights airports.dat
MYA,Australia/Sydney,OpenFlights airports.dat
MYB,Africa/Libreville,OpenFlights airports.dat
MYC,America/Caracas,OpenFlights airports.dat
MYD,Africa/Nairobi,OpenFlights airports.dat
MYE,Asia/Tokyo,OpenFlights airports.dat
MYG,America/Nassau,OpenFlights airports.dat
MYI,Australia/Brisbane,OpenFlights airports.dat
MYJ,Asia/Tokyo,OpenFlights airports.dat
MYL,America/Denver,OpenFlights airports.dat
MYP,Asia/Ashgabat,OpenFlights airports.dat
MYQ,Asia/Calcutta,OpenFlights airports.dat
MYR,America/New_York,OpenFlights airports.dat
MYT,Asia/Rangoon,OpenFlights airports.dat
MYU,America/Anchorage,OpenFlights airports.dat
MYV,America/Los_Angeles,OpenFlights airports.dat
MYW,Africa/Dar_es_Salaam,OpenFlights airports.dat
MYY,Asia/Kuala_Lumpur,OpenFlights airports.dat
MZB,Africa/Maputo,OpenFlights airports.dat
MZG,Asia/Taipei,OpenFlights airports.dat
MZH,Europe/Istanbul,OpenFlights airports.dat
MZI,Africa/Bamako,OpenFlights airports.dat
MZJ,America/Phoenix,OpenFlights airports.dat
MZK,Pacific/Tarawa,OpenFlights airports.dat
MZL,America/Bogota,OpenFlights airports.dat
MZM,Europe/Paris,OpenFlights airports.dat
MZO,America/Havana,OpenFlights airports.dat
MZP,Pacific/Auckland,OpenFlights airports.dat
MZQ,Africa/Johannesburg,OpenFlights airports.dat
MZR,Asia/Kabul,OpenFlights airports.dat
MZT,America/Mazatlan,OpenFlights airports.dat
MZU,Asia/Calcutta,OpenFlights airports.dat
MZV,Asia/Kuala_Lumpur,OpenFlights airports.dat
MZW,Africa/Algiers,OpenFlights airports.dat
NAA,Australia/Sydney,OpenFlights airports.dat
NAG,Asia/Calcutta,OpenFlights airports.dat
NAH,Asia/Makassar,OpenFlights airports.dat
NAI,America/Guyana,OpenFlights airports.dat
NAJ,Asia/Baku,OpenFlights airports.dat
NAK,Asia/Bangkok,OpenFlights airports.dat
NAL,Europe/Moscow,OpenFlights airports.dat
NAN,Pacific/Fiji,OpenFlights airports.dat
NAO,Asia/Shanghai,OpenFlights airports.dat
NAP,Europe/Rome,OpenFlights airports.dat
NAQ,America/Thule,OpenFlights airports.dat
NAS,America/Nassau,OpenFlights airports.dat
NAT,America/Fortaleza,OpenFlights airports.dat
NAV,Europe/Istanbul,OpenFlights airports.dat
NAW,Asia/Bangkok,OpenFlights airports.dat
NAY,Asia/Shanghai,OpenFlights airports.dat
NBC,Europe/Moscow,OpenFlights airports.dat
NBE,Africa/Tunis,OpenFlights airports.dat
NBG,America/Chicago,OpenFlights airports.dat
NBO,Africa/Nairobi,OpenFlights airports.dat
NBS,Asia/Shanghai,OpenFlights airports.dat
NBX,Asia/Jayapura,OpenFlights airports.dat
NCA,America/Grand_Turk,OpenFlights airports.dat
NCE,Europe/Paris,OpenFlights airports.dat
NCG,America/Mazatlan,OpenFlights airports.dat
NCL,Europe/London,OpenFlights airports.dat
NCN,America/Anchorage,OpenFlights airports.dat
NCO,America/New_York,OpenFlights airports.dat
NCR,America/Managua,OpenFlights airports.dat
NCS,Africa/Johannesburg,OpenFlights airports.dat
NCU,Asia/Samarkand,OpenFlights airports.dat
NCY,Europe/Paris,OpenFlights airports.dat
NDB,Africa/Nouakchott,OpenFlights airports.dat
NDC,Asia/Calcutta,OpenFlights airports.dat
NDG,Asia/Shanghai,OpenFlights airports.dat
NDJ,Africa/Ndjamena,OpenFlights airports.dat
NDR,Africa/Casablanca,OpenFlights airports.dat
NDU,Africa/Windhoek,OpenFlights airports.dat
NDY,Europe/London,OpenFlights airports.dat
NEC,America/Buenos_Aires,OpenFlights airports.dat
NEG,America/Jamaica,OpenFlights airports.dat
NEL,America/New_York,OpenFlights airports.dat
NER,Asia/Yakutsk,OpenFlights airports.dat
NEU,Asia/Vientiane,OpenFlights airports.dat
NEV,America/St_Kitts,OpenFlights airports.dat
NEW,America/Chicago,OpenFlights airports.dat
NFG,Asia/Yekaterinburg,OpenFlights airports.dat
NFL,America/Los_Angeles,OpenFlights airports.dat
NFO,Pacific/Tongatapu,OpenFlights airports.dat
NGB,Asia/Shanghai,OpenFlights airports.dat
NGE,Africa/Douala,OpenFlights airports.dat
NGF,Pacific/Honolulu,OpenFlights airports.dat
NGI,Pacific/Fiji,OpenFlights airports.dat
NGO,Asia/Tokyo,OpenFlights airports.dat
NGQ,Asia/Shanghai,OpenFlights airports.dat
NGS,Asia/Tokyo,OpenFlights airports.dat
NGU,America/New_York,OpenFlights airports.dat
NGX,Asia/Katmandu,OpenFlights airports.dat
NGZ,America/Los_Angeles,OpenFlights airports.dat
NHA,Asia/Saigon,OpenFlights airports.dat
NHD,Asia/Dubai,OpenFlights airports.dat
NHK,America/New_York,OpenFlights airports.dat
NHT,Europe/London,OpenFlights airports.dat
NHV,Pacific/Marquesas,OpenFlights airports.dat
NIB,America/Anchorage,OpenFlights airports.dat
NIG,Pacific/Tarawa,OpenFlights airports.dat
NIM,Africa/Niamey,OpenFlights airports.dat
NIO,Africa/Kinshasa,OpenFlights airports.dat
NIP,America/New_York,OpenFlights airports.dat
NIT,Europe/Paris,OpenFlights airports.dat
NIU,Pacific/Tahiti,OpenFlights airports.dat
NJA,Asia/Tokyo,OpenFlights airports.dat
NJC,Asia/Yekaterinburg,OpenFlights airports.dat
NJF,Asia/Baghdad,OpenFlights airports.dat
NJK,America/Los_Angeles,OpenFlights airports.dat
NKC,Africa/Nouakchott,OpenFlights airports.dat
NKG,Asia/Shanghai,OpenFlights airports.dat
NKM,Asia/Tokyo,OpenFlights airports.dat
NKT,Europe/Istanbul,OpenFlights airports.dat
NKW,Indian/Chagos,OpenFlights airports.dat
NKX,America/Los_Angeles,OpenFlights airports.dat
NLA,Africa/Lusaka,OpenFlights airports.dat
NLC,America/Los_Angeles,OpenFlights airports.dat
NLD,America/Mexico_City,OpenFlights airports.dat
NLF,Australia/Brisbane,OpenFlights airports.dat
NLG,America/Anchorage,OpenFlights airports.dat
NLK,Pacific/Norfolk,OpenFlights airports.dat
NLO,Africa/Kinshasa,OpenFlights airports.dat
NLP,Africa/Johannesburg,OpenFlights airports.dat
NLT,Asia/Shanghai,OpenFlights airports.dat
NLV,Europe/Kiev,OpenFlights airports.dat
NMA,Asia/Samarkand,OpenFlights airports.dat
NMB,Asia/Calcutta,OpenFlights airports.dat
NMC,America/Nassau,OpenFlights airports.dat
NME,America/Anchorage,OpenFlights airports.dat
NMS,Asia/Rangoon,OpenFlights airports.dat
NMT,Asia/Rangoon,OpenFlights airports.dat
NNA,Africa/Casablanca,OpenFlights airports.dat
NNB,Pacific/Guadalcanal,OpenFlights airports.dat
NNG,Asia/Shanghai,OpenFlights airports.dat
NNL,America/Anchorage,OpenFlights airports.dat
NNM,Europe/Moscow,OpenFlights airports.dat
NNR,Europe/Dublin,OpenFlights airports.dat
NNT,Asia/Bangkok,OpenFlights airports.dat
NNX,Asia/Makassar,OpenFlights airports.dat
NNY,Asia/Shanghai,OpenFlights airports.dat
NOA,Australia/Sydney,OpenFlights airports.dat
NOB,America/Costa_Rica,OpenFlights airports.dat
NOC,Europe/Dublin,OpenFlights airports.dat
NOD,Europe/Berlin,OpenFlights airports.dat
NOG,America/Hermosillo,OpenFlights airports.dat
NOJ,Asia/Yekaterinburg,OpenFlights airports.dat
NON,Pacific/Tarawa,OpenFlights airports.dat
NOP,Europe/Istanbul,OpenFlights airports.dat
NOR,Atlantic/Reykjavik,OpenFlights airports.dat
NOS,Indian/Antananarivo,OpenFlights airports.dat
NOT,America/Los_Angeles,OpenFlights airports.dat
NOU,Pacific/Noumea,OpenFlights airports.dat
NOV,Africa/Luanda,OpenFlights airports.dat
NOZ,Asia/Krasnoyarsk,OpenFlights airports.dat
NPA,America/Chicago,OpenFlights airports.dat
NPE,Pacific/Auckland,OpenFlights airports.dat
NPL,Pacific/Auckland,OpenFlights airports.dat
NPO,Asia/Jakarta,OpenFlights airports.dat
NQA,America/Chicago,OpenFlights airports.dat
NQI,America/Chicago,OpenFlights airports.dat
NQN,America/Argentina/Salta,OpenFlights airports.dat
NQT,Europe/London,OpenFlights airports.dat
NQU,America/Bogota,OpenFlights airports.dat
NQX,America/New_York,OpenFlights airports.dat
NQY,Europe/London,OpenFlights airports.dat
NRA,Australia/Sydney,OpenFlights airports.dat
NRD,Europe/Berlin,OpenFlights airports.dat
NRK,Europe/Stockholm,OpenFlights airports.dat
NRL,Europe/London,OpenFlights airports.dat
NRN,Europe/Berlin,OpenFlights airports.dat
NRR,America/Puerto_Rico,OpenFlights airports.dat
NRT,Asia/Tokyo,OpenFlights airports.dat
NSE,America/Chicago,OpenFlights airports.dat
NSH,Asia/Tehran,OpenFlights airports.dat
NSI,Africa/Douala,OpenFlights airports.dat
NSK,Asia/Krasnoyarsk,OpenFlights airports.dat
NSN,Pacific/Auckland,OpenFlights airports.dat
NSO,Australia/Sydney,OpenFlights airports.dat
NST,Asia/Bangkok,OpenFlights airports.dat
NSY,Europe/Rome,OpenFlights airports.dat
NTB,Europe/Oslo,OpenFlights airports.dat
NTD,America/Los_Angeles,OpenFlights airports.dat
NTE,Europe/Paris,OpenFlights airports.dat
NTI,Asia/Jayapura,OpenFlights airports.dat
NTL,Australia/Sydney,OpenFlights airports.dat
NTN,Australia/Brisbane,OpenFlights airports.dat
NTQ,Asia/Tokyo,OpenFlights airports.dat
NTR,America/Mexico_City,OpenFlights airports.dat
NTT,Pacific/Tongatapu,OpenFlights airports.dat
NTU,America/New_York,OpenFlights airports.dat
NTX,Asia/Jakarta,OpenFlights airports.dat
NTY,Africa/Johannesburg,OpenFlights airports.dat
NUE,Europe/Berlin,OpenFlights airports.dat
NUI,America/Anchorage,OpenFlights airports.dat
NUL,America/Anchorage,OpenFlights airports.dat
NUQ,America/Los_Angeles,OpenFlights airports.dat
NUS,Pacific/Efate,OpenFlights airports.dat
NUW,America/Los_Angeles,OpenFlights airports.dat
NUX,Asia/Yekaterinburg,OpenFlights airports.dat
NVA,America/Bogota,OpenFlights airports.dat
NVI,Asia/Samarkand,OpenFlights airports.dat
NVK,Europe/Oslo,OpenFlights airports.dat
NVP,America/Boa_Vista,OpenFlights airports.dat
NVS,Europe/Paris,OpenFlights airports.dat
NVT,America/Sao_Paulo,OpenFlights airports.dat
NWA,Indian/Comoro,OpenFlights airports.dat
NWI,Europe/London,OpenFlights airports.dat
NXX,America/New_York,OpenFlights airports.dat
NYA,Asia/Yekaterinburg,OpenFlights airports.dat
NYE,Africa/Nairobi,OpenFlights airports.dat
NYI,Africa/Accra,OpenFlights airports.dat
NYK,Africa/Nairobi,OpenFlights airports.dat
NYM,Asia/Yekaterinburg,OpenFlights airports.dat
NYO,Europe/Stockholm,OpenFlights airports.dat
NYT,Asia/Rangoon,OpenFlights airports.dat
NYU,Asia/Rangoon,OpenFlights airports.dat
NYW,Asia/Rangoon,OpenFlights airports.dat
NZA,Africa/Luanda,OpenFlights airports.dat
NZC,America/Lima,OpenFlights airports.dat
NZH,Asia/Shanghai,OpenFlights airports.dat
NZJ,America/Los_Angeles,OpenFlights airports.dat
NZY,America/Los_Angeles,OpenFlights airports.dat
OAA,Asia/Kabul,OpenFlights airports.dat
OAG,Australia/Sydney,OpenFlights airports.dat
OAH,Asia/Kabul,OpenFlights airports.dat
OAI,Asia/Kabul,OpenFlights airports.dat
OAJ,America/New_York,OpenFlights airports.dat
OAK,America/Los_Angeles,OpenFlights airports.dat
OAL,America/Boa_Vista,OpenFlights airports.dat
OAM,Pacific/Auckland,OpenFlights airports.dat
OAR,America/Los_Angeles,OpenFlights airports.dat
OAS,Asia/Kabul,OpenFlights airports.dat
OAX,America/Mexico_City,OpenFlights airports.dat
OAZ,Asia/Kabul,OpenFlights airports.dat
OBC,Africa/Djibouti,OpenFlights airports.dat
OBE,America/New_York,OpenFlights airports.dat
OBF,Europe/Berlin,OpenFlights airports.dat
OBL,Europe/Brussels,OpenFlights airports.dat
OBN,Europe/London,OpenFlights airports.dat
OBO,Asia/Tokyo,OpenFlights airports.dat
OBS,Europe/Paris,OpenFlights airports.dat
OBU,America/Anchorage,OpenFlights airports.dat
OBY,America/Scoresbysund,OpenFlights airports.dat
OCA,America/New_York,OpenFlights airports.dat
OCC,America/Guayaquil,OpenFlights airports.dat
OCF,America/New_York,OpenFlights airports.dat
OCJ,America/Jamaica,OpenFlights airports.dat
OCN,America/Los_Angeles,OpenFlights airports.dat
OCV,America/Bogota,OpenFlights airports.dat
OCW,America/New_York,OpenFlights airports.dat
ODB,Europe/Madrid,OpenFlights airports.dat
ODE,Europe/Copenhagen,OpenFlights airports.dat
ODH,Europe/London,OpenFlights airports.dat
ODN,Asia/Kuala_Lumpur,OpenFlights airports.dat
ODO,Asia/Irkutsk,OpenFlights airports.dat
ODS,Europe/Kiev,OpenFlights airports.dat
ODY,Asia/Vientiane,OpenFlights airports.dat
OEM,America/Paramaribo,OpenFlights airports.dat
OER,Europe/Stockholm,OpenFlights airports.dat
OES,America/Argentina/Salta,OpenFlights airports.dat
OFF,America/Chicago,OpenFlights airports.dat
OGD,America/Denver,OpenFlights airports.dat
OGG,Pacific/Honolulu,OpenFlights airports.dat
OGL,America/Guyana,OpenFlights airports.dat
OGN,Asia/Tokyo,OpenFlights airports.dat
OGS,America/New_York,OpenFlights airports.dat
OGX,Africa/Algiers,OpenFlights airports.dat
OGZ,Europe/Moscow,OpenFlights airports.dat
OHA,Pacific/Auckland,OpenFlights airports.dat
OHD,Europe/Skopje,OpenFlights airports.dat
OHE,Asia/Shanghai,OpenFlights airports.dat
OHO,Asia/Vladivostok,OpenFlights airports.dat
OIA,America/Belem,OpenFlights airports.dat
OIM,Asia/Tokyo,OpenFlights airports.dat
OIR,Asia/Tokyo,OpenFlights airports.dat
OIT,Asia/Tokyo,OpenFlights airports.dat
OJC,America/Chicago,OpenFlights airports.dat
OKA,Asia/Tokyo,OpenFlights airports.dat
OKC,America/Chicago,OpenFlights airports.dat
OKD,Asia/Tokyo,OpenFlights airports.dat
OKE,Asia/Tokyo,OpenFlights airports.dat
OKF,Africa/Windhoek,OpenFlights airports.dat
OKI,Asia/Tokyo,OpenFlights airports.dat
OKJ,Asia/Tokyo,OpenFlights airports.dat
OKM,America/Chicago,OpenFlights airports.dat
OKN,Africa/Libreville,OpenFlights airports.dat
OKO,Asia/Tokyo,OpenFlights airports.dat
OKR,Australia/Brisbane,OpenFlights airports.dat
OKU,Africa/Windhoek,OpenFlights airports.dat
OKY,Australia/Brisbane,OpenFlights airports.dat
OLA,Europe/Oslo,OpenFlights airports.dat
OLB,Europe/Rome,OpenFlights airports.dat
OLC,America/Boa_Vista,OpenFlights airports.dat
OLF,America/Denver,OpenFlights airports.dat
OLJ,Pacific/Efate,OpenFlights airports.dat
OLM,America/Los_Angeles,OpenFlights airports.dat
OLP,Australia/Adelaide,OpenFlights airports.dat
OLS,America/Phoenix,OpenFlights airports.dat
OLV,America/Chicago,OpenFlights airports.dat
OLZ,Asia/Yakutsk,OpenFlights airports.dat
OMA,America/Chicago,OpenFlights airports.dat
OMB,Africa/Libreville,OpenFlights airports.dat
OMC,Asia/Manila,OpenFlights airports.dat
OMD,Africa/Windhoek,OpenFlights airports.dat
OME,America/Anchorage,OpenFlights airports.dat
OMF,Asia/Amman,OpenFlights airports.dat
OMH,Asia/Tehran,OpenFlights airports.dat
OMI,Asia/Tehran,OpenFlights airports.dat
OMO,Europe/Sarajevo,OpenFlights airports.dat
OMR,Europe/Bucharest,OpenFlights airports.dat
OMS,Asia/Omsk,OpenFlights airports.dat
OND,Africa/Windhoek,OpenFlights airports.dat
ONG,Australia/Brisbane,OpenFlights airports.dat
ONJ,Asia/Tokyo,OpenFlights airports.dat
ONK,Asia/Yakutsk,OpenFlights airports.dat
ONO,America/Denver,OpenFlights airports.dat
ONP,America/Los_Angeles,OpenFlights airports.dat
ONQ,Europe/Istanbul,OpenFlights airports.dat
ONS,Australia/Perth,OpenFlights airports.dat
ONT,America/Los_Angeles,OpenFlights airports.dat
ONX,America/Panama,OpenFlights airports.dat
OOK,America/Anchorage,OpenFlights airports.dat
OOL,Australia/Brisbane,OpenFlights airports.dat
OOM,Australia/Sydney,OpenFlights airports.dat
OPF,America/New_York,OpenFlights airports.dat
OPO,Europe/Lisbon,OpenFlights airports.dat
OPS,America/Campo_Grande,OpenFlights airports.dat
OPU,Pacific/Port_Moresby,OpenFlights airports.dat
ORA,America/Argentina/Salta,OpenFlights airports.dat
ORB,Europe/Stockholm,OpenFlights airports.dat
ORD,America/Chicago,OpenFlights airports.dat
ORE,Europe/Paris,OpenFlights airports.dat
ORF,America/New_York,OpenFlights airports.dat
ORG,America/Paramaribo,OpenFlights airports.dat
ORH,America/New_York,OpenFlights airports.dat
ORJ,America/Guyana,OpenFlights airports.dat
ORK,Europe/Dublin,OpenFlights airports.dat
ORL,America/New_York,OpenFlights airports.dat
ORN,Africa/Algiers,OpenFlights airports.dat
ORP,Africa/Gaborone,OpenFlights airports.dat
ORT,America/Anchorage,OpenFlights airports.dat
ORU,America/La_Paz,OpenFlights airports.dat
ORV,America/Anchorage,OpenFlights airports.dat
ORW,Asia/Karachi,OpenFlights airports.dat
ORX,America/Belem,OpenFlights airports.dat
ORY,Europe/Paris,OpenFlights airports.dat
OSC,America/New_York,OpenFlights airports.dat
OSD,Europe/Stockholm,OpenFlights airports.dat
OSF,Europe/Moscow,OpenFlights airports.dat
OSH,America/Chicago,OpenFlights airports.dat
OSI,Europe/Zagreb,OpenFlights airports.dat
OSK,Europe/Stockholm,OpenFlights airports.dat
OSL,Europe/Oslo,OpenFlights airports.dat
OSM,Asia/Baghdad,OpenFlights airports.dat
OSN,Asia/Seoul,OpenFlights airports.dat
OSP,Europe/Warsaw,OpenFlights airports.dat
OSR,Europe/Prague,OpenFlights airports.dat
OSS,Asia/Bishkek,OpenFlights airports.dat
OST,Europe/Brussels,OpenFlights airports.dat
OSU,America/New_York,OpenFlights airports.dat
OSW,Asia/Yekaterinburg,OpenFlights airports.dat
OSY,Europe/Oslo,OpenFlights airports.dat
OTH,America/Los_Angeles,OpenFlights airports.dat
OTI,Asia/Jayapura,OpenFlights airports.dat
OTK,America/Los_Angeles,OpenFlights airports.dat
OTP,Europe/Bucharest,OpenFlights airports.dat
OTR,America/Costa_Rica,OpenFlights airports.dat
OTU,America/Bogota,OpenFlights airports.dat
OTZ,America/Anchorage,OpenFlights airports.dat
OUA,Africa/Ouagadougou,OpenFlights airports.dat
OUD,Africa/Casablanca,OpenFlights airports.dat
OUE,Africa/Brazzaville,OpenFlights airports.dat
OUH,Africa/Johannesburg,OpenFlights airports.dat
OUK,Europe/London,OpenFlights airports.dat
OUL,Europe/Helsinki,OpenFlights airports.dat
OUZ,Africa/Nouakchott,OpenFlights airports.dat
OVA,Indian/Antananarivo,OpenFlights airports.dat
OVB,Asia/Krasnoyarsk,OpenFlights airports.dat
OVD,Europe/Madrid,OpenFlights airports.dat
OVG,Africa/Johannesburg,OpenFlights airports.dat
OVR,America/Buenos_Aires,OpenFlights airports.dat
OVS,Asia/Yekaterinburg,OpenFlights airports.dat
OWB,America/Chicago,OpenFlights airports.dat
OWD,America/New_York,OpenFlights airports.dat
OXB,Africa/Bissau,OpenFlights airports.dat
OXC,America/New_York,OpenFlights airports.dat
OXF,Europe/London,OpenFlights airports.dat
OXR,America/Los_Angeles,OpenFlights airports.dat
OYA,America/Cordoba,OpenFlights airports.dat
OYE,Africa/Libreville,OpenFlights airports.dat
OYK,America/Fortaleza,OpenFlights airports.dat
OYL,Africa/Nairobi,OpenFlights airports.dat
OYO,America/Buenos_Aires,OpenFlights airports.dat
OYP,America/Cayenne,OpenFlights airports.dat
OZA,America/Chicago,OpenFlights airports.dat
OZC,Asia/Manila,OpenFlights airports.dat
OZG,Africa/Casablanca,OpenFlights airports.dat
OZH,Europe/Kiev,OpenFlights airports.dat
OZP,Europe/Madrid,OpenFlights airports.dat
OZZ,Africa/Casablanca,OpenFlights airports.dat
PAA,Asia/Rangoon,OpenFlights airports.dat
PAB,Asia/Calcutta,OpenFlights airports.dat
PAC,America/Panama,OpenFlights airports.dat
PAD,Europe/Berlin,OpenFlights airports.dat
PAE,America/Los_Angeles,OpenFlights airports.dat
PAG,Asia/Manila,OpenFlights airports.dat
PAH,America/Chicago,OpenFlights airports.dat
PAJ,Asia/Karachi,OpenFlights airports.dat
PAM,America/Chicago,OpenFlights airports.dat
PAN,Asia/Bangkok,OpenFlights airports.dat
PAO,America/Los_Angeles,OpenFlights airports.dat
PAP,America/Port-au-Prince,OpenFlights airports.dat
PAQ,America/Anchorage,OpenFlights airports.dat
PAS,Europe/Athens,OpenFlights airports.dat
PAT,Asia/Calcutta,OpenFlights airports.dat
PAV,America/Fortaleza,OpenFlights airports.dat
PAX,America/Port-au-Prince,OpenFlights airports.dat
PAZ,America/Mexico_City,OpenFlights airports.dat
PBC,America/Mexico_City,OpenFlights airports.dat
PBD,Asia/Calcutta,OpenFlights airports.dat
PBF,America/Chicago,OpenFlights airports.dat
PBG,America/New_York,OpenFlights airports.dat
PBH,Asia/Thimphu,OpenFlights airports.dat
PBI,America/New_York,OpenFlights airports.dat
PBJ,Pacific/Efate,OpenFlights airports.dat
PBL,America/Caracas,OpenFlights airports.dat
PBM,America/Paramaribo,OpenFlights airports.dat
PBN,Africa/Luanda,OpenFlights airports.dat
PBO,Australia/Perth,OpenFlights airports.dat
PBP,America/Costa_Rica,OpenFlights airports.dat
PBR,America/Guatemala,OpenFlights airports.dat
PBU,Asia/Rangoon,OpenFlights airports.dat
PBZ,Africa/Johannesburg,OpenFlights airports.dat
PCB,Asia/Jakarta,OpenFlights airports.dat
PCF,Africa/Johannesburg,OpenFlights airports.dat
PCL,America/Lima,OpenFlights airports.dat
PCN,Pacific/Auckland,OpenFlights airports.dat
PCP,Africa/Sao_Tome,OpenFlights airports.dat
PCR,America/Bogota,OpenFlights airports.dat
PDA,America/Bogota,OpenFlights airports.dat
PDG,Asia/Jakarta,OpenFlights airports.dat
PDK,America/New_York,OpenFlights airports.dat
PDL,Atlantic/Azores,OpenFlights airports.dat
PDO,Asia/Jakarta,OpenFlights airports.dat
PDP,America/Montevideo,OpenFlights airports.dat
PDS,America/Mexico_City,OpenFlights airports.dat
PDT,America/Los_Angeles,OpenFlights airports.dat
PDV,Europe/Sofia,OpenFlights airports.dat
PDX,America/Los_Angeles,OpenFlights airports.dat
PEA,Australia/Adelaide,OpenFlights airports.dat
PED,Europe/Prague,OpenFlights airports.dat
PEE,Asia/Yekaterinburg,OpenFlights airports.dat
PEF,Europe/Berlin,OpenFlights airports.dat
PEG,Europe/Rome,OpenFlights airports.dat
PEH,America/Buenos_Aires,OpenFlights airports.dat
PEI,America/Bogota,OpenFlights airports.dat
PEK,Asia/Shanghai,OpenFlights airports.dat
PEM,America/Lima,OpenFlights airports.dat
PEN,Asia/Kuala_Lumpur,OpenFlights airports.dat
PEQ,America/Chicago,OpenFlights airports.dat
PER,Australia/Perth,OpenFlights airports.dat
PES,Europe/Moscow,OpenFlights airports.dat
PET,America/Sao_Paulo,OpenFlights airports.dat
PEU,America/Tegucigalpa,OpenFlights airports.dat
PEV,Europe/Budapest,OpenFlights airports.dat
PEW,Asia/Karachi,OpenFlights airports.dat
PEX,Europe/Moscow,OpenFlights airports.dat
PEZ,Europe/Moscow,OpenFlights airports.dat
PFB,America/Sao_Paulo,OpenFlights airports.dat
PFJ,Atlantic/Reykjavik,OpenFlights airports.dat
PFN,America/Chicago,OpenFlights airports.dat
PFO,Asia/Nicosia,OpenFlights airports.dat
PFQ,Asia/Tehran,OpenFlights airports.dat
PFR,Africa/Lubumbashi,OpenFlights airports.dat
PGA,America/Phoenix,OpenFlights airports.dat
PGD,America/New_York,OpenFlights airports.dat
PGF,Europe/Paris,OpenFlights airports.dat
PGH,Asia/Calcutta,OpenFlights airports.dat
PGK,Asia/Jakarta,OpenFlights airports.dat
PGU,Asia/Tehran,OpenFlights airports.dat
PGV,America/New_York,OpenFlights airports.dat
PGX,Europe/Paris,OpenFlights airports.dat
PHA,Asia/Saigon,OpenFlights airports.dat
PHB,America/Fortaleza,OpenFlights airports.dat
PHC,Africa/Lagos,OpenFlights airports.dat
PHD,America/New_York,OpenFlights airports.dat
PHE,Australia/Perth,OpenFlights airports.dat
PHF,America/New_York,OpenFlights airports.dat
PHK,America/New_York,OpenFlights airports.dat
PHL,America/New_York,OpenFlights airports.dat
PHN,America/New_York,OpenFlights airports.dat
PHS,Asia/Bangkok,OpenFlights airports.dat
PHW,Africa/Johannesburg,OpenFlights airports.dat
PHX,America/Phoenix,OpenFlights airports.dat
PHY,Asia/Bangkok,OpenFlights airports.dat
PIA,America/Chicago,OpenFlights airports.dat
PIB,America/Chicago,OpenFlights airports.dat
PID,America/Nassau,OpenFlights airports.dat
PIE,America/New_York,OpenFlights airports.dat
PIF,Asia/Taipei,OpenFlights airports.dat
PIH,America/Denver,OpenFlights airports.dat
PIK,Europe/London,OpenFlights airports.dat
PIL,America/Asuncion,OpenFlights airports.dat
PIM,America/New_York,OpenFlights airports.dat
PIN,America/Boa_Vista,OpenFlights airports.dat
PIO,America/Lima,OpenFlights airports.dat
PIP,America/Anchorage,OpenFlights airports.dat
PIR,America/Chicago,OpenFlights airports.dat
PIS,Europe/Paris,OpenFlights airports.dat
PIT,America/New_York,OpenFlights airports.dat
PIU,America/Lima,OpenFlights airports.dat
PIX,Atlantic/Azores,OpenFlights airports.dat
PIZ,America/Anchorage,OpenFlights airports.dat
PJA,Europe/Stockholm,OpenFlights airports.dat
PJC,America/Asuncion,OpenFlights airports.dat
PJG,Asia/Karachi,OpenFlights airports.dat
PJM,America/Costa_Rica,OpenFlights airports.dat
PKA,America/Anchorage,OpenFlights airports.dat
PKB,America/New_York,OpenFlights airports.dat
PKC,Asia/Anadyr,OpenFlights airports.dat
PKE,Australia/Sydney,OpenFlights airports.dat
PKG,Asia/Kuala_Lumpur,OpenFlights airports.dat
PKH,Europe/Athens,OpenFlights airports.dat
PKK,Asia/Rangoon,OpenFlights airports.dat
PKN,Asia/Jakarta,OpenFlights airports.dat
PKP,Pacific/Tahiti,OpenFlights airports.dat
PKR,Asia/Katmandu,OpenFlights airports.dat
PKU,Asia/Jakarta,OpenFlights airports.dat
PKV,Europe/Moscow,OpenFlights airports.dat
PKW,Africa/Gaborone,OpenFlights airports.dat
PKY,Asia/Jakarta,OpenFlights airports.dat
PKZ,Asia/Vientiane,OpenFlights airports.dat
PLD,America/Costa_Rica,OpenFlights airports.dat
PLH,Europe/London,OpenFlights airports.dat
PLL,America/Boa_Vista,OpenFlights airports.dat
PLM,Asia/Jakarta,OpenFlights airports.dat
PLN,America/New_York,OpenFlights airports.dat
PLO,Australia/Adelaide,OpenFlights airports.dat
PLP,America/Panama,OpenFlights airports.dat
PLQ,Europe/Vilnius,OpenFlights airports.dat
PLS,America/Grand_Turk,OpenFlights airports.dat
PLU,America/Sao_Paulo,OpenFlights airports.dat
PLV,Europe/Kiev,OpenFlights airports.dat
PLW,Asia/Makassar,OpenFlights airports.dat
PLX,Asia/Qyzylorda,OpenFlights airports.dat
PLZ,Africa/Johannesburg,OpenFlights airports.dat
PMA,Africa/Dar_es_Salaam,OpenFlights airports.dat
PMB,America/Chicago,OpenFlights airports.dat
PMC,America/Santiago,OpenFlights airports.dat
PMD,America/Los_Angeles,OpenFlights airports.dat
PMF,Europe/Rome,OpenFlights airports.dat
PMG,America/Campo_Grande,OpenFlights airports.dat
PMI,Europe/Madrid,OpenFlights airports.dat
PMK,Australia/Brisbane,OpenFlights airports.dat
PML,America/Anchorage,OpenFlights airports.dat
PMO,Europe/Rome,OpenFlights airports.dat
PMQ,America/Argentina/Rio_Gallegos,OpenFlights airports.dat
PMR,Pacific/Auckland,OpenFlights airports.dat
PMS,Asia/Damascus,OpenFlights airports.dat
PMV,America/Caracas,OpenFlights airports.dat
PMW,America/Fortaleza,OpenFlights airports.dat
PMY,America/Catamarca,OpenFlights airports.dat
PMZ,America/Costa_Rica,OpenFlights airports.dat
PNA,Europe/Madrid,OpenFlights airports.dat
PNB,America/Fortaleza,OpenFlights airports.dat
PNC,America/Chicago,OpenFlights airports.dat
PNE,America/New_York,OpenFlights airports.dat
PNH,Asia/Phnom_Penh,OpenFlights airports.dat
PNI,Pacific/Ponape,OpenFlights airports.dat
PNK,Asia/Jakarta,OpenFlights airports.dat
PNL,Europe/Rome,OpenFlights airports.dat
PNP,Pacific/Port_Moresby,OpenFlights airports.dat
PNQ,Asia/Calcutta,OpenFlights airports.dat
PNR,Africa/Brazzaville,OpenFlights airports.dat
PNS,America/Chicago,OpenFlights airports.dat
PNT,America/Santiago,OpenFlights airports.dat
PNV,Europe/Vilnius,OpenFlights airports.dat
PNY,Asia/Calcutta,OpenFlights airports.dat
PNZ,America/Fortaleza,OpenFlights airports.dat
POA,America/Sao_Paulo,OpenFlights airports.dat
POB,America/New_York,OpenFlights airports.dat
POC,America/Los_Angeles,OpenFlights airports.dat
POE,America/Chicago,OpenFlights airports.dat
POF,America/Chicago,OpenFlights airports.dat
POG,Africa/Libreville,OpenFlights airports.dat
POI,America/La_Paz,OpenFlights airports.dat
POJ,America/Sao_Paulo,OpenFlights airports.dat
POL,Africa/Maputo,OpenFlights airports.dat
POM,Pacific/Port_Moresby,OpenFlights airports.dat
POO,America/Sao_Paulo,OpenFlights airports.dat
POP,America/Santo_Domingo,OpenFlights airports.dat
POR,Europe/Helsinki,OpenFlights airports.dat
POS,America/Port_of_Spain,OpenFlights airports.dat
POT,America/Jamaica,OpenFlights airports.dat
POW,Europe/Ljubljana,OpenFlights airports.dat
POX,Europe/Paris,OpenFlights airports.dat
POZ,Europe/Warsaw,OpenFlights airports.dat
PPB,America/Sao_Paulo,OpenFlights airports.dat
PPC,America/Anchorage,OpenFlights airports.dat
PPE,America/Hermosillo,OpenFlights airports.dat
PPG,Pacific/Pago_Pago,OpenFlights airports.dat
PPK,Asia/Qyzylorda,OpenFlights airports.dat
PPL,Asia/Katmandu,OpenFlights airports.dat
PPM,America/New_York,OpenFlights airports.dat
PPN,America/Bogota,OpenFlights airports.dat
PPP,Australia/Brisbane,OpenFlights airports.dat
PPQ,Pacific/Auckland,OpenFlights airports.dat
PPS,Asia/Manila,OpenFlights airports.dat
PPT,Pacific/Tahiti,OpenFlights airports.dat
PPW,Europe/London,OpenFlights airports.dat
PQC,Asia/Saigon,OpenFlights airports.dat
PQI,America/New_York,OpenFlights airports.dat
PQQ,Australia/Sydney,OpenFlights airports.dat
PRA,America/Cordoba,OpenFlights airports.dat
PRC,America/Phoenix,OpenFlights airports.dat
PRG,Europe/Prague,OpenFlights airports.dat
PRH,Asia/Bangkok,OpenFlights airports.dat
PRI,Indian/Mahe,OpenFlights airports.dat
PRM,Europe/Lisbon,OpenFlights airports.dat
PRN,Europe/Belgrade,OpenFlights airports.dat
PRP,Europe/Paris,OpenFlights airports.dat
PRQ,America/Cordoba,OpenFlights airports.dat
PRU,Asia/Rangoon,OpenFlights airports.dat
PRV,Europe/Prague,OpenFlights airports.dat
PRY,Africa/Johannesburg,OpenFlights airports.dat
PRZ,America/Los_Angeles,OpenFlights airports.dat
PSA,Europe/Rome,OpenFlights airports.dat
PSC,America/Los_Angeles,OpenFlights airports.dat
PSD,Africa/Cairo,OpenFlights airports.dat
PSE,America/Puerto_Rico,OpenFlights airports.dat
PSG,America/Anchorage,OpenFlights airports.dat
PSH,Europe/Berlin,OpenFlights airports.dat
PSI,Asia/Karachi,OpenFlights airports.dat
PSJ,Asia/Makassar,OpenFlights airports.dat
PSL,Europe/London,OpenFlights airports.dat
PSM,America/New_York,OpenFlights airports.dat
PSO,America/Bogota,OpenFlights airports.dat
PSP,America/Los_Angeles,OpenFlights airports.dat
PSR,Europe/Rome,OpenFlights airports.dat
PSS,America/Cordoba,OpenFlights airports.dat
PSU,Asia/Jakarta,OpenFlights airports.dat
PSX,America/Chicago,OpenFlights airports.dat
PSY,Atlantic/Stanley,OpenFlights airports.dat
PSZ,America/La_Paz,OpenFlights airports.dat
PTA,America/Anchorage,OpenFlights airports.dat
PTB,America/New_York,OpenFlights airports.dat
PTF,Pacific/Fiji,OpenFlights airports.dat
PTG,Africa/Johannesburg,OpenFlights airports.dat
PTH,America/Anchorage,OpenFlights airports.dat
PTJ,Australia/Hobart,OpenFlights airports.dat
PTK,America/New_York,OpenFlights airports.dat
PTM,America/Caracas,OpenFlights airports.dat
PTP,America/Guadeloupe,OpenFlights airports.dat
PTU,America/Anchorage,OpenFlights airports.dat
PTX,America/Bogota,OpenFlights airports.dat
PTY,America/Panama,OpenFlights airports.dat
PTZ,America/Guayaquil,OpenFlights airports.dat
PUB,America/Denver,OpenFlights airports.dat
PUC,America/Denver,OpenFlights airports.dat
PUD,America/Argentina/Rio_Gallegos,OpenFlights airports.dat
PUE,America/Panama,OpenFlights airports.dat
PUF,Europe/Paris,OpenFlights airports.dat
PUG,Australia/Adelaide,OpenFlights airports.dat
PUJ,America/Santo_Domingo,OpenFlights airports.dat
PUQ,America/Santiago,OpenFlights airports.dat
PUR,America/La_Paz,OpenFlights airports.dat
PUS,Asia/Seoul,OpenFlights airports.dat
PUU,America/Bogota,OpenFlights airports.dat
PUW,America/Los_Angeles,OpenFlights airports.dat
PUY,Europe/Zagreb,OpenFlights airports.dat
PUZ,America/Managua,OpenFlights airports.dat
PVA,America/Bogota,OpenFlights airports.dat
PVC,America/New_York,OpenFlights airports.dat
PVD,America/New_York,OpenFlights airports.dat
PVG,Asia/Shanghai,OpenFlights airports.dat
PVH,America/Boa_Vista,OpenFlights airports.dat
PVK,Europe/Athens,OpenFlights airports.dat
PVL,America/New_York,OpenFlights airports.dat
PVO,America/Guayaquil,OpenFlights airports.dat
PVR,America/Mexico_City,OpenFlights airports.dat
PVS,Asia/Anadyr,OpenFlights airports.dat
PVU,America/Denver,OpenFlights airports.dat
PWA,America/Chicago,OpenFlights airports.dat
PWK,America/Chicago,OpenFlights airports.dat
PWM,America/New_York,OpenFlights airports.dat
PWQ,Asia/Qyzylorda,OpenFlights airports.dat
PWT,America/Los_Angeles,OpenFlights airports.dat
PXH,Australia/Adelaide,OpenFlights airports.dat
PXM,America/Mexico_City,OpenFlights airports.dat
PXO,Europe/Lisbon,OpenFlights airports.dat
PXR,Asia/Bangkok,OpenFlights airports.dat
PXU,Asia/Saigon,OpenFlights airports.dat
PYE,Pacific/Rarotonga,OpenFlights airports.dat
PYH,America/Caracas,OpenFlights airports.dat
PYJ,Asia/Yakutsk,OpenFlights airports.dat
PYM,America/New_York,OpenFlights airports.dat
PYR,Europe/Athens,OpenFlights airports.dat
PYY,Asia/Bangkok,OpenFlights airports.dat
PZB,Africa/Johannesburg,OpenFlights airports.dat
PZE,Europe/London,OpenFlights airports.dat
PZH,Asia/Karachi,OpenFlights airports.dat
PZI,Asia/Shanghai,OpenFlights airports.dat
PZO,America/Caracas,OpenFlights airports.dat
PZS,America/Santiago,OpenFlights airports.dat
PZU,Africa/Khartoum,OpenFlights airports.dat
PZY,Europe/Bratislava,OpenFlights airports.dat
QBC,America/Vancouver,OpenFlights airports.dat
QCJ,America/Sao_Paulo,OpenFlights airports.dat
QCY,Europe/London,OpenFlights airports.dat
QDJ,Africa/Algiers,OpenFlights airports.dat
QEF,Europe/Berlin,OpenFlights airports.dat
QFO,Europe/London,OpenFlights airports.dat
QGU,Asia/Tokyo,OpenFlights airports.dat
QHR,Africa/Addis_Ababa,OpenFlights airports.dat
QIG,America/Fortaleza,OpenFlights airports.dat
QJB,Asia/Riyadh,OpenFlights airports.dat
QLA,Europe/London,OpenFlights airports.dat
QLD,Africa/Algiers,OpenFlights airports.dat
QLF,Europe/Helsinki,OpenFlights airports.dat
QLR,Europe/Lisbon,OpenFlights airports.dat
QLS,Europe/Zurich,OpenFlights airports.dat
QLT,Europe/Rome,OpenFlights airports.dat
QNC,Europe/Zurich,OpenFlights airports.dat
QNJ,Europe/Paris,OpenFlights airports.dat
QNV,America/Sao_Paulo,OpenFlights airports.dat
QOW,Africa/Lagos,OpenFlights airports.dat
QPA,Europe/Rome,OpenFlights airports.dat
QPD,America/Havana,OpenFlights airports.dat
QPG,Asia/Singapore,OpenFlights airports.dat
QPS,America/Sao_Paulo,OpenFlights airports.dat
QRA,Africa/Johannesburg,OpenFlights airports.dat
QRC,America/Santiago,OpenFlights airports.dat
QRO,America/Mexico_City,OpenFlights airports.dat
QRW,Africa/Lagos,OpenFlights airports.dat
QSA,Europe/Madrid,OpenFlights airports.dat
QSC,America/Sao_Paulo,OpenFlights airports.dat
QSF,Africa/Algiers,OpenFlights airports.dat
QSR,Europe/Rome,OpenFlights airports.dat
QUO,Africa/Lagos,OpenFlights airports.dat
QUY,Europe/London,OpenFlights airports.dat
QXH,Europe/Berlin,OpenFlights airports.dat
QYD,Europe/Warsaw,OpenFlights airports.dat
RAB,Pacific/Port_Moresby,OpenFlights airports.dat
RAC,America/Chicago,OpenFlights airports.dat
RAE,Asia/Riyadh,OpenFlights airports.dat
RAH,Asia/Riyadh,OpenFlights airports.dat
RAI,Atlantic/Cape_Verde,OpenFlights airports.dat
RAJ,Asia/Calcutta,OpenFlights airports.dat
RAK,Africa/Casablanca,OpenFlights airports.dat
RAL,America/Los_Angeles,OpenFlights airports.dat
RAM,Australia/Darwin,OpenFlights airports.dat
RAO,America/Sao_Paulo,OpenFlights airports.dat
RAP,America/Denver,OpenFlights airports.dat
RAR,Pacific/Rarotonga,OpenFlights airports.dat
RAS,Asia/Tehran,OpenFlights airports.dat
RAT,Asia/Yekaterinburg,OpenFlights airports.dat
RAZ,Asia/Karachi,OpenFlights airports.dat
RBA,Africa/Casablanca,OpenFlights airports.dat
RBB,America/Boa_Vista,OpenFlights airports.dat
RBD,America/Chicago,OpenFlights airports.dat
RBE,Asia/Phnom_Penh,OpenFlights airports.dat
RBK,America/Los_Angeles,OpenFlights airports.dat
RBL,America/Los_Angeles,OpenFlights airports.dat
RBM,Europe/Berlin,OpenFlights airports.dat
RBQ,America/La_Paz,OpenFlights airports.dat
RBR,America/Rio_Branco,OpenFlights airports.dat
RBV,Pacific/Guadalcanal,OpenFlights airports.dat
RBX,Africa/Juba,OpenFlights airports.dat
RBY,America/Anchorage,OpenFlights airports.dat
RCA,America/Denver,OpenFlights airports.dat
RCB,Africa/Johannesburg,OpenFlights airports.dat
RCH,America/Bogota,OpenFlights airports.dat
RCL,Pacific/Efate,OpenFlights airports.dat
RCO,Europe/Paris,OpenFlights airports.dat
RCQ,America/Cordoba,OpenFlights airports.dat
RCS,Europe/London,OpenFlights airports.dat
RCU,America/Cordoba,OpenFlights airports.dat
RCY,America/Nassau,OpenFlights airports.dat
RDC,America/Belem,OpenFlights airports.dat
RDD,America/Los_Angeles,OpenFlights airports.dat
RDG,America/New_York,OpenFlights airports.dat
RDM,America/Los_Angeles,OpenFlights airports.dat
RDN,Asia/Kuala_Lumpur,OpenFlights airports.dat
RDO,Europe/Warsaw,OpenFlights airports.dat
RDR,America/Chicago,OpenFlights airports.dat
RDS,America/Argentina/Salta,OpenFlights airports.dat
RDU,America/New_York,OpenFlights airports.dat
RDZ,Europe/Paris,OpenFlights airports.dat
REB,Europe/Berlin,OpenFlights airports.dat
REC,America/Fortaleza,OpenFlights airports.dat
REG,Europe/Rome,OpenFlights airports.dat
REL,America/Catamarca,OpenFlights airports.dat
REN,Asia/Yekaterinburg,OpenFlights airports.dat
REP,Asia/Phnom_Penh,OpenFlights airports.dat
RER,America/Guatemala,OpenFlights airports.dat
RES,America/Cordoba,OpenFlights airports.dat
RET,Europe/Oslo,OpenFlights airports.dat
REU,Europe/Madrid,OpenFlights airports.dat
REX,America/Mexico_City,OpenFlights airports.dat
REY,America/La_Paz,OpenFlights airports.dat
RFD,America/Chicago,OpenFlights airports.dat
RFP,Pacific/Tahiti,OpenFlights airports.dat
RFS,America/Managua,OpenFlights airports.dat
RGA,America/Argentina/Ushuaia,OpenFlights airports.dat
RGI,Pacific/Tahiti,OpenFlights airports.dat
RGK,Asia/Krasnoyarsk,OpenFlights airports.dat
RGL,America/Argentina/Rio_Gallegos,OpenFlights airports.dat
RGN,Asia/Rangoon,OpenFlights airports.dat
RGO,Asia/Pyongyang,OpenFlights airports.dat
RGS,Europe/Madrid,OpenFlights airports.dat
RGT,Asia/Jakarta,OpenFlights airports.dat
RHD,America/Cordoba,OpenFlights airports.dat
RHE,Europe/Paris,OpenFlights airports.dat
RHI,America/Chicago,OpenFlights airports.dat
RHO,Europe/Athens,OpenFlights airports.dat
RHP,Asia/Katmandu,OpenFlights airports.dat
RIA,America/Sao_Paulo,OpenFlights airports.dat
RIB,America/La_Paz,OpenFlights airports.dat
RIC,America/New_York,OpenFlights airports.dat
RIL,America/Denver,OpenFlights airports.dat
RIN,Pacific/Guadalcanal,OpenFlights airports.dat
RIS,Asia/Tokyo,OpenFlights airports.dat
RIV,America/Los_Angeles,OpenFlights airports.dat
RIW,America/Denver,OpenFlights airports.dat
RIX,Europe/Riga,OpenFlights airports.dat
RIY,Asia/Aden,OpenFlights airports.dat
RJA,Asia/Calcutta,OpenFlights airports.dat
RJH,Asia/Dhaka,OpenFlights airports.dat
RJK,Europe/Zagreb,OpenFlights airports.dat
RJL,Europe/Madrid,OpenFlights airports.dat
RJN,Asia/Tehran,OpenFlights airports.dat
RKD,America/New_York,OpenFlights airports.dat
RKE,Europe/Copenhagen,OpenFlights airports.dat
RKH,America/New_York,OpenFlights airports.dat
RKP,America/Chicago,OpenFlights airports.dat
RKS,America/Denver,OpenFlights airports.dat
RKT,Asia/Dubai,OpenFlights airports.dat
RKV,Atlantic/Reykjavik,OpenFlights airports.dat
RKZ,Asia/Shanghai,OpenFlights airports.dat
RLG,Europe/Berlin,OpenFlights airports.dat
RLK,Asia/Shanghai,OpenFlights airports.dat
RMA,Australia/Brisbane,OpenFlights airports.dat
RME,America/New_York,OpenFlights airports.dat
RMF,Africa/Cairo,OpenFlights airports.dat
RMG,America/New_York,OpenFlights airports.dat
RMI,Europe/Rome,OpenFlights airports.dat
RMK,Australia/Adelaide,OpenFlights airports.dat
RML,Asia/Colombo,OpenFlights airports.dat
RMQ,Asia/Taipei,OpenFlights airports.dat
RMS,Europe/Berlin,OpenFlights airports.dat
RMY,America/Los_Angeles,OpenFlights airports.dat
RNA,Pacific/Guadalcanal,OpenFlights airports.dat
RNB,Europe/Stockholm,OpenFlights airports.dat
RND,America/Chicago,OpenFlights airports.dat
RNE,Europe/Paris,OpenFlights airports.dat
RNI,America/Managua,OpenFlights airports.dat
RNJ,Asia/Tokyo,OpenFlights airports.dat
RNL,Pacific/Guadalcanal,OpenFlights airports.dat
RNN,Europe/Copenhagen,OpenFlights airports.dat
RNO,America/Los_Angeles,OpenFlights airports.dat
RNS,Europe/Paris,OpenFlights airports.dat
RNT,America/Los_Angeles,OpenFlights airports.dat
ROA,America/New_York,OpenFlights airports.dat
ROB,Africa/Monrovia,OpenFlights airports.dat
ROC,America/New_York,OpenFlights airports.dat
ROD,Africa/Johannesburg,OpenFlights airports.dat
ROI,Asia/Bangkok,OpenFlights airports.dat
ROK,Australia/Brisbane,OpenFlights airports.dat
ROO,America/Campo_Grande,OpenFlights airports.dat
ROP,Pacific/Saipan,OpenFlights airports.dat
ROR,Pacific/Palau,OpenFlights airports.dat
ROS,America/Cordoba,OpenFlights airports.dat
ROT,Pacific/Auckland,OpenFlights airports.dat
ROV,Europe/Moscow,OpenFlights airports.dat
ROW,America/Denver,OpenFlights airports.dat
ROZ,Europe/Madrid,OpenFlights airports.dat
RPB,Australia/Darwin,OpenFlights airports.dat
RPN,Asia/Jerusalem,OpenFlights airports.dat
RPR,Asia/Calcutta,OpenFlights airports.dat
RRG,Indian/Mauritius,OpenFlights airports.dat
RRK,Asia/Calcutta,OpenFlights airports.dat
RRS,Europe/Oslo,OpenFlights airports.dat
RSA,America/Argentina/Salta,OpenFlights airports.dat
RSD,America/Nassau,OpenFlights airports.dat
RSH,America/Anchorage,OpenFlights airports.dat
RSS,Africa/Khartoum,OpenFlights airports.dat
RST,America/Chicago,OpenFlights airports.dat
RSU,Asia/Seoul,OpenFlights airports.dat
RSW,America/New_York,OpenFlights airports.dat
RTA,Pacific/Fiji,OpenFlights airports.dat
RTB,America/Tegucigalpa,OpenFlights airports.dat
RTG,Asia/Makassar,OpenFlights airports.dat
RTM,Europe/Amsterdam,OpenFlights airports.dat
RTS,Australia/Perth,OpenFlights airports.dat
RTW,Europe/Moscow,OpenFlights airports.dat
RUA,Africa/Kampala,OpenFlights airports.dat
RUD,Asia/Tehran,OpenFlights airports.dat
RUH,Asia/Riyadh,OpenFlights airports.dat
RUI,America/Denver,OpenFlights airports.dat
RUK,Asia/Katmandu,OpenFlights airports.dat
RUM,Asia/Katmandu,OpenFlights airports.dat
RUN,Indian/Reunion,OpenFlights airports.dat
RUS,Pacific/Guadalcanal,OpenFlights airports.dat
RUT,America/New_York,OpenFlights airports.dat
RVA,Indian/Antananarivo,OpenFlights airports.dat
RVD,America/Sao_Paulo,OpenFlights airports.dat
RVE,America/Bogota,OpenFlights airports.dat
RVK,Europe/Oslo,OpenFlights airports.dat
RVN,Europe/Helsinki,OpenFlights airports.dat
RVS,America/Chicago,OpenFlights airports.dat
RVT,Australia/Perth,OpenFlights airports.dat
RVV,Pacific/Tahiti,OpenFlights airports.dat
RVY,America/Montevideo,OpenFlights airports.dat
RWI,America/New_York,OpenFlights airports.dat
RWL,America/Denver,OpenFlights airports.dat
RWN,Europe/Kiev,OpenFlights airports.dat
RXS,Asia/Manila,OpenFlights airports.dat
RYB,Europe/Moscow,OpenFlights airports.dat
RYG,Europe/Oslo,OpenFlights airports.dat
RYK,Asia/Karachi,OpenFlights airports.dat
RYN,Europe/Paris,OpenFlights airports.dat
RZA,America/Argentina/Rio_Gallegos,OpenFlights airports.dat
RZE,Europe/Warsaw,OpenFlights airports.dat
RZP,Asia/Manila,OpenFlights airports.dat
RZR,Asia/Tehran,OpenFlights airports.dat
SAA,America/Denver,OpenFlights airports.dat
SAB,America/Curacao,OpenFlights airports.dat
SAC,America/Los_Angeles,OpenFlights airports.dat
SAD,America/Phoenix,OpenFlights airports.dat
SAF,America/Denver,OpenFlights airports.dat
SAH,Asia/Aden,OpenFlights airports.dat
SAK,Atlantic/Reykjavik,OpenFlights airports.dat
SAL,America/El_Salvador,OpenFlights airports.dat
SAN,America/Los_Angeles,OpenFlights airports.dat
SAP,America/Tegucigalpa,OpenFlights airports.dat
SAQ,America/Nassau,OpenFlights airports.dat
SAT,America/Chicago,OpenFlights airports.dat
SAV,America/New_York,OpenFlights airports.dat
SAW,Europe/Istanbul,OpenFlights airports.dat
SAY,Europe/Rome,OpenFlights airports.dat
SBA,America/Los_Angeles,OpenFlights airports.dat
SBB,America/Caracas,OpenFlights airports.dat
SBD,America/Los_Angeles,OpenFlights airports.dat
SBG,Asia/Jakarta,OpenFlights airports.dat
SBK,Europe/Paris,OpenFlights airports.dat
SBL,America/La_Paz,OpenFlights airports.dat
SBM,America/Chicago,OpenFlights airports.dat
SBN,America/New_York,OpenFlights airports.dat
SBP,America/Los_Angeles,OpenFlights airports.dat
SBR,Australia/Brisbane,OpenFlights airports.dat
SBS,America/Denver,OpenFlights airports.dat
SBU,Africa/Johannesburg,OpenFlights airports.dat
SBW,Asia/Kuala_Lumpur,OpenFlights airports.dat
SBY,America/New_York,OpenFlights airports.dat
SBZ,Europe/Bucharest,OpenFlights airports.dat
SCC,America/Anchorage,OpenFlights airports.dat
SCE,America/New_York,OpenFlights airports.dat
SCF,America/Phoenix,OpenFlights airports.dat
SCH,America/New_York,OpenFlights airports.dat
SCI,America/Caracas,OpenFlights airports.dat
SCK,America/Los_Angeles,OpenFlights airports.dat
SCL,America/Santiago,OpenFlights airports.dat
SCM,America/Anchorage,OpenFlights airports.dat
SCN,Europe/Berlin,OpenFlights airports.dat
SCO,Asia/Oral,OpenFlights airports.dat
SCQ,Europe/Madrid,OpenFlights airports.dat
SCS,Europe/London,OpenFlights airports.dat
SCT,Asia/Aden,OpenFlights airports.dat
SCU,America/Havana,OpenFlights airports.dat
SCV,Europe/Bucharest,OpenFlights airports.dat
SCW,Europe/Moscow,OpenFlights airports.dat
SCY,Pacific/Galapagos,OpenFlights airports.dat
SCZ,Pacific/Guadalcanal,OpenFlights airports.dat
SDB,Africa/Johannesburg,OpenFlights airports.dat
SDD,Africa/Luanda,OpenFlights airports.dat
SDE,America/Cordoba,OpenFlights airports.dat
SDF,America/New_York,OpenFlights airports.dat
SDG,Asia/Tehran,OpenFlights airports.dat
SDJ,Asia/Tokyo,OpenFlights airports.dat
SDK,Asia/Kuala_Lumpur,OpenFlights airports.dat
SDL,Europe/Stockholm,OpenFlights airports.dat
SDM,America/Los_Angeles,OpenFlights airports.dat
SDN,Europe/Oslo,OpenFlights airports.dat
SDP,America/Anchorage,OpenFlights airports.dat
SDQ,America/Santo_Domingo,OpenFlights airports.dat
SDR,Europe/Madrid,OpenFlights airports.dat
SDS,Asia/Tokyo,OpenFlights airports.dat
SDT,Asia/Karachi,OpenFlights airports.dat
SDU,America/Sao_Paulo,OpenFlights airports.dat
SDV,Asia/Jerusalem,OpenFlights airports.dat
SDX,America/Phoenix,OpenFlights airports.dat
SDY,America/Denver,OpenFlights airports.dat
SEA,America/Los_Angeles,OpenFlights airports.dat
SEB,Africa/Tripoli,OpenFlights airports.dat
SEE,America/Los_Angeles,OpenFlights airports.dat
SEF,America/New_York,OpenFlights airports.dat
SEH,Asia/Jayapura,OpenFlights airports.dat
SEK,Asia/Srednekolymsk,OpenFlights airports.dat
SEM,America/Chicago,OpenFlights airports.dat
SEN,Europe/London,OpenFlights airports.dat
SEP,America/Chicago,OpenFlights airports.dat
SEU,Africa/Dar_es_Salaam,OpenFlights airports.dat
SEY,Africa/Nouakchott,OpenFlights airports.dat
SEZ,Indian/Mahe,OpenFlights airports.dat
SFA,Africa/Tunis,OpenFlights airports.dat
SFB,America/New_York,OpenFlights airports.dat
SFC,America/Guadeloupe,OpenFlights airports.dat
SFD,America/Caracas,OpenFlights airports.dat
SFE,Asia/Manila,OpenFlights airports.dat
SFF,America/Los_Angeles,OpenFlights airports.dat
SFH,America/Tijuana,OpenFlights airports.dat
SFJ,America/Godthab,OpenFlights airports.dat
SFK,America/Belem,OpenFlights airports.dat
SFL,Atlantic/Cape_Verde,OpenFlights airports.dat
SFN,America/Cordoba,OpenFlights airports.dat
SFO,America/Los_Angeles,OpenFlights airports.dat
SFQ,Europe/Istanbul,OpenFlights airports.dat
SFS,Asia/Manila,OpenFlights airports.dat
SFT,Europe/Stockholm,OpenFlights airports.dat
SFZ,America/New_York,OpenFlights airports.dat
SGC,Asia/Yekaterinburg,OpenFlights airports.dat
SGD,Europe/Copenhagen,OpenFlights airports.dat
SGE,Europe/Berlin,OpenFlights airports.dat
SGF,America/Chicago,OpenFlights airports.dat
SGH,America/New_York,OpenFlights airports.dat
SGN,Asia/Saigon,OpenFlights airports.dat
SGO,Australia/Brisbane,OpenFlights airports.dat
SGR,America/Chicago,OpenFlights airports.dat
SGU,America/Denver,OpenFlights airports.dat
SGV,America/Argentina/Salta,OpenFlights airports.dat
SGX,Africa/Dar_es_Salaam,OpenFlights airports.dat
SGY,America/Anchorage,OpenFlights airports.dat
SGZ,Asia/Bangkok,OpenFlights airports.dat
SHA,Asia/Shanghai,OpenFlights airports.dat
SHB,Asia/Tokyo,OpenFlights airports.dat
SHD,America/New_York,OpenFlights airports.dat
SHE,Asia/Shanghai,OpenFlights airports.dat
SHG,America/Anchorage,OpenFlights airports.dat
SHH,America/Anchorage,OpenFlights airports.dat
SHI,Asia/Tokyo,OpenFlights airports.dat
SHJ,Asia/Dubai,OpenFlights airports.dat
SHL,Asia/Calcutta,OpenFlights airports.dat
SHM,Asia/Tokyo,OpenFlights airports.dat
SHN,America/Los_Angeles,OpenFlights airports.dat
SHP,Asia/Shanghai,OpenFlights airports.dat
SHR,America/Denver,OpenFlights airports.dat
SHT,Australia/Hobart,OpenFlights airports.dat
SHV,America/Chicago,OpenFlights airports.dat
SHW,Asia/Riyadh,OpenFlights airports.dat
SHX,America/Anchorage,OpenFlights airports.dat
SHY,Africa/Dar_es_Salaam,OpenFlights airports.dat
SIA,Asia/Shanghai,OpenFlights airports.dat
SID,Atlantic/Cape_Verde,OpenFlights airports.dat
SIF,Asia/Katmandu,OpenFlights airports.dat
SIG,America/Puerto_Rico,OpenFlights airports.dat
SIJ,Atlantic/Reykjavik,OpenFlights airports.dat
SIK,America/Chicago,OpenFlights airports.dat
SIN,Asia/Singapore,OpenFlights airports.dat
SIP,Europe/Simferopol,OpenFlights airports.dat
SIQ,Asia/Jakarta,OpenFlights airports.dat
SIR,Europe/Zurich,OpenFlights airports.dat
SIS,Africa/Johannesburg,OpenFlights airports.dat
SIT,America/Anchorage,OpenFlights airports.dat
SIU,America/Managua,OpenFlights airports.dat
SJC,America/Los_Angeles,OpenFlights airports.dat
SJD,America/Mazatlan,OpenFlights airports.dat
SJE,America/Bogota,OpenFlights airports.dat
SJI,Asia/Manila,OpenFlights airports.dat
SJJ,Europe/Sarajevo,OpenFlights airports.dat
SJK,America/Sao_Paulo,OpenFlights airports.dat
SJL,America/Boa_Vista,OpenFlights airports.dat
SJO,America/Costa_Rica,OpenFlights airports.dat
SJP,America/Sao_Paulo,OpenFlights airports.dat
SJT,America/Chicago,OpenFlights airports.dat
SJU,America/Puerto_Rico,OpenFlights airports.dat
SJW,Asia/Shanghai,OpenFlights airports.dat
SJY,Europe/Helsinki,OpenFlights airports.dat
SJZ,Atlantic/Azores,OpenFlights airports.dat
SKA,America/Los_Angeles,OpenFlights airports.dat
SKB,America/St_Kitts,OpenFlights airports.dat
SKD,Asia/Samarkand,OpenFlights airports.dat
SKE,Europe/Oslo,OpenFlights airports.dat
SKF,America/Chicago,OpenFlights airports.dat
SKG,Europe/Athens,OpenFlights airports.dat
SKH,Asia/Katmandu,OpenFlights airports.dat
SKK,America/Anchorage,OpenFlights airports.dat
SKN,Europe/Oslo,OpenFlights airports.dat
SKO,Africa/Lagos,OpenFlights airports.dat
SKP,Europe/Skopje,OpenFlights airports.dat
SKS,Europe/Copenhagen,OpenFlights airports.dat
SKT,Asia/Karachi,OpenFlights airports.dat
SKU,Europe/Athens,OpenFlights airports.dat
SKV,Africa/Cairo,OpenFlights airports.dat
SKX,Europe/Moscow,OpenFlights airports.dat
SKY,America/New_York,OpenFlights airports.dat
SKZ,Asia/Karachi,OpenFlights airports.dat
SLA,America/Argentina/Salta,OpenFlights airports.dat
SLC,America/Denver,OpenFlights airports.dat
SLD,Europe/Bratislava,OpenFlights airports.dat
SLE,America/Los_Angeles,OpenFlights airports.dat
SLF,Asia/Riyadh,OpenFlights airports.dat
SLH,Pacific/Efate,OpenFlights airports.dat
SLJ,Australia/Perth,OpenFlights airports.dat
SLK,America/New_York,OpenFlights airports.dat
SLL,Asia/Muscat,OpenFlights airports.dat
SLM,Europe/Madrid,OpenFlights airports.dat
SLN,America/Chicago,OpenFlights airports.dat
SLP,America/Mexico_City,OpenFlights airports.dat
SLQ,America/Anchorage,OpenFlights airports.dat
SLU,America/St_Lucia,OpenFlights airports.dat
SLV,Asia/Calcutta,OpenFlights airports.dat
SLW,America/Mexico_City,OpenFlights airports.dat
SLX,America/Grand_Turk,OpenFlights airports.dat
SLY,Asia/Yekaterinburg,OpenFlights airports.dat
SLZ,America/Fortaleza,OpenFlights airports.dat
SMA,Atlantic/Azores,OpenFlights airports.dat
SMD,America/New_York,OpenFlights airports.dat
SME,America/New_York,OpenFlights airports.dat
SMF,America/Los_Angeles,OpenFlights airports.dat
SMI,Europe/Athens,OpenFlights airports.dat
SMK,America/Anchorage,OpenFlights airports.dat
SML,America/Nassau,OpenFlights airports.dat
SMN,America/Denver,OpenFlights airports.dat
SMO,America/Los_Angeles,OpenFlights airports.dat
SMQ,Asia/Jakarta,OpenFlights airports.dat
SMR,America/Bogota,OpenFlights airports.dat
SMS,Indian/Antananarivo,OpenFlights airports.dat
SMV,Europe/Zurich,OpenFlights airports.dat
SMW,Africa/El_Aaiun,OpenFlights airports.dat
SMX,America/Los_Angeles,OpenFlights airports.dat
SMZ,America/Paramaribo,OpenFlights airports.dat
SNA,America/Los_Angeles,OpenFlights airports.dat
SNC,America/Guayaquil,OpenFlights airports.dat
SNE,Atlantic/Cape_Verde,OpenFlights airports.dat
SNF,America/Caracas,OpenFlights airports.dat
SNN,Europe/Dublin,OpenFlights airports.dat
SNO,Asia/Bangkok,OpenFlights airports.dat
SNP,America/Anchorage,OpenFlights airports.dat
SNR,Europe/Paris,OpenFlights airports.dat
SNU,America/Havana,OpenFlights airports.dat
SNV,America/Caracas,OpenFlights airports.dat
SNW,Asia/Rangoon,OpenFlights airports.dat
SNY,America/Denver,OpenFlights airports.dat
SNZ,America/Sao_Paulo,OpenFlights airports.dat
SOB,Europe/Budapest,OpenFlights airports.dat
SOC,Asia/Jakarta,OpenFlights airports.dat
SOD,America/Sao_Paulo,OpenFlights airports.dat
SOF,Europe/Sofia,OpenFlights airports.dat
SOG,Europe/Oslo,OpenFlights airports.dat
SOJ,Europe/Oslo,OpenFlights airports.dat
SOM,America/Caracas,OpenFlights airports.dat
SON,Pacific/Efate,OpenFlights airports.dat
SOO,Europe/Stockholm,OpenFlights airports.dat
SOP,America/New_York,OpenFlights airports.dat
SOQ,Asia/Jayapura,OpenFlights airports.dat
SOT,Europe/Helsinki,OpenFlights airports.dat
SOU,Europe/London,OpenFlights airports.dat
SOW,America/Phoenix,OpenFlights airports.dat
SOY,Europe/London,OpenFlights airports.dat
SOZ,Europe/Paris,OpenFlights airports.dat
SPB,America/St_Thomas,OpenFlights airports.dat
SPC,Atlantic/Canary,OpenFlights airports.dat
SPD,Asia/Dhaka,OpenFlights airports.dat
SPF,America/Denver,OpenFlights airports.dat
SPG,America/New_York,OpenFlights airports.dat
SPI,America/Chicago,OpenFlights airports.dat
SPJ,Europe/Athens,OpenFlights airports.dat
SPM,Europe/Berlin,OpenFlights airports.dat
SPN,Pacific/Saipan,OpenFlights airports.dat
SPP,Africa/Luanda,OpenFlights airports.dat
SPR,America/Belize,OpenFlights airports.dat
SPS,America/Chicago,OpenFlights airports.dat
SPU,Europe/Zagreb,OpenFlights airports.dat
SPW,America/Chicago,OpenFlights airports.dat
SPY,Africa/Abidjan,OpenFlights airports.dat
SQG,Asia/Jakarta,OpenFlights airports.dat
SQH,Asia/Saigon,OpenFlights airports.dat
SQL,America/Los_Angeles,OpenFlights airports.dat
SQO,Europe/Stockholm,OpenFlights airports.dat
SQQ,Europe/Vilnius,OpenFlights airports.dat
SQR,Asia/Makassar,OpenFlights airports.dat
SQW,Europe/Copenhagen,OpenFlights airports.dat
SQZ,Europe/London,OpenFlights airports.dat
SRA,America/Sao_Paulo,OpenFlights airports.dat
SRE,America/La_Paz,OpenFlights airports.dat
SRG,Asia/Jakarta,OpenFlights airports.dat
SRH,Africa/Ndjamena,OpenFlights airports.dat
SRI,Asia/Makassar,OpenFlights airports.dat
SRJ,America/La_Paz,OpenFlights airports.dat
SRN,Australia/Melbourne,OpenFlights airports.dat
SRP,Europe/Oslo,OpenFlights airports.dat
SRQ,America/New_York,OpenFlights airports.dat
SRT,Africa/Kampala,OpenFlights airports.dat
SRX,Africa/Tripoli,OpenFlights airports.dat
SRY,Asia/Tehran,OpenFlights airports.dat
SRZ,America/La_Paz,OpenFlights airports.dat
SSA,America/Fortaleza,OpenFlights airports.dat
SSC,America/New_York,OpenFlights airports.dat
SSE,Asia/Calcutta,OpenFlights airports.dat
SSG,Africa/Malabo,OpenFlights airports.dat
SSH,Africa/Cairo,OpenFlights airports.dat
SSI,America/New_York,OpenFlights airports.dat
SSJ,Europe/Oslo,OpenFlights airports.dat
SSN,Asia/Seoul,OpenFlights airports.dat
SSR,Pacific/Efate,OpenFlights airports.dat
SST,America/Buenos_Aires,OpenFlights airports.dat
SSY,Africa/Luanda,OpenFlights airports.dat
SSZ,America/Sao_Paulo,OpenFlights airports.dat
STA,Europe/Copenhagen,OpenFlights airports.dat
STB,America/Caracas,OpenFlights airports.dat
STC,America/Chicago,OpenFlights airports.dat
STD,America/Caracas,OpenFlights airports.dat
STE,America/Chicago,OpenFlights airports.dat
STG,America/Anchorage,OpenFlights airports.dat
STI,America/Santo_Domingo,OpenFlights airports.dat
STJ,America/Chicago,OpenFlights airports.dat
STK,America/Denver,OpenFlights airports.dat
STL,America/Chicago,OpenFlights airports.dat
STM,America/Belem,OpenFlights airports.dat
STN,Europe/London,OpenFlights airports.dat
STP,America/Chicago,OpenFlights airports.dat
STR,Europe/Berlin,OpenFlights airports.dat
STS,America/Los_Angeles,OpenFlights airports.dat
STT,America/St_Thomas,OpenFlights airports.dat
STV,Asia/Calcutta,OpenFlights airports.dat
STW,Europe/Moscow,OpenFlights airports.dat
STX,America/St_Thomas,OpenFlights airports.dat
STY,America/Montevideo,OpenFlights airports.dat
STZ,America/Campo_Grande,OpenFlights airports.dat
SUA,America/New_York,OpenFlights airports.dat
SUB,Asia/Jakarta,OpenFlights airports.dat
SUF,Europe/Rome,OpenFlights airports.dat
SUG,Asia/Manila,OpenFlights airports.dat
SUI,Asia/Tbilisi,OpenFlights airports.dat
SUJ,Europe/Bucharest,OpenFlights airports.dat
SUL,Asia/Karachi,OpenFlights airports.dat
SUN,America/Denver,OpenFlights airports.dat
SUR,America/Toronto,OpenFlights airports.dat
SUS,America/Chicago,OpenFlights airports.dat
SUU,America/Los_Angeles,OpenFlights airports.dat
SUV,Pacific/Fiji,OpenFlights airports.dat
SUX,America/Chicago,OpenFlights airports.dat
SUY,Asia/Yakutsk,OpenFlights airports.dat
SVA,America/Anchorage,OpenFlights airports.dat
SVB,Indian/Antananarivo,OpenFlights airports.dat
SVD,America/St_Vincent,OpenFlights airports.dat
SVG,Europe/Oslo,OpenFlights airports.dat
SVH,America/New_York,OpenFlights airports.dat
SVI,America/Bogota,OpenFlights airports.dat
SVJ,Europe/Oslo,OpenFlights airports.dat
SVL,Europe/Helsinki,OpenFlights airports.dat
SVN,America/New_York,OpenFlights airports.dat
SVO,Europe/Moscow,OpenFlights airports.dat
SVP,Africa/Luanda,OpenFlights airports.dat
SVQ,Europe/Madrid,OpenFlights airports.dat
SVU,Pacific/Fiji,OpenFlights airports.dat
SVW,America/Anchorage,OpenFlights airports.dat
SVX,Asia/Yekaterinburg,OpenFlights airports.dat
SVZ,America/Caracas,OpenFlights airports.dat
SWA,Asia/Shanghai,OpenFlights airports.dat
SWD,America/Anchorage,OpenFlights airports.dat
SWF,America/New_York,OpenFlights airports.dat
SWJ,Pacific/Efate,OpenFlights airports.dat
SWO,America/Chicago,OpenFlights airports.dat
SWP,Africa/Windhoek,OpenFlights airports.dat
SWQ,Asia/Makassar,OpenFlights airports.dat
SWS,Europe/London,OpenFlights airports.dat
SWT,Asia/Krasnoyarsk,OpenFlights airports.dat
SWU,Asia/Seoul,OpenFlights airports.dat
SWX,Africa/Gaborone,OpenFlights airports.dat
SXB,Europe/Paris,OpenFlights airports.dat
SXF,Europe/Berlin,OpenFlights airports.dat
SXI,Asia/Tehran,OpenFlights airports.dat
SXL,Europe/Dublin,OpenFlights airports.dat
SXM,America/Curacao,OpenFlights airports.dat
SXO,America/Campo_Grande,OpenFlights airports.dat
SXQ,America/Anchorage,OpenFlights airports.dat
SXR,Asia/Calcutta,OpenFlights airports.dat
SXV,Asia/Calcutta,OpenFlights airports.dat
SXX,America/Belem,OpenFlights airports.dat
SXZ,Europe/Istanbul,OpenFlights airports.dat
SYA,America/Adak,OpenFlights airports.dat
SYD,Australia/Sydney,OpenFlights airports.dat
SYH,Asia/Katmandu,OpenFlights airports.dat
SYJ,Asia/Tehran,OpenFlights airports.dat
SYM,Asia/Shanghai,OpenFlights airports.dat
SYO,Asia/Tokyo,OpenFlights airports.dat
SYP,America/Panama,OpenFlights airports.dat
SYQ,America/Costa_Rica,OpenFlights airports.dat
SYR,America/New_York,OpenFlights airports.dat
SYS,Asia/Yakutsk,OpenFlights airports.dat
SYT,Europe/Paris,OpenFlights airports.dat
SYU,Australia/Brisbane,OpenFlights airports.dat
SYW,Asia/Karachi,OpenFlights airports.dat
SYX,Asia/Shanghai,OpenFlights airports.dat
SYY,Europe/London,OpenFlights airports.dat
SYZ,Asia/Tehran,OpenFlights airports.dat
SZA,Africa/Luanda,OpenFlights airports.dat
SZB,Asia/Kuala_Lumpur,OpenFlights airports.dat
SZF,Europe/Istanbul,OpenFlights airports.dat
SZG,Europe/Vienna,OpenFlights airports.dat
SZJ,America/Havana,OpenFlights airports.dat
SZK,Africa/Johannesburg,OpenFlights airports.dat
SZL,America/Chicago,OpenFlights airports.dat
SZR,Europe/Sofia,OpenFlights airports.dat
SZS,Pacific/Auckland,OpenFlights airports.dat
SZT,America/Mexico_City,OpenFlights airports.dat
SZV,Asia/Shanghai,OpenFlights airports.dat
SZW,Europe/Berlin,OpenFlights airports.dat
SZX,Asia/Shanghai,OpenFlights airports.dat
SZZ,Europe/Warsaw,OpenFlights airports.dat
TAB,America/Port_of_Spain,OpenFlights airports.dat
TAC,Asia/Manila,OpenFlights airports.dat
TAE,Asia/Seoul,OpenFlights airports.dat
TAF,Africa/Algiers,OpenFlights airports.dat
TAG,Asia/Manila,OpenFlights airports.dat
TAH,Pacific/Efate,OpenFlights airports.dat
TAI,Asia/Aden,OpenFlights airports.dat
TAK,Asia/Tokyo,OpenFlights airports.dat
TAM,America/Mexico_City,OpenFlights airports.dat
TAO,Asia/Shanghai,OpenFlights airports.dat
TAP,America/Mexico_City,OpenFlights airports.dat
TAR,Europe/Rome,OpenFlights airports.dat
TAS,Asia/Samarkand,OpenFlights airports.dat
TAT,Europe/Bratislava,OpenFlights airports.dat
TAY,Europe/Tallinn,OpenFlights airports.dat
TAZ,Asia/Ashgabat,OpenFlights airports.dat
TBB,Asia/Saigon,OpenFlights airports.dat
TBG,Pacific/Port_Moresby,OpenFlights airports.dat
TBH,Asia/Manila,OpenFlights airports.dat
TBI,America/Nassau,OpenFlights airports.dat
TBJ,Africa/Tunis,OpenFlights airports.dat
TBN,America/Chicago,OpenFlights airports.dat
TBO,Africa/Dar_es_Salaam,OpenFlights airports.dat
TBP,America/Lima,OpenFlights airports.dat
TBS,Asia/Tbilisi,OpenFlights airports.dat
TBT,America/Boa_Vista,OpenFlights airports.dat
TBU,Pacific/Tongatapu,OpenFlights airports.dat
TBW,Europe/Moscow,OpenFlights airports.dat
TBZ,Asia/Tehran,OpenFlights airports.dat
TCA,Australia/Darwin,OpenFlights airports.dat
TCB,America/Nassau,OpenFlights airports.dat
TCC,America/Denver,OpenFlights airports.dat
TCE,Europe/Bucharest,OpenFlights airports.dat
TCG,Asia/Shanghai,OpenFlights airports.dat
TCH,Africa/Libreville,OpenFlights airports.dat
TCL,America/Chicago,OpenFlights airports.dat
TCM,America/Los_Angeles,OpenFlights airports.dat
TCN,America/Mexico_City,OpenFlights airports.dat
TCO,America/Bogota,OpenFlights airports.dat
TCP,Africa/Cairo,OpenFlights airports.dat
TCQ,America/Lima,OpenFlights airports.dat
TCS,America/Denver,OpenFlights airports.dat
TCX,Asia/Tehran,OpenFlights airports.dat
TCZ,Asia/Shanghai,OpenFlights airports.dat
TDD,America/La_Paz,OpenFlights airports.dat
TDG,Asia/Manila,OpenFlights airports.dat
TDJ,Africa/Djibouti,OpenFlights airports.dat
TDL,America/Buenos_Aires,OpenFlights airports.dat
TDR,Australia/Brisbane,OpenFlights airports.dat
TDX,Asia/Bangkok,OpenFlights airports.dat
TEA,America/Tegucigalpa,OpenFlights airports.dat
TEB,America/New_York,OpenFlights airports.dat
TEC,America/Sao_Paulo,OpenFlights airports.dat
TED,Europe/Copenhagen,OpenFlights airports.dat
TEE,Africa/Algiers,OpenFlights airports.dat
TEF,Australia/Perth,OpenFlights airports.dat
TEM,Australia/Sydney,OpenFlights airports.dat
TEN,Asia/Shanghai,OpenFlights airports.dat
TEQ,Europe/Istanbul,OpenFlights airports.dat
TER,Atlantic/Azores,OpenFlights airports.dat
TET,Africa/Maputo,OpenFlights airports.dat
TEU,Pacific/Auckland,OpenFlights airports.dat
TEX,America/Denver,OpenFlights airports.dat
TEZ,Asia/Calcutta,OpenFlights airports.dat
TFF,America/Boa_Vista,OpenFlights airports.dat
TFN,Atlantic/Canary,OpenFlights airports.dat
TFS,Atlantic/Canary,OpenFlights airports.dat
TGA,Asia/Singapore,OpenFlights airports.dat
TGD,Europe/Podgorica,OpenFlights airports.dat
TGG,Asia/Kuala_Lumpur,OpenFlights airports.dat
TGH,Pacific/Efate,OpenFlights airports.dat
TGI,America/Lima,OpenFlights airports.dat
TGJ,Pacific/Noumea,OpenFlights airports.dat
TGK,Europe/Moscow,OpenFlights airports.dat
TGM,Europe/Bucharest,OpenFlights airports.dat
TGO,Asia/Shanghai,OpenFlights airports.dat
TGP,Asia/Krasnoyarsk,OpenFlights airports.dat
TGR,Africa/Algiers,OpenFlights airports.dat
TGT,Africa/Dar_es_Salaam,OpenFlights airports.dat
TGU,America/Tegucigalpa,OpenFlights airports.dat
TGZ,America/Mexico_City,OpenFlights airports.dat
THE,America/Fortaleza,OpenFlights airports.dat
THF,Europe/Berlin,OpenFlights airports.dat
THG,Australia/Brisbane,OpenFlights airports.dat
THL,Asia/Rangoon,OpenFlights airports.dat
THN,Europe/Stockholm,OpenFlights airports.dat
THO,Atlantic/Reykjavik,OpenFlights airports.dat
THQ,Asia/Shanghai,OpenFlights airports.dat
THR,Asia/Tehran,OpenFlights airports.dat
THS,Asia/Bangkok,OpenFlights airports.dat
THU,America/Thule,OpenFlights airports.dat
THX,Asia/Krasnoyarsk,OpenFlights airports.dat
THZ,Africa/Niamey,OpenFlights airports.dat
TIA,Europe/Tirane,OpenFlights airports.dat
TID,Africa/Algiers,OpenFlights airports.dat
TIE,Africa/Addis_Ababa,OpenFlights airports.dat
TIF,Asia/Riyadh,OpenFlights airports.dat
TIH,Pacific/Tahiti,OpenFlights airports.dat
TII,Asia/Kabul,OpenFlights airports.dat
TIJ,America/Tijuana,OpenFlights airports.dat
TIK,America/Chicago,OpenFlights airports.dat
TIM,Asia/Jayapura,OpenFlights airports.dat
TIN,Africa/Algiers,OpenFlights airports.dat
TIP,Africa/Tripoli,OpenFlights airports.dat
TIQ,Pacific/Saipan,OpenFlights airports.dat
TIR,Asia/Calcutta,OpenFlights airports.dat
TIU,Pacific/Auckland,OpenFlights airports.dat
TIV,Europe/Podgorica,OpenFlights airports.dat
TIW,America/Los_Angeles,OpenFlights airports.dat
TIX,America/New_York,OpenFlights airports.dat
TIY,Africa/Nouakchott,OpenFlights airports.dat
TIZ,Pacific/Port_Moresby,OpenFlights airports.dat
TJA,America/La_Paz,OpenFlights airports.dat
TJG,Asia/Makassar,OpenFlights airports.dat
TJH,Asia/Tokyo,OpenFlights airports.dat
TJI,America/Tegucigalpa,OpenFlights airports.dat
TJK,Europe/Istanbul,OpenFlights airports.dat
TJL,America/Campo_Grande,OpenFlights airports.dat
TJM,Asia/Yekaterinburg,OpenFlights airports.dat
TJQ,Asia/Jakarta,OpenFlights airports.dat
TJS,Asia/Makassar,OpenFlights airports.dat
TJU,Asia/Dushanbe,OpenFlights airports.dat
TJV,Asia/Calcutta,OpenFlights airports.dat
TKA,America/Anchorage,OpenFlights airports.dat
TKC,Africa/Douala,OpenFlights airports.dat
TKD,Africa/Accra,OpenFlights airports.dat
TKF,America/Los_Angeles,OpenFlights airports.dat
TKG,Asia/Jakarta,OpenFlights airports.dat
TKH,Asia/Bangkok,OpenFlights airports.dat
TKJ,America/Anchorage,OpenFlights airports.dat
TKK,Pacific/Truk,OpenFlights airports.dat
TKN,Asia/Tokyo,OpenFlights airports.dat
TKP,Pacific/Tahiti,OpenFlights airports.dat
TKQ,Africa/Dar_es_Salaam,OpenFlights airports.dat
TKS,Asia/Tokyo,OpenFlights airports.dat
TKT,Asia/Bangkok,OpenFlights airports.dat
TKU,Europe/Helsinki,OpenFlights airports.dat
TKX,Pacific/Tahiti,OpenFlights airports.dat
TLA,America/Anchorage,OpenFlights airports.dat
TLC,America/Mexico_City,OpenFlights airports.dat
TLD,Africa/Gaborone,OpenFlights airports.dat
TLE,Indian/Antananarivo,OpenFlights airports.dat
TLH,America/New_York,OpenFlights airports.dat
TLJ,America/Anchorage,OpenFlights airports.dat
TLL,Europe/Tallinn,OpenFlights airports.dat
TLM,Africa/Algiers,OpenFlights airports.dat
TLN,Europe/Paris,OpenFlights airports.dat
TLQ,Asia/Shanghai,OpenFlights airports.dat
TLS,Europe/Paris,OpenFlights airports.dat
TLU,America/Bogota,OpenFlights airports.dat
TLV,Asia/Jerusalem,OpenFlights airports.dat
TMA,America/New_York,OpenFlights airports.dat
TMB,America/New_York,OpenFlights airports.dat
TMC,Asia/Makassar,OpenFlights airports.dat
TME,America/Bogota,OpenFlights airports.dat
TMG,Asia/Kuala_Lumpur,OpenFlights airports.dat
TMI,Asia/Katmandu,OpenFlights airports.dat
TMJ,Asia/Samarkand,OpenFlights airports.dat
TML,Africa/Accra,OpenFlights airports.dat
TMM,Indian/Antananarivo,OpenFlights airports.dat
TMN,Pacific/Tarawa,OpenFlights airports.dat
TMO,America/Caracas,OpenFlights airports.dat
TMP,Europe/Helsinki,OpenFlights airports.dat
TMR,Africa/Algiers,OpenFlights airports.dat
TMS,Africa/Sao_Tome,OpenFlights airports.dat
TMT,America/Belem,OpenFlights airports.dat
TMU,America/Costa_Rica,OpenFlights airports.dat
TMW,Australia/Sydney,OpenFlights airports.dat
TMX,Africa/Algiers,OpenFlights airports.dat
TNA,Asia/Shanghai,OpenFlights airports.dat
TNC,America/Anchorage,OpenFlights airports.dat
TND,America/Havana,OpenFlights airports.dat
TNE,Asia/Tokyo,OpenFlights airports.dat
TNF,Europe/Paris,OpenFlights airports.dat
TNG,Africa/Casablanca,OpenFlights airports.dat
TNH,Asia/Shanghai,OpenFlights airports.dat
TNI,Asia/Calcutta,OpenFlights airports.dat
TNJ,Asia/Jakarta,OpenFlights airports.dat
TNM,Antarctica/South_Pole,OpenFlights airports.dat
TNN,Asia/Taipei,OpenFlights airports.dat
TNR,Indian/Antananarivo,OpenFlights airports.dat
TNT,America/New_York,OpenFlights airports.dat
TNX,Asia/Phnom_Penh,OpenFlights airports.dat
TOA,America/Los_Angeles,OpenFlights airports.dat
TOB,Africa/Tripoli,OpenFlights airports.dat
TOC,America/New_York,OpenFlights airports.dat
TOD,Asia/Kuala_Lumpur,OpenFlights airports.dat
TOE,Africa/Tunis,OpenFlights airports.dat
TOF,Asia/Krasnoyarsk,OpenFlights airports.dat
TOG,America/Anchorage,OpenFlights airports.dat
TOH,Pacific/Efate,OpenFlights airports.dat
TOJ,Europe/Madrid,OpenFlights airports.dat
TOL,America/New_York,OpenFlights airports.dat
TOM,Africa/Bamako,OpenFlights airports.dat
TOO,America/Costa_Rica,OpenFlights airports.dat
TOP,America/Chicago,OpenFlights airports.dat
TOS,Europe/Oslo,OpenFlights airports.dat
TOT,America/Paramaribo,OpenFlights airports.dat
TOU,Pacific/Noumea,OpenFlights airports.dat
TOW,America/Sao_Paulo,OpenFlights airports.dat
TOY,Asia/Tokyo,OpenFlights airports.dat
TPA,America/New_York,OpenFlights airports.dat
TPC,America/Guayaquil,OpenFlights airports.dat
TPE,Asia/Taipei,OpenFlights airports.dat
TPJ,Asia/Katmandu,OpenFlights airports.dat
TPL,America/Chicago,OpenFlights airports.dat
TPN,America/Guayaquil,OpenFlights airports.dat
TPP,America/Lima,OpenFlights airports.dat
TPQ,America/Mazatlan,OpenFlights airports.dat
TPS,Europe/Rome,OpenFlights airports.dat
TQD,Asia/Baghdad,OpenFlights airports.dat
TQQ,Asia/Makassar,OpenFlights airports.dat
TRA,Asia/Tokyo,OpenFlights airports.dat
TRC,America/Mexico_City,OpenFlights airports.dat
TRD,Europe/Oslo,OpenFlights airports.dat
TRE,Europe/London,OpenFlights airports.dat
TRF,Europe/Oslo,OpenFlights airports.dat
TRG,Pacific/Auckland,OpenFlights airports.dat
TRI,America/New_York,OpenFlights airports.dat
TRK,Asia/Makassar,OpenFlights airports.dat
TRM,America/Los_Angeles,OpenFlights airports.dat
TRN,Europe/Rome,OpenFlights airports.dat
TRO,Australia/Sydney,OpenFlights airports.dat
TRQ,America/Rio_Branco,OpenFlights airports.dat
TRR,Asia/Colombo,OpenFlights airports.dat
TRS,Europe/Rome,OpenFlights airports.dat
TRU,America/Lima,OpenFlights airports.dat
TRV,Asia/Calcutta,OpenFlights airports.dat
TRW,Pacific/Tarawa,OpenFlights airports.dat
TRZ,Asia/Calcutta,OpenFlights airports.dat
TSA,Asia/Taipei,OpenFlights airports.dat
TSB,Africa/Windhoek,OpenFlights airports.dat
TSE,Asia/Qyzylorda,OpenFlights airports.dat
TSF,Europe/Rome,OpenFlights airports.dat
TSH,Africa/Lubumbashi,OpenFlights airports.dat
TSJ,Asia/Tokyo,OpenFlights airports.dat
TSL,America/Mexico_City,OpenFlights airports.dat
TSN,Asia/Shanghai,OpenFlights airports.dat
TSR,Europe/Bucharest,OpenFlights airports.dat
TST,Asia/Bangkok,OpenFlights airports.dat
TSU,Pacific/Tarawa,OpenFlights airports.dat
TSV,Australia/Brisbane,OpenFlights airports.dat
TSX,Asia/Makassar,OpenFlights airports.dat
TSY,Asia/Jakarta,OpenFlights airports.dat
TTA,Africa/Casablanca,OpenFlights airports.dat
TTB,Europe/Rome,OpenFlights airports.dat
TTD,America/Los_Angeles,OpenFlights airports.dat
TTE,Asia/Jayapura,OpenFlights airports.dat
TTG,America/Argentina/Salta,OpenFlights airports.dat
TTH,Asia/Muscat,OpenFlights airports.dat
TTI,Pacific/Tahiti,OpenFlights airports.dat
TTJ,Asia/Tokyo,OpenFlights airports.dat
TTN,America/New_York,OpenFlights airports.dat
TTQ,America/Costa_Rica,OpenFlights airports.dat
TTR,Asia/Makassar,OpenFlights airports.dat
TTT,Asia/Taipei,OpenFlights airports.dat
TTU,Africa/Casablanca,OpenFlights airports.dat
TUA,America/Guayaquil,OpenFlights airports.dat
TUB,Pacific/Tahiti,OpenFlights airports.dat
TUC,America/Argentina/Tucuman,OpenFlights airports.dat
TUD,Africa/Dakar,OpenFlights airports.dat
TUF,Europe/Paris,OpenFlights airports.dat
TUG,Asia/Manila,OpenFlights airports.dat
TUI,Asia/Riyadh,OpenFlights airports.dat
TUK,Asia/Karachi,OpenFlights airports.dat
TUL,America/Chicago,OpenFlights airports.dat
TUN,Africa/Tunis,OpenFlights airports.dat
TUO,Pacific/Auckland,OpenFlights airports.dat
TUP,America/Chicago,OpenFlights airports.dat
TUR,America/Belem,OpenFlights airports.dat
TUS,America/Phoenix,OpenFlights airports.dat
TUU,Asia/Riyadh,OpenFlights airports.dat
TUV,America/Caracas,OpenFlights airports.dat
TVA,Indian/Antananarivo,OpenFlights airports.dat
TVC,America/New_York,OpenFlights airports.dat
TVF,America/Chicago,OpenFlights airports.dat
TVI,America/New_York,OpenFlights airports.dat
TVL,America/Los_Angeles,OpenFlights airports.dat
TVU,Pacific/Fiji,OpenFlights airports.dat
TVY,Asia/Rangoon,OpenFlights airports.dat
TWB,Australia/Brisbane,OpenFlights airports.dat
TWF,America/Denver,OpenFlights airports.dat
TWT,Asia/Manila,OpenFlights airports.dat
TWU,Asia/Kuala_Lumpur,OpenFlights airports.dat
TWZ,Pacific/Auckland,OpenFlights airports.dat
TXG,Asia/Taipei,OpenFlights airports.dat
TXK,America/Chicago,OpenFlights airports.dat
TXL,Europe/Berlin,OpenFlights airports.dat
TXN,Asia/Shanghai,OpenFlights airports.dat
TYF,Europe/Stockholm,OpenFlights airports.dat
TYL,America/Lima,OpenFlights airports.dat
TYM,America/Nassau,OpenFlights airports.dat
TYN,Asia/Shanghai,OpenFlights airports.dat
TYR,America/Chicago,OpenFlights airports.dat
TYS,America/New_York,OpenFlights airports.dat
TZL,Europe/Sarajevo,OpenFlights airports.dat
TZR,Europe/Budapest,OpenFlights airports.dat
TZX,Europe/Istanbul,OpenFlights airports.dat
UAB,Europe/Istanbul,OpenFlights airports.dat
UAH,Pacific/Marquesas,OpenFlights airports.dat
UAI,Asia/Dili,OpenFlights airports.dat
UAK,America/Godthab,OpenFlights airports.dat
UAM,Pacific/Guam,OpenFlights airports.dat
UAP,Pacific/Marquesas,OpenFlights airports.dat
UAQ,America/Argentina/San_Juan,OpenFlights airports.dat
UAR,Africa/Casablanca,OpenFlights airports.dat
UAS,Africa/Nairobi,OpenFlights airports.dat
UBA,America/Sao_Paulo,OpenFlights airports.dat
UBB,Australia/Brisbane,OpenFlights airports.dat
UBJ,Asia/Tokyo,OpenFlights airports.dat
UBP,Asia/Bangkok,OpenFlights airports.dat
UCK,Europe/Kiev,OpenFlights airports.dat
UCT,Europe/Moscow,OpenFlights airports.dat
UDD,America/Los_Angeles,OpenFlights airports.dat
UDI,America/Sao_Paulo,OpenFlights airports.dat
UDJ,Europe/Kiev,OpenFlights airports.dat
UDR,Asia/Calcutta,OpenFlights airports.dat
UEL,Africa/Maputo,OpenFlights airports.dat
UEO,Asia/Tokyo,OpenFlights airports.dat
UET,Asia/Karachi,OpenFlights airports.dat
UFA,Asia/Yekaterinburg,OpenFlights airports.dat
UGA,Asia/Ulaanbaatar,OpenFlights airports.dat
UGC,Asia/Samarkand,OpenFlights airports.dat
UGN,America/Chicago,OpenFlights airports.dat
UGO,Africa/Luanda,OpenFlights airports.dat
UHE,Europe/Prague,OpenFlights airports.dat
UIB,America/Bogota,OpenFlights airports.dat
UIH,Asia/Saigon,OpenFlights airports.dat
UII,America/Tegucigalpa,OpenFlights airports.dat
UIK,Asia/Irkutsk,OpenFlights airports.dat
UIN,America/Chicago,OpenFlights airports.dat
UIO,America/Guayaquil,OpenFlights airports.dat
UIP,Europe/Paris,OpenFlights airports.dat
UJE,Pacific/Majuro,OpenFlights airports.dat
UKA,Africa/Nairobi,OpenFlights airports.dat
UKB,Asia/Tokyo,OpenFlights airports.dat
UKK,Asia/Qyzylorda,OpenFlights airports.dat
UKS,Europe/Simferopol,OpenFlights airports.dat
UKX,Asia/Irkutsk,OpenFlights airports.dat
ULA,America/Argentina/Rio_Gallegos,OpenFlights airports.dat
ULB,Pacific/Efate,OpenFlights airports.dat
ULD,Africa/Johannesburg,OpenFlights airports.dat
ULG,Asia/Hovd,OpenFlights airports.dat
ULH,Asia/Riyadh,OpenFlights airports.dat
ULK,Asia/Yakutsk,OpenFlights airports.dat
ULN,Asia/Ulaanbaatar,OpenFlights airports.dat
ULO,Asia/Hovd,OpenFlights airports.dat
ULP,Australia/Brisbane,OpenFlights airports.dat
ULQ,America/Bogota,OpenFlights airports.dat
ULU,Africa/Kampala,OpenFlights airports.dat
ULV,Europe/Samara,OpenFlights airports.dat
ULY,Europe/Samara,OpenFlights airports.dat
ULZ,Asia/Ulaanbaatar,OpenFlights airports.dat
UMD,America/Godthab,OpenFlights airports.dat
UME,Europe/Stockholm,OpenFlights airports.dat
UMR,Australia/Adelaide,OpenFlights airports.dat
UMS,Asia/Yakutsk,OpenFlights airports.dat
UMU,America/Sao_Paulo,OpenFlights airports.dat
UNA,America/Fortaleza,OpenFlights airports.dat
UND,Asia/Kabul,OpenFlights airports.dat
UNG,Pacific/Port_Moresby,OpenFlights airports.dat
UNI,America/St_Vincent,OpenFlights airports.dat
UNK,America/Anchorage,OpenFlights airports.dat
UNN,Asia/Bangkok,OpenFlights airports.dat
UNT,Europe/London,OpenFlights airports.dat
UOS,America/Chicago,OpenFlights airports.dat
UPB,America/Havana,OpenFlights airports.dat
UPG,Asia/Makassar,OpenFlights airports.dat
UPN,America/Mexico_City,OpenFlights airports.dat
UPP,Pacific/Honolulu,OpenFlights airports.dat
URA,Asia/Oral,OpenFlights airports.dat
URC,Asia/Shanghai,OpenFlights airports.dat
URD,Europe/Berlin,OpenFlights airports.dat
URE,Europe/Tallinn,OpenFlights airports.dat
URG,America/Sao_Paulo,OpenFlights airports.dat
URJ,Asia/Yekaterinburg,OpenFlights airports.dat
URO,Europe/Paris,OpenFlights airports.dat
URS,Europe/Moscow,OpenFlights airports.dat
URT,Asia/Bangkok,OpenFlights airports.dat
URY,Asia/Riyadh,OpenFlights airports.dat
USA,America/New_York,OpenFlights airports.dat
USH,America/Argentina/Ushuaia,OpenFlights airports.dat
USI,America/Guyana,OpenFlights airports.dat
USK,Europe/Moscow,OpenFlights airports.dat
USM,Asia/Bangkok,OpenFlights airports.dat
USN,Asia/Seoul,OpenFlights airports.dat
USQ,Europe/Istanbul,OpenFlights airports.dat
USR,Asia/Vladivostok,OpenFlights airports.dat
USS,America/Havana,OpenFlights airports.dat
UST,America/New_York,OpenFlights airports.dat
USU,Asia/Manila,OpenFlights airports.dat
UTA,Africa/Harare,OpenFlights airports.dat
UTC,Europe/Amsterdam,OpenFlights airports.dat
UTH,Asia/Bangkok,OpenFlights airports.dat
UTI,Europe/Helsinki,OpenFlights airports.dat
UTK,Pacific/Majuro,OpenFlights airports.dat
UTM,America/Chicago,OpenFlights airports.dat
UTN,Africa/Johannesburg,OpenFlights airports.dat
UTO,America/Anchorage,OpenFlights airports.dat
UTP,Asia/Bangkok,OpenFlights airports.dat
UTS,Europe/Moscow,OpenFlights airports.dat
UTT,Africa/Johannesburg,OpenFlights airports.dat
UTW,Africa/Johannesburg,OpenFlights airports.dat
UUA,Europe/Moscow,OpenFlights airports.dat
UUD,Asia/Irkutsk,OpenFlights airports.dat
UUK,America/Anchorage,OpenFlights airports.dat
UUS,Asia/Srednekolymsk,OpenFlights airports.dat
UVA,America/Chicago,OpenFlights airports.dat
UVE,Pacific/Noumea,OpenFlights airports.dat
UVF,America/St_Lucia,OpenFlights airports.dat
UYL,Africa/Khartoum,OpenFlights airports.dat
UYN,Asia/Shanghai,OpenFlights airports.dat
UYU,America/La_Paz,OpenFlights airports.dat
UZU,America/Cordoba,OpenFlights airports.dat
VAA,Europe/Helsinki,OpenFlights airports.dat
VAD,America/New_York,OpenFlights airports.dat
VAF,Europe/Paris,OpenFlights airports.dat
VAG,America/Sao_Paulo,OpenFlights airports.dat
VAI,Pacific/Port_Moresby,OpenFlights airports.dat
VAK,America/Anchorage,OpenFlights airports.dat
VAL,America/Fortaleza,OpenFlights airports.dat
VAM,Indian/Maldives,OpenFlights airports.dat
VAN,Europe/Istanbul,OpenFlights airports.dat
VAO,Pacific/Guadalcanal,OpenFlights airports.dat
VAR,Europe/Sofia,OpenFlights airports.dat
VAS,Europe/Istanbul,OpenFlights airports.dat
VAV,Pacific/Tongatapu,OpenFlights airports.dat
VAW,Europe/Oslo,OpenFlights airports.dat
VBA,Asia/Rangoon,OpenFlights airports.dat
VBG,America/Los_Angeles,OpenFlights airports.dat
VBP,Asia/Rangoon,OpenFlights airports.dat
VBS,Europe/Rome,OpenFlights airports.dat
VBV,Pacific/Fiji,OpenFlights airports.dat
VBY,Europe/Stockholm,OpenFlights airports.dat
VCA,Asia/Saigon,OpenFlights airports.dat
VCD,Australia/Darwin,OpenFlights airports.dat
VCE,Europe/Rome,OpenFlights airports.dat
VCL,Asia/Saigon,OpenFlights airports.dat
VCP,America/Sao_Paulo,OpenFlights airports.dat
VCR,America/Caracas,OpenFlights airports.dat
VCS,Asia/Saigon,OpenFlights airports.dat
VCT,America/Chicago,OpenFlights airports.dat
VCV,America/Los_Angeles,OpenFlights airports.dat
VDA,Asia/Jerusalem,OpenFlights airports.dat
VDB,Europe/Oslo,OpenFlights airports.dat
VDC,America/Fortaleza,OpenFlights airports.dat
VDE,Atlantic/Canary,OpenFlights airports.dat
VDH,Asia/Saigon,OpenFlights airports.dat
VDM,America/Argentina/Salta,OpenFlights airports.dat
VDP,America/Caracas,OpenFlights airports.dat
VDR,America/Cordoba,OpenFlights airports.dat
VDS,Europe/Oslo,OpenFlights airports.dat
VDZ,America/Anchorage,OpenFlights airports.dat
VEE,America/Anchorage,OpenFlights airports.dat
VEL,America/Denver,OpenFlights airports.dat
VER,America/Mexico_City,OpenFlights airports.dat
VEY,Atlantic/Reykjavik,OpenFlights airports.dat
VFA,Africa/Harare,OpenFlights airports.dat
VGA,Asia/Calcutta,OpenFlights airports.dat
VGD,Europe/Moscow,OpenFlights airports.dat
VGO,Europe/Madrid,OpenFlights airports.dat
VGT,America/Los_Angeles,OpenFlights airports.dat
VGZ,America/Bogota,OpenFlights airports.dat
VHC,Africa/Luanda,OpenFlights airports.dat
VHM,Europe/Stockholm,OpenFlights airports.dat
VHY,Europe/Paris,OpenFlights airports.dat
VIC,Europe/Rome,OpenFlights airports.dat
VIE,Europe/Vienna,OpenFlights airports.dat
VIG,America/Caracas,OpenFlights airports.dat
VII,Asia/Saigon,OpenFlights airports.dat
VIJ,America/Tortola,OpenFlights airports.dat
VIL,Africa/El_Aaiun,OpenFlights airports.dat
VIN,Europe/Kiev,OpenFlights airports.dat
VIR,Africa/Johannesburg,OpenFlights airports.dat
VIS,America/Los_Angeles,OpenFlights airports.dat
VIT,Europe/Madrid,OpenFlights airports.dat
VIX,America/Sao_Paulo,OpenFlights airports.dat
VIY,Europe/Paris,OpenFlights airports.dat
VKG,Asia/Saigon,OpenFlights airports.dat
VKO,Europe/Moscow,OpenFlights airports.dat
VKT,Europe/Moscow,OpenFlights airports.dat
VLC,Europe/Madrid,OpenFlights airports.dat
VLD,America/New_York,OpenFlights airports.dat
VLG,America/Buenos_Aires,OpenFlights airports.dat
VLI,Pacific/Efate,OpenFlights airports.dat
VLL,Europe/Madrid,OpenFlights airports.dat
VLM,America/La_Paz,OpenFlights airports.dat
VLN,America/Caracas,OpenFlights airports.dat
VLR,America/Santiago,OpenFlights airports.dat
VLS,Pacific/Efate,OpenFlights airports.dat
VLU,Europe/Moscow,OpenFlights airports.dat
VLV,America/Caracas,OpenFlights airports.dat
VLY,Europe/London,OpenFlights airports.dat
VME,America/Argentina/San_Luis,OpenFlights airports.dat
VMU,Pacific/Port_Moresby,OpenFlights airports.dat
VNA,Asia/Vientiane,OpenFlights airports.dat
VNC,America/New_York,OpenFlights airports.dat
VNE,Europe/Paris,OpenFlights airports.dat
VNO,Europe/Vilnius,OpenFlights airports.dat
VNS,Asia/Calcutta,OpenFlights airports.dat
VNT,Europe/Riga,OpenFlights airports.dat
VNX,Africa/Maputo,OpenFlights airports.dat
VNY,America/Los_Angeles,OpenFlights airports.dat
VOD,Europe/Prague,OpenFlights airports.dat
VOG,Europe/Moscow,OpenFlights airports.dat
VOH,Indian/Antananarivo,OpenFlights airports.dat
VOK,America/Chicago,OpenFlights airports.dat
VOL,Europe/Athens,OpenFlights airports.dat
VOZ,Europe/Moscow,OpenFlights airports.dat
VPE,Africa/Luanda,OpenFlights airports.dat
VPN,Atlantic/Reykjavik,OpenFlights airports.dat
VPS,America/Chicago,OpenFlights airports.dat
VPY,Africa/Maputo,OpenFlights airports.dat
VQQ,America/New_York,OpenFlights airports.dat
VQS,America/Puerto_Rico,OpenFlights airports.dat
VRA,America/Havana,OpenFlights airports.dat
VRB,America/New_York,OpenFlights airports.dat
VRC,Asia/Manila,OpenFlights airports.dat
VRE,Africa/Johannesburg,OpenFlights airports.dat
VRK,Europe/Helsinki,OpenFlights airports.dat
VRL,Europe/Lisbon,OpenFlights airports.dat
VRN,Europe/Rome,OpenFlights airports.dat
VRO,America/Havana,OpenFlights airports.dat
VRU,Africa/Johannesburg,OpenFlights airports.dat
VRY,Europe/Oslo,OpenFlights airports.dat
VSA,America/Mexico_City,OpenFlights airports.dat
VSE,Europe/Lisbon,OpenFlights airports.dat
VSG,Europe/Kiev,OpenFlights airports.dat
VST,Europe/Stockholm,OpenFlights airports.dat
VTB,Europe/Minsk,OpenFlights airports.dat
VTE,Asia/Vientiane,OpenFlights airports.dat
VTM,Asia/Jerusalem,OpenFlights airports.dat
VTU,America/Havana,OpenFlights airports.dat
VTZ,Asia/Calcutta,OpenFlights airports.dat
VUP,America/Bogota,OpenFlights airports.dat
VUS,Europe/Moscow,OpenFlights airports.dat
VVC,America/Bogota,OpenFlights airports.dat
VVI,America/La_Paz,OpenFlights airports.dat
VVO,Asia/Vladivostok,OpenFlights airports.dat
VVZ,Africa/Algiers,OpenFlights airports.dat
VXC,Africa/Maputo,OpenFlights airports.dat
VXE,Atlantic/Cape_Verde,OpenFlights airports.dat
VXO,Europe/Stockholm,OpenFlights airports.dat
VYS,America/Chicago,OpenFlights airports.dat
WAA,America/Anchorage,OpenFlights airports.dat
WAE,Asia/Riyadh,OpenFlights airports.dat
WAF,Asia/Karachi,OpenFlights airports.dat
WAG,Pacific/Auckland,OpenFlights airports.dat
WAI,Indian/Antananarivo,OpenFlights airports.dat
WAL,America/New_York,OpenFlights airports.dat
WAM,Indian/Antananarivo,OpenFlights airports.dat
WAQ,Indian/Antananarivo,OpenFlights airports.dat
WAR,Asia/Jayapura,OpenFlights airports.dat
WAT,Europe/Dublin,OpenFlights airports.dat
WAW,Europe/Warsaw,OpenFlights airports.dat
WBG,Europe/Berlin,OpenFlights airports.dat
WBM,Pacific/Port_Moresby,OpenFlights airports.dat
WBQ,America/Anchorage,OpenFlights airports.dat
WBU,America/Denver,OpenFlights airports.dat
WBW,America/New_York,OpenFlights airports.dat
WCH,America/Santiago,OpenFlights airports.dat
WDH,Africa/Windhoek,OpenFlights airports.dat
WDR,America/New_York,OpenFlights airports.dat
WEF,Asia/Shanghai,OpenFlights airports.dat
WEH,Asia/Shanghai,OpenFlights airports.dat
WEI,Australia/Brisbane,OpenFlights airports.dat
WFI,Indian/Antananarivo,OpenFlights airports.dat
WFK,America/New_York,OpenFlights airports.dat
WGA,Australia/Sydney,OpenFlights airports.dat
WGE,Australia/Sydney,OpenFlights airports.dat
WGP,Asia/Makassar,OpenFlights airports.dat
WHF,Africa/Khartoum,OpenFlights airports.dat
WHK,Pacific/Auckland,OpenFlights airports.dat
WHP,America/Los_Angeles,OpenFlights airports.dat
WIC,Europe/London,OpenFlights airports.dat
WIE,Europe/Berlin,OpenFlights airports.dat
WIL,Africa/Nairobi,OpenFlights airports.dat
WIN,Australia/Brisbane,OpenFlights airports.dat
WIO,Australia/Sydney,OpenFlights airports.dat
WIR,Pacific/Auckland,OpenFlights airports.dat
WJR,Africa/Nairobi,OpenFlights airports.dat
WJU,Asia/Seoul,OpenFlights airports.dat
WKA,Pacific/Auckland,OpenFlights airports.dat
WKF,Africa/Johannesburg,OpenFlights airports.dat
WKJ,Asia/Tokyo,OpenFlights airports.dat
WKK,America/Anchorage,OpenFlights airports.dat
WKL,Pacific/Honolulu,OpenFlights airports.dat
WLD,America/Chicago,OpenFlights airports.dat
WLG,Pacific/Auckland,OpenFlights airports.dat
WLH,Pacific/Efate,OpenFlights airports.dat
WLK,America/Anchorage,OpenFlights airports.dat
WLS,Pacific/Wallis,OpenFlights airports.dat
WMA,Indian/Antananarivo,OpenFlights airports.dat
WME,Australia/Perth,OpenFlights airports.dat
WMI,Europe/Warsaw,OpenFlights airports.dat
WMN,Indian/Antananarivo,OpenFlights airports.dat
WMO,America/Anchorage,OpenFlights airports.dat
WMP,Indian/Antananarivo,OpenFlights airports.dat
WMR,Indian/Antananarivo,OpenFlights airports.dat
WMX,Asia/Jayapura,OpenFlights airports.dat
WNA,America/Anchorage,OpenFlights airports.dat
WNN,America/Toronto,OpenFlights airports.dat
WNP,Asia/Manila,OpenFlights airports.dat
WNR,Australia/Brisbane,OpenFlights airports.dat
WNS,Asia/Karachi,OpenFlights airports.dat
WNZ,Asia/Shanghai,OpenFlights airports.dat
WOE,Europe/Amsterdam,OpenFlights airports.dat
WOL,Australia/Sydney,OpenFlights airports.dat
WOT,Asia/Taipei,OpenFlights airports.dat
WPB,Indian/Antananarivo,OpenFlights airports.dat
WPR,America/Santiago,OpenFlights airports.dat
WPU,America/Santiago,OpenFlights airports.dat
WRB,America/New_York,OpenFlights airports.dat
WRE,Pacific/Auckland,OpenFlights airports.dat
WRG,America/Anchorage,OpenFlights airports.dat
WRI,America/New_York,OpenFlights airports.dat
WRL,America/Denver,OpenFlights airports.dat
WRO,Europe/Warsaw,OpenFlights airports.dat
WRT,Europe/London,OpenFlights airports.dat
WRY,Europe/London,OpenFlights airports.dat
WRZ,Asia/Colombo,OpenFlights airports.dat
WSD,America/Denver,OpenFlights airports.dat
WSN,America/Anchorage,OpenFlights airports.dat
WSO,America/Paramaribo,OpenFlights airports.dat
WSP,America/Managua,OpenFlights airports.dat
WSR,Asia/Jayapura,OpenFlights airports.dat
WST,America/New_York,OpenFlights airports.dat
WSY,Australia/Brisbane,OpenFlights airports.dat
WSZ,Pacific/Auckland,OpenFlights airports.dat
WTA,Indian/Antananarivo,OpenFlights airports.dat
WTB,Australia/Brisbane,OpenFlights airports.dat
WTK,America/Anchorage,OpenFlights airports.dat
WTN,Europe/London,OpenFlights airports.dat
WTS,Indian/Antananarivo,OpenFlights airports.dat
WTZ,Pacific/Auckland,OpenFlights airports.dat
WUA,Asia/Shanghai,OpenFlights airports.dat
WUH,Asia/Shanghai,OpenFlights airports.dat
WUN,Australia/Perth,OpenFlights airports.dat
WUS,Asia/Shanghai,OpenFlights airports.dat
WUU,Africa/Juba,OpenFlights airports.dat
WUX,Asia/Shanghai,OpenFlights airports.dat
WUZ,Asia/Shanghai,OpenFlights airports.dat
WVB,Africa/Windhoek,OpenFlights airports.dat
WVK,Indian/Antananarivo,OpenFlights airports.dat
WVN,Europe/Berlin,OpenFlights airports.dat
WWD,America/New_York,OpenFlights airports.dat
WWK,Pacific/Port_Moresby,OpenFlights airports.dat
WXN,Asia/Shanghai,OpenFlights airports.dat
WYA,Australia/Adelaide,OpenFlights airports.dat
WYE,Africa/Freetown,OpenFlights airports.dat
WYN,Australia/Perth,OpenFlights airports.dat
WYS,America/Denver,OpenFlights airports.dat
XAB,Europe/Paris,OpenFlights airports.dat
XAP,America/Sao_Paulo,OpenFlights airports.dat
XAU,America/Cayenne,OpenFlights airports.dat
XBE,America/Winnipeg,OpenFlights airports.dat
XBJ,Asia/Tehran,OpenFlights airports.dat
XCH,Indian/Christmas,OpenFlights airports.dat
XCR,Europe/Paris,OpenFlights airports.dat
XCZ,Europe/Paris,OpenFlights airports.dat
XFN,Asia/Shanghai,OpenFlights airports.dat
XFW,Europe/Berlin,OpenFlights airports.dat
XGN,Africa/Luanda,OpenFlights airports.dat
XGR,America/Toronto,OpenFlights airports.dat
XIC,Asia/Shanghai,OpenFlights airports.dat
XIL,Asia/Shanghai,OpenFlights airports.dat
XIY,Asia/Shanghai,OpenFlights airports.dat
XJD,Asia/Qatar,OpenFlights airports.dat
XJM,Asia/Karachi,OpenFlights airports.dat
XKH,Asia/Vientiane,OpenFlights airports.dat
XKS,America/Toronto,OpenFlights airports.dat
XLB,America/Winnipeg,OpenFlights airports.dat
XLS,Africa/Dakar,OpenFlights airports.dat
XMC,Australia/Hobart,OpenFlights airports.dat
XME,Europe/Paris,OpenFlights airports.dat
XMH,Pacific/Tahiti,OpenFlights airports.dat
XMN,Asia/Shanghai,OpenFlights airports.dat
XMS,America/Guayaquil,OpenFlights airports.dat
XMW,Europe/Paris,OpenFlights airports.dat
XMY,Australia/Brisbane,OpenFlights airports.dat
XNA,America/Chicago,OpenFlights airports.dat
XNN,Asia/Shanghai,OpenFlights airports.dat
XOG,Europe/Paris,OpenFlights airports.dat
XQC,Asia/Baghdad,OpenFlights airports.dat
XQP,America/Costa_Rica,OpenFlights airports.dat
XRH,Australia/Sydney,OpenFlights airports.dat
XRY,Europe/Madrid,OpenFlights airports.dat
XSB,Asia/Dubai,OpenFlights airports.dat
XSC,America/Grand_Turk,OpenFlights airports.dat
XSD,America/Los_Angeles,OpenFlights airports.dat
XSI,America/Winnipeg,OpenFlights airports.dat
XSP,Asia/Singapore,OpenFlights airports.dat
XTG,Australia/Brisbane,OpenFlights airports.dat
XTL,America/Winnipeg,OpenFlights airports.dat
XUZ,Asia/Shanghai,OpenFlights airports.dat
XVS,Europe/Paris,OpenFlights airports.dat
XWA,America/Chicago,AirNav supplement
XYA,Pacific/Guadalcanal,OpenFlights airports.dat
XYE,Asia/Rangoon,OpenFlights airports.dat
YAA,America/Vancouver,OpenFlights airports.dat
YAB,America/Winnipeg,OpenFlights airports.dat
YAC,America/Winnipeg,OpenFlights airports.dat
YAG,America/Winnipeg,OpenFlights airports.dat
YAI,America/Santiago,OpenFlights airports.dat
YAK,America/Anchorage,OpenFlights airports.dat
YAM,America/Toronto,OpenFlights airports.dat
YAO,Africa/Douala,OpenFlights airports.dat
YAP,Pacific/Truk,OpenFlights airports.dat
YAT,America/Toronto,OpenFlights airports.dat
YAX,America/Winnipeg,OpenFlights airports.dat
YAY,America/St_Johns,OpenFlights airports.dat
YAZ,America/Vancouver,OpenFlights airports.dat
YBB,America/Edmonton,OpenFlights airports.dat
YBC,America/Toronto,OpenFlights airports.dat
YBE,America/Regina,OpenFlights airports.dat
YBG,America/Toronto,OpenFlights airports.dat
YBI,America/Halifax,OpenFlights airports.dat
YBK,America/Winnipeg,OpenFlights airports.dat
YBL,America/Vancouver,OpenFlights airports.dat
YBO,America/Vancouver,OpenFlights airports.dat
YBP,Asia/Shanghai,OpenFlights airports.dat
YBR,America/Winnipeg,OpenFlights airports.dat
YBT,America/Winnipeg,OpenFlights airports.dat
YBV,America/Winnipeg,OpenFlights airports.dat
YBW,America/Vancouver,OpenFlights airports.dat
YBX,America/Blanc-Sablon,OpenFlights airports.dat
YBY,America/Edmonton,OpenFlights airports.dat
YCB,America/Edmonton,OpenFlights airports.dat
YCC,America/Toronto,OpenFlights airports.dat
YCD,America/Vancouver,OpenFlights airports.dat
YCG,America/Vancouver,OpenFlights airports.dat
YCH,America/Halifax,OpenFlights airports.dat
YCK,America/Edmonton,OpenFlights airports.dat
YCL,America/Halifax,OpenFlights airports.dat
YCM,America/Toronto,OpenFlights airports.dat
YCN,America/Toronto,OpenFlights airports.dat
YCO,America/Edmonton,OpenFlights airports.dat
YCR,America/Winnipeg,OpenFlights airports.dat
YCS,America/Winnipeg,OpenFlights airports.dat
YCT,America/Edmonton,OpenFlights airports.dat
YCU,Asia/Shanghai,OpenFlights airports.dat
YCW,America/Vancouver,OpenFlights airports.dat
YCY,America/Toronto,OpenFlights airports.dat
YDA,America/Vancouver,OpenFlights airports.dat
YDB,America/Vancouver,OpenFlights airports.dat
YDF,America/St_Johns,OpenFlights airports.dat
YDL,America/Vancouver,OpenFlights airports.dat
YDN,America/Winnipeg,OpenFlights airports.dat
YDP,America/Halifax,OpenFlights airports.dat
YDQ,America/Dawson_Creek,OpenFlights airports.dat
YDT,America/Vancouver,OpenFlights airports.dat
YEC,Asia/Seoul,OpenFlights airports.dat
YEG,America/Edmonton,OpenFlights airports.dat
YEI,Europe/Istanbul,OpenFlights airports.dat
YEK,America/Winnipeg,OpenFlights airports.dat
YEL,America/Toronto,OpenFlights airports.dat
YEM,America/Toronto,OpenFlights airports.dat
YEN,America/Regina,OpenFlights airports.dat
YEO,Europe/London,OpenFlights airports.dat
YER,America/Toronto,OpenFlights airports.dat
YES,Asia/Tehran,OpenFlights airports.dat
YET,America/Edmonton,OpenFlights airports.dat
YEU,America/Winnipeg,OpenFlights airports.dat
YEV,America/Edmonton,OpenFlights airports.dat
YFA,America/Toronto,OpenFlights airports.dat
YFB,America/Toronto,OpenFlights airports.dat
YFC,America/Halifax,OpenFlights airports.dat
YFE,America/Toronto,OpenFlights airports.dat
YFH,America/Toronto,OpenFlights airports.dat
YFJ,America/Edmonton,OpenFlights airports.dat
YFO,America/Winnipeg,OpenFlights airports.dat
YFR,America/Edmonton,OpenFlights airports.dat
YFS,America/Edmonton,OpenFlights airports.dat
YFX,America/St_Johns,OpenFlights airports.dat
YGB,America/Vancouver,OpenFlights airports.dat
YGG,America/Vancouver,OpenFlights airports.dat
YGH,America/Edmonton,OpenFlights airports.dat
YGJ,Asia/Tokyo,OpenFlights airports.dat
YGK,America/Toronto,OpenFlights airports.dat
YGL,America/Toronto,OpenFlights airports.dat
YGM,America/Winnipeg,OpenFlights airports.dat
YGO,America/Winnipeg,OpenFlights airports.dat
YGP,America/Toronto,OpenFlights airports.dat
YGQ,America/Toronto,OpenFlights airports.dat
YGR,America/Toronto,OpenFlights airports.dat
YGT,America/Toronto,OpenFlights airports.dat
YGV,America/Toronto,OpenFlights airports.dat
YGW,America/Toronto,OpenFlights airports.dat
YGX,America/Winnipeg,OpenFlights airports.dat
YGZ,America/Toronto,OpenFlights airports.dat
YHA,America/St_Johns,OpenFlights airports.dat
YHB,America/Regina,OpenFlights airports.dat
YHD,America/Winnipeg,OpenFlights airports.dat
YHF,America/Toronto,OpenFlights airports.dat
YHI,America/Edmonton,OpenFlights airports.dat
YHK,America/Edmonton,OpenFlights airports.dat
YHM,America/Toronto,OpenFlights airports.dat
YHN,America/Toronto,OpenFlights airports.dat
YHO,America/Halifax,OpenFlights airports.dat
YHP,America/Winnipeg,OpenFlights airports.dat
YHR,America/Blanc-Sablon,OpenFlights airports.dat
YHU,America/Toronto,OpenFlights airports.dat
YHY,America/Edmonton,OpenFlights airports.dat
YHZ,America/Halifax,OpenFlights airports.dat
YIB,America/Coral_Harbour,OpenFlights airports.dat
YIC,Asia/Shanghai,OpenFlights airports.dat
YIF,America/Blanc-Sablon,OpenFlights airports.dat
YIH,Asia/Shanghai,OpenFlights airports.dat
YIK,America/Toronto,OpenFlights airports.dat
YIN,Asia/Shanghai,OpenFlights airports.dat
YIO,America/Toronto,OpenFlights airports.dat
YIP,America/New_York,OpenFlights airports.dat
YIV,America/Winnipeg,OpenFlights airports.dat
YIW,Asia/Shanghai,OpenFlights airports.dat
YJN,America/Toronto,OpenFlights airports.dat
YJT,America/St_Johns,OpenFlights airports.dat
YKA,America/Vancouver,OpenFlights airports.dat
YKF,America/Toronto,OpenFlights airports.dat
YKG,America/Toronto,OpenFlights airports.dat
YKL,America/Toronto,OpenFlights airports.dat
YKM,America/Los_Angeles,OpenFlights airports.dat
YKN,America/Chicago,OpenFlights airports.dat
YKQ,America/Toronto,OpenFlights airports.dat
YKS,Asia/Yakutsk,OpenFlights airports.dat
YKU,America/Toronto,OpenFlights airports.dat
YKX,America/Toronto,OpenFlights airports.dat
YKY,America/Regina,OpenFlights airports.dat
YKZ,America/Toronto,OpenFlights airports.dat
YLC,America/Toronto,OpenFlights airports.dat
YLD,America/Toronto,OpenFlights airports.dat
YLE,America/Edmonton,OpenFlights airports.dat
YLH,America/Toronto,OpenFlights airports.dat
YLI,Europe/Helsinki,OpenFlights airports.dat
YLJ,America/Regina,OpenFlights airports.dat
YLK,America/Toronto,OpenFlights airports.dat
YLL,America/Edmonton,OpenFlights airports.dat
YLT,America/Toronto,OpenFlights airports.dat
YLW,America/Vancouver,OpenFlights airports.dat
YLY,America/Vancouver,OpenFlights airports.dat
YMA,America/Vancouver,OpenFlights airports.dat
YMG,America/Toronto,OpenFlights airports.dat
YMH,America/St_Johns,OpenFlights airports.dat
YMJ,America/Regina,OpenFlights airports.dat
YMM,America/Edmonton,OpenFlights airports.dat
YMN,America/Halifax,OpenFlights airports.dat
YMO,America/Toronto,OpenFlights airports.dat
YMS,America/Lima,OpenFlights airports.dat
YMT,America/Toronto,OpenFlights airports.dat
YMW,America/Toronto,OpenFlights airports.dat
YMX,America/Toronto,OpenFlights airports.dat
YNA,America/Toronto,OpenFlights airports.dat
YNB,Asia/Riyadh,OpenFlights airports.dat
YNC,America/Toronto,OpenFlights airports.dat
YND,America/Toronto,OpenFlights airports.dat
YNE,America/Winnipeg,OpenFlights airports.dat
YNG,America/New_York,OpenFlights airports.dat
YNJ,Asia/Shanghai,OpenFlights airports.dat
YNL,America/Regina,OpenFlights airports.dat
YNM,America/Toronto,OpenFlights airports.dat
YNO,America/Winnipeg,OpenFlights airports.dat
YNP,America/Halifax,OpenFlights airports.dat
YNS,America/Toronto,OpenFlights airports.dat
YNT,Asia/Shanghai,OpenFlights airports.dat
YNY,Asia/Seoul,OpenFlights airports.dat
YNZ,Asia/Shanghai,OpenFlights airports.dat
YOA,America/Edmonton,OpenFlights airports.dat
YOC,America/Vancouver,OpenFlights airports.dat
YOD,America/Edmonton,OpenFlights airports.dat
YOG,America/Toronto,OpenFlights airports.dat
YOH,America/Winnipeg,OpenFlights airports.dat
YOJ,America/Edmonton,OpenFlights airports.dat
YOL,Africa/Lagos,OpenFlights airports.dat
YOO,America/Toronto,OpenFlights airports.dat
YOP,America/Edmonton,OpenFlights airports.dat
YOW,America/Toronto,OpenFlights airports.dat
YPA,America/Regina,OpenFlights airports.dat
YPC,America/Edmonton,OpenFlights airports.dat
YPD,America/Toronto,OpenFlights airports.dat
YPE,America/Edmonton,OpenFlights airports.dat
YPG,America/Winnipeg,OpenFlights airports.dat
YPH,America/Toronto,OpenFlights airports.dat
YPJ,America/Toronto,OpenFlights airports.dat
YPL,America/Coral_Harbour,OpenFlights airports.dat
YPM,America/Winnipeg,OpenFlights airports.dat
YPN,America/Toronto,OpenFlights airports.dat
YPO,America/Toronto,OpenFlights airports.dat
YPQ,America/Toronto,OpenFlights airports.dat
YPR,America/Vancouver,OpenFlights airports.dat
YPW,America/Vancouver,OpenFlights airports.dat
YPX,America/Toronto,OpenFlights airports.dat
YPY,America/Edmonton,OpenFlights airports.dat
YQA,America/Toronto,OpenFlights airports.dat
YQB,America/Toronto,OpenFlights airports.dat
YQC,America/Toronto,OpenFlights airports.dat
YQD,America/Winnipeg,OpenFlights airports.dat
YQF,America/Edmonton,OpenFlights airports.dat
YQG,America/Toronto,OpenFlights airports.dat
YQH,America/Vancouver,OpenFlights airports.dat
YQI,America/Halifax,OpenFlights airports.dat
YQK,America/Winnipeg,OpenFlights airports.dat
YQL,America/Edmonton,OpenFlights airports.dat
YQM,America/Halifax,OpenFlights airports.dat
YQN,America/Toronto,OpenFlights airports.dat
YQQ,America/Vancouver,OpenFlights airports.dat
YQR,America/Regina,OpenFlights airports.dat
YQT,America/Toronto,OpenFlights airports.dat
YQU,America/Edmonton,OpenFlights airports.dat
YQV,America/Regina,OpenFlights airports.dat
YQW,America/Regina,OpenFlights airports.dat
YQX,America/St_Johns,OpenFlights airports.dat
YQY,America/Halifax,OpenFlights airports.dat
YQZ,America/Vancouver,OpenFlights airports.dat
YRA,America/Edmonton,OpenFlights airports.dat
YRB,America/Winnipeg,OpenFlights airports.dat
YRF,America/Halifax,OpenFlights airports.dat
YRG,America/Halifax,OpenFlights airports.dat
YRI,America/Toronto,OpenFlights airports.dat
YRJ,America/Toronto,OpenFlights airports.dat
YRL,America/Winnipeg,OpenFlights airports.dat
YRM,America/Edmonton,OpenFlights airports.dat
YRQ,America/Toronto,OpenFlights airports.dat
YRS,America/Winnipeg,OpenFlights airports.dat
YRT,America/Winnipeg,OpenFlights airports.dat
YRV,America/Vancouver,OpenFlights airports.dat
YSB,America/Toronto,OpenFlights airports.dat
YSC,America/Toronto,OpenFlights airports.dat
YSD,America/Edmonton,OpenFlights airports.dat
YSF,America/Regina,OpenFlights airports.dat
YSJ,America/Halifax,OpenFlights airports.dat
YSM,America/Edmonton,OpenFlights airports.dat
YSO,America/Halifax,OpenFlights airports.dat
YSP,America/Toronto,OpenFlights airports.dat
YSR,America/Toronto,OpenFlights airports.dat
YST,America/Winnipeg,OpenFlights airports.dat
YSU,America/Halifax,OpenFlights airports.dat
YSY,America/Edmonton,OpenFlights airports.dat
YTA,America/Toronto,OpenFlights airports.dat
YTE,America/Toronto,OpenFlights airports.dat
YTF,America/Toronto,OpenFlights airports.dat
YTH,America/Winnipeg,OpenFlights airports.dat
YTL,America/Winnipeg,OpenFlights airports.dat
YTM,America/Toronto,OpenFlights airports.dat
YTQ,America/Toronto,OpenFlights airports.dat
YTR,America/Toronto,OpenFlights airports.dat
YTS,America/Toronto,OpenFlights airports.dat
YTY,Asia/Shanghai,OpenFlights airports.dat
YTZ,America/Toronto,OpenFlights airports.dat
YUB,America/Edmonton,OpenFlights airports.dat
YUD,America/Toronto,OpenFlights airports.dat
YUE,Australia/Darwin,OpenFlights airports.dat
YUL,America/Toronto,OpenFlights airports.dat
YUM,America/Phoenix,OpenFlights airports.dat
YUS,Asia/Shanghai,OpenFlights airports.dat
YUT,America/Winnipeg,OpenFlights airports.dat
YUX,America/Toronto,OpenFlights airports.dat
YUY,America/Toronto,OpenFlights airports.dat
YVA,Indian/Comoro,OpenFlights airports.dat
YVB,America/Toronto,OpenFlights airports.dat
YVC,America/Regina,OpenFlights airports.dat
YVG,America/Edmonton,OpenFlights airports.dat
YVM,America/Toronto,OpenFlights airports.dat
YVO,America/Toronto,OpenFlights airports.dat
YVP,America/Toronto,OpenFlights airports.dat
YVQ,America/Edmonton,OpenFlights airports.dat
YVR,America/Vancouver,OpenFlights airports.dat
YVT,America/Regina,OpenFlights airports.dat
YVV,America/Toronto,OpenFlights airports.dat
YVZ,America/Winnipeg,OpenFlights airports.dat
YWA,America/Toronto,OpenFlights airports.dat
YWB,America/Toronto,OpenFlights airports.dat
YWG,America/Winnipeg,OpenFlights airports.dat
YWH,America/Vancouver,OpenFlights airports.dat
YWJ,America/Edmonton,OpenFlights airports.dat
YWK,America/Halifax,OpenFlights airports.dat
YWL,America/Vancouver,OpenFlights airports.dat
YWM,America/St_Johns,OpenFlights airports.dat
YWP,America/Toronto,OpenFlights airports.dat
YWS,America/Vancouver,OpenFlights airports.dat
YWY,America/Edmonton,OpenFlights airports.dat
YXC,America/Edmonton,OpenFlights airports.dat
YXD,America/Edmonton,OpenFlights airports.dat
YXE,America/Regina,OpenFlights airports.dat
YXH,America/Edmonton,OpenFlights airports.dat
YXJ,America/Dawson_Creek,OpenFlights airports.dat
YXK,America/Toronto,OpenFlights airports.dat
YXL,America/Winnipeg,OpenFlights airports.dat
YXN,America/Winnipeg,OpenFlights airports.dat
YXP,America/Toronto,OpenFlights airports.dat
YXR,America/Toronto,OpenFlights airports.dat
YXS,America/Vancouver,OpenFlights airports.dat
YXT,America/Vancouver,OpenFlights airports.dat
YXU,America/Toronto,OpenFlights airports.dat
YXX,America/Vancouver,OpenFlights airports.dat
YXY,America/Vancouver,OpenFlights airports.dat
YXZ,America/Toronto,OpenFlights airports.dat
YYB,America/Toronto,OpenFlights airports.dat
YYC,America/Edmonton,OpenFlights airports.dat
YYD,America/Vancouver,OpenFlights airports.dat
YYE,America/Vancouver,OpenFlights airports.dat
YYF,America/Vancouver,OpenFlights airports.dat
YYG,America/Halifax,OpenFlights airports.dat
YYH,America/Edmonton,OpenFlights airports.dat
YYJ,America/Vancouver,OpenFlights airports.dat
YYL,America/Winnipeg,OpenFlights airports.dat
YYN,America/Regina,OpenFlights airports.dat
YYQ,America/Winnipeg,OpenFlights airports.dat
YYR,America/Halifax,OpenFlights airports.dat
YYT,America/St_Johns,OpenFlights airports.dat
YYU,America/Toronto,OpenFlights airports.dat
YYW,America/Toronto,OpenFlights airports.dat
YYY,America/Toronto,OpenFlights airports.dat
YYZ,America/Toronto,OpenFlights airports.dat
YZD,America/Toronto,OpenFlights airports.dat
YZE,America/Toronto,OpenFlights airports.dat
YZF,America/Edmonton,OpenFlights airports.dat
YZG,America/Toronto,OpenFlights airports.dat
YZH,America/Edmonton,OpenFlights airports.dat
YZP,America/Vancouver,OpenFlights airports.dat
YZR,America/Toronto,OpenFlights airports.dat
YZS,America/Coral_Harbour,OpenFlights airports.dat
YZT,America/Vancouver,OpenFlights airports.dat
YZU,America/Edmonton,OpenFlights airports.dat
YZV,America/Toronto,OpenFlights airports.dat
YZW,America/Vancouver,OpenFlights airports.dat
YZX,America/Halifax,OpenFlights airports.dat
YZY,Asia/Shanghai,OpenFlights airports.dat
YZZ,America/Vancouver,OpenFlights airports.dat
ZAC,America/Winnipeg,OpenFlights airports.dat
ZAD,Europe/Zagreb,OpenFlights airports.dat
ZAG,Europe/Zagreb,OpenFlights airports.dat
ZAH,Asia/Tehran,OpenFlights airports.dat
ZAJ,Asia/Kabul,OpenFlights airports.dat
ZAL,America/Santiago,OpenFlights airports.dat
ZAM,Asia/Manila,OpenFlights airports.dat
ZAO,Europe/Paris,OpenFlights airports.dat
ZAR,Africa/Lagos,OpenFlights airports.dat
ZAT,Asia/Shanghai,OpenFlights airports.dat
ZAZ,Europe/Madrid,OpenFlights airports.dat
ZBF,America/Halifax,OpenFlights airports.dat
ZBM,America/Toronto,OpenFlights airports.dat
ZBR,Asia/Tehran,OpenFlights airports.dat
ZCL,America/Mexico_City,OpenFlights airports.dat
ZCN,Europe/Berlin,OpenFlights airports.dat
ZEC,Africa/Johannesburg,OpenFlights airports.dat
ZEM,America/Toronto,OpenFlights airports.dat
ZER,Asia/Calcutta,OpenFlights airports.dat
ZFA,America/Vancouver,OpenFlights airports.dat
ZFD,America/Regina,OpenFlights airports.dat
ZFM,America/Edmonton,OpenFlights airports.dat
ZFN,America/Edmonton,OpenFlights airports.dat
ZGI,America/Winnipeg,OpenFlights airports.dat
ZGR,America/Winnipeg,OpenFlights airports.dat
ZGS,America/Blanc-Sablon,OpenFlights airports.dat
ZGU,Pacific/Efate,OpenFlights airports.dat
ZHA,Asia/Shanghai,OpenFlights airports.dat
ZHI,Europe/Zurich,OpenFlights airports.dat
ZHY,Asia/Shanghai,OpenFlights airports.dat
ZIA,Europe/Moscow,OpenFlights airports.dat
ZIG,Africa/Dakar,OpenFlights airports.dat
ZIH,America/Mexico_City,OpenFlights airports.dat
ZIN,Europe/Zurich,OpenFlights airports.dat
ZJI,Europe/Zurich,OpenFlights airports.dat
ZJN,America/Winnipeg,OpenFlights airports.dat
ZKB,Africa/Lusaka,OpenFlights airports.dat
ZKE,America/Toronto,OpenFlights airports.dat
ZKG,America/Blanc-Sablon,OpenFlights airports.dat
ZKP,Asia/Srednekolymsk,OpenFlights airports.dat
ZLO,America/Mexico_City,OpenFlights airports.dat
ZLT,America/Blanc-Sablon,OpenFlights airports.dat
ZMG,Europe/Berlin,OpenFlights airports.dat
ZMH,America/Vancouver,OpenFlights airports.dat
ZMM,America/Mexico_City,OpenFlights airports.dat
ZMT,America/Vancouver,OpenFlights airports.dat
ZNA,America/Vancouver,OpenFlights airports.dat
ZND,Africa/Niamey,OpenFlights airports.dat
ZNE,Australia/Perth,OpenFlights airports.dat
ZNF,Europe/Berlin,OpenFlights airports.dat
ZNZ,Africa/Dar_es_Salaam,OpenFlights airports.dat
ZOS,America/Santiago,OpenFlights airports.dat
ZPB,America/Winnipeg,OpenFlights airports.dat
ZPC,America/Santiago,OpenFlights airports.dat
ZPH,America/New_York,OpenFlights airports.dat
ZQL,Europe/Berlin,OpenFlights airports.dat
ZQN,Pacific/Auckland,OpenFlights airports.dat
ZQW,Europe/Berlin,OpenFlights airports.dat
ZRH,Europe/Zurich,OpenFlights airports.dat
ZRJ,America/Winnipeg,OpenFlights airports.dat
ZSA,America/Nassau,OpenFlights airports.dat
ZSE,Indian/Reunion,OpenFlights airports.dat
ZSJ,America/Winnipeg,OpenFlights airports.dat
ZSW,America/Vancouver,OpenFlights airports.dat
ZTB,America/Blanc-Sablon,OpenFlights airports.dat
ZTH,Europe/Athens,OpenFlights airports.dat
ZTM,America/Winnipeg,OpenFlights airports.dat
ZTR,Europe/Kiev,OpenFlights airports.dat
ZTU,Asia/Baku,OpenFlights airports.dat
ZUH,Asia/Shanghai,OpenFlights airports.dat
ZUM,America/Halifax,OpenFlights airports.dat
ZVA,Indian/Antananarivo,OpenFlights airports.dat
ZVK,Asia/Vientiane,OpenFlights airports.dat
ZWA,Indian/Antananarivo,OpenFlights airports.dat
ZWL,America/Regina,OpenFlights airports.dat
ZYI,Asia/Shanghai,OpenFlights airports.dat
ZYL,Asia/Dhaka,OpenFlights airports.dat
ZZU,Africa/Blantyre,OpenFlights airports.dat
