inbound_id,outbound_id,tail,inbound_date,inbound_flight,inbound_origin,outbound_date,outbound_flight,outbound_origin,outbound_destination,actual_inbound_arrival_utc,actual_outbound_departure_utc,actual_ground_gap_minutes,scheduled_outbound_departure_utc,remaining_minutes_at_arrival,outbound_departure_delay_minutes,outbound_delay_ge_15,gap_band,has_next_observed,feb_outbound,december_predecessor,accepted,primary_reason,warnings,short_turn
2024-01_reporting.csv:7249,2024-01_reporting.csv:7252,N215NN,2024-01-01,3317,IAH,2024-01-01,3821,ORD,IND,2024-01-01T21:49:00+00:00,2024-01-01T22:51:00+00:00,62.0,2024-01-01T22:52:00+00:00,63.0,-1.0,False,"(15,180]",True,False,False,True,accepted,,True
2024-01_reporting.csv:7251,2024-01_reporting.csv:7250,N215NN,2024-01-01,3821,IND,2024-01-01,3739,ORD,TUL,2024-01-02T01:37:00+00:00,2024-01-02T02:42:00+00:00,65.0,2024-01-02T02:45:00+00:00,68.0,-3.0,False,"(15,180]",True,False,False,True,accepted,,True
2024-01_reporting.csv:7253,2024-01_reporting.csv:7248,N215NN,2024-01-01,4088,XNA,2024-01-01,3315,ORD,IAH,2024-01-01T15:02:00+00:00,2024-01-01T15:59:00+00:00,57.0,2024-01-01T15:49:00+00:00,47.0,10.0,False,"(15,180]",True,False,True,True,accepted,,True
2024-01_reporting.csv:7254,2024-01_reporting.csv:7258,N216NN,2024-01-01,3418,AUS,2024-01-01,3648,ORD,GSO,2024-01-01T23:38:00+00:00,2024-01-02T00:31:00+00:00,53.0,2024-01-02T00:37:00+00:00,59.0,-6.0,False,"(15,180]",True,False,False,True,accepted,,True
2024-01_reporting.csv:7269,2024-01_reporting.csv:7273,N221NN,2024-01-01,3751,FAR,2024-01-01,3866,ORD,BNA,2024-01-01T15:07:00+00:00,2024-01-01T15:56:00+00:00,49.0,2024-01-01T16:00:00+00:00,53.0,-4.0,False,"(15,180]",True,False,True,True,accepted,,True
2024-01_reporting.csv:7270,2024-01_reporting.csv:7268,N221NN,2024-01-01,3780,CID,2024-01-01,3578,ORD,XNA,2024-01-01T23:33:00+00:00,2024-01-02T00:29:00+00:00,56.0,2024-01-02T00:30:00+00:00,57.0,-1.0,False,"(15,180]",True,False,False,True,accepted,,True
2024-01_reporting.csv:7272,2024-01_reporting.csv:7271,N221NN,2024-01-01,3866,BNA,2024-01-01,3780,ORD,CID,2024-01-01T19:38:00+00:00,2024-01-01T20:34:00+00:00,56.0,2024-01-01T20:41:00+00:00,63.0,-7.0,False,"(15,180]",True,False,False,True,accepted,,True
2024-01_reporting.csv:7338,2024-01_reporting.csv:7340,N234JW,2024-01-01,3757,ICT,2024-01-01,3808,ORD,HPN,2024-01-01T16:54:00+00:00,2024-01-01T18:50:00+00:00,116.0,2024-01-01T18:52:00+00:00,118.0,-2.0,False,"(15,180]",True,False,True,True,accepted,,True
2024-01_reporting.csv:7339,2024-01_reporting.csv:7337,N234JW,2024-01-01,3808,HPN,2024-01-01,3324,ORD,SYR,2024-01-01T23:48:00+00:00,2024-01-02T01:27:00+00:00,99.0,2024-01-02T01:30:00+00:00,102.0,-3.0,False,"(15,180]",True,False,False,True,accepted,,True
2024-01_reporting.csv:7373,2024-01_reporting.csv:7376,N240NN,2024-01-01,3514,FAR,2024-01-01,3775,ORD,BNA,2024-01-01T20:26:00+00:00,2024-01-01T21:34:00+00:00,68.0,2024-01-01T21:40:00+00:00,74.0,-6.0,False,"(15,180]",True,False,False,True,accepted,,True
2024-01_reporting.csv:7375,2024-01_reporting.csv:7372,N240NN,2024-01-01,3775,BNA,2024-01-01,3384,ORD,CMH,2024-01-02T01:40:00+00:00,2024-01-02T02:12:00+00:00,32.0,2024-01-02T02:15:00+00:00,35.0,-3.0,False,"(15,180]",True,False,False,True,accepted,,True
2024-01_reporting.csv:7377,2024-01_reporting.csv:7374,N240NN,2024-01-01,3835,GRB,2024-01-01,3514,ORD,FAR,2024-01-01T14:33:00+00:00,2024-01-01T16:05:00+00:00,92.0,2024-01-01T15:55:00+00:00,82.0,10.0,False,"(15,180]",True,False,True,True,accepted,,True
2024-01_reporting.csv:7476,2024-01_reporting.csv:7474,N258NN,2024-01-01,3611,XNA,2024-01-01,3499,ORD,HPN,2024-01-01T23:35:00+00:00,2024-01-02T01:52:00+00:00,137.0,2024-01-02T00:41:00+00:00,66.0,71.0,True,"(15,180]",True,False,False,True,accepted,,True
2024-01_reporting.csv:7477,2024-01_reporting.csv:7475,N258NN,2024-01-01,3673,GSO,2024-01-01,3581,ORD,XNA,2024-01-01T14:27:00+00:00,2024-01-01T19:14:00+00:00,287.0,2024-01-01T19:15:00+00:00,288.0,-1.0,False,"(180,360]",True,False,True,True,accepted,,False
2024-01_reporting.csv:7483,2024-01_reporting.csv:7482,N261NN,2024-01-01,3769,ATL,2024-01-01,3748,ORD,CID,2024-01-02T01:46:00+00:00,2024-01-02T02:27:00+00:00,41.0,2024-01-02T02:30:00+00:00,44.0,-3.0,False,"(15,180]",True,False,False,True,accepted,,True
2024-01_reporting.csv:7485,2024-01_reporting.csv:7484,N261NN,2024-01-01,3942,CMH,2024-01-01,3769,ORD,ATL,2024-01-01T12:44:00+00:00,2024-01-01T21:21:00+00:00,517.0,2024-01-01T20:59:00+00:00,495.0,22.0,True,>360,True,False,True,True,accepted,,False
2024-01_reporting.csv:7544,2024-01_reporting.csv:7546,N274NN,2024-01-01,3740,SYR,2024-01-01,3877,ORD,ELP,2024-01-01T14:38:00+00:00,2024-01-01T16:06:00+00:00,88.0,2024-01-01T16:10:00+00:00,92.0,-4.0,False,"(15,180]",True,False,True,True,accepted,,True
2024-01_reporting.csv:7545,2024-01_reporting.csv:7543,N274NN,2024-01-01,3877,ELP,2024-01-01,3621,ORD,GSP,2024-01-01T23:05:00+00:00,2024-01-02T00:16:00+00:00,71.0,2024-01-02T00:20:00+00:00,75.0,-4.0,False,"(15,180]",True,False,False,True,accepted,,True
2024-01_reporting.csv:7549,2024-01_reporting.csv:25869,N275NN,2024-01-01,3871,BOS,2024-01-02,3703,ORD,BOS,2024-01-02T00:27:00+00:00,2024-01-02T13:13:00+00:00,766.0,2024-01-02T13:15:00+00:00,768.0,-2.0,False,>360,True,False,False,True,accepted,,False
2024-01_reporting.csv:7592,2024-01_reporting.csv:7590,N283NN,2024-01-01,3710,GSP,2024-01-01,3703,ORD,BOS,2024-01-01T13:11:00+00:00,2024-01-01T13:46:00+00:00,35.0,2024-01-01T13:25:00+00:00,14.0,21.0,True,"(15,180]",True,False,True,True,accepted,,True
2024-01_reporting.csv:7719,2024-01_reporting.csv:7724,N635RW,2024-01-01,3321,DSM,2024-01-01,3695,ORD,LIT,2024-01-02T01:06:00+00:00,2024-01-02T02:10:00+00:00,64.0,2024-01-02T02:20:00+00:00,74.0,-10.0,False,"(15,180]",True,False,False,True,accepted,,True
2024-01_reporting.csv:7721,2024-01_reporting.csv:7723,N635RW,2024-01-01,3517,PVD,2024-01-01,3679,ORD,BWI,2024-01-01T14:21:00+00:00,2024-01-01T16:01:00+00:00,100.0,2024-01-01T16:01:00+00:00,100.0,0.0,False,"(15,180]",True,False,True,True,accepted,,True
2024-01_reporting.csv:7722,2024-01_reporting.csv:7720,N635RW,2024-01-01,3679,BWI,2024-01-01,3321,ORD,DSM,2024-01-01T20:23:00+00:00,2024-01-01T21:42:00+00:00,79.0,2024-01-01T21:47:00+00:00,84.0,-5.0,False,"(15,180]",True,False,False,True,accepted,,True
2024-01_reporting.csv:7726,2024-01_reporting.csv:7729,N636RW,2024-01-01,3609,CMI,2024-01-01,3849,ORD,SGF,2024-01-01T14:42:00+00:00,2024-01-01T15:55:00+00:00,73.0,2024-01-01T16:00:00+00:00,78.0,-5.0,False,"(15,180]",True,False,True,True,accepted,,True
2024-01_reporting.csv:7728,2024-01_reporting.csv:7725,N636RW,2024-01-01,3741,SDF,2024-01-01,3580,ORD,BUF,2024-01-01T23:58:00+00:00,2024-01-02T00:40:00+00:00,42.0,2024-01-02T00:40:00+00:00,42.0,0.0,False,"(15,180]",True,False,False,True,accepted,,True
2024-01_reporting.csv:7730,2024-01_reporting.csv:7727,N636RW,2024-01-01,3849,SGF,2024-01-01,3741,ORD,SDF,2024-01-01T19:50:00+00:00,2024-01-01T20:45:00+00:00,55.0,2024-01-01T20:44:00+00:00,54.0,1.0,False,"(15,180]",True,False,False,True,accepted,,True
2024-01_reporting.csv:7731,2024-01_reporting.csv:7738,N637RW,2024-01-01,3467,IND,2024-01-01,3798,ORD,GRR,2024-01-01T22:10:00+00:00,2024-01-01T22:59:00+00:00,49.0,2024-01-01T23:00:00+00:00,50.0,-1.0,False,"(15,180]",True,False,False,True,accepted,,True
2024-01_reporting.csv:7733,2024-01_reporting.csv:7736,N637RW,2024-01-01,3559,MEM,2024-01-01,3747,ORD,CMI,2024-01-01T14:47:00+00:00,2024-01-01T15:53:00+00:00,66.0,2024-01-01T15:55:00+00:00,68.0,-2.0,False,"(15,180]",True,False,True,True,accepted,,True
2024-01_reporting.csv:7735,2024-01_reporting.csv:7732,N637RW,2024-01-01,3746,CMI,2024-01-01,3467,ORD,IND,2024-01-01T18:21:00+00:00,2024-01-01T19:17:00+00:00,56.0,2024-01-01T19:19:00+00:00,58.0,-2.0,False,"(15,180]",True,False,False,True,accepted,,True
2024-01_reporting.csv:7737,2024-01_reporting.csv:7734,N637RW,2024-01-01,3798,GRR,2024-01-01,3694,ORD,CMI,2024-01-02T01:41:00+00:00,2024-01-02T02:19:00+00:00,38.0,2024-01-02T02:24:00+00:00,43.0,-5.0,False,"(15,180]",True,False,False,True,accepted,,True
2024-01_reporting.csv:7740,2024-01_reporting.csv:7739,N643RW,2024-01-01,3382,BDL,2024-01-01,3360,ORD,OKC,2024-01-02T01:03:00+00:00,2024-01-02T02:27:00+00:00,84.0,2024-01-02T02:30:00+00:00,87.0,-3.0,False,"(15,180]",True,False,False,True,accepted,,True
2024-01_reporting.csv:7742,2024-01_reporting.csv:7741,N643RW,2024-01-01,3744,COU,2024-01-01,3382,ORD,BDL,2024-01-01T16:17:00+00:00,2024-01-01T19:27:00+00:00,190.0,2024-01-01T19:30:00+00:00,193.0,-3.0,False,"(180,360]",True,False,True,True,accepted,,False
2024-01_reporting.csv:7743,2024-01_reporting.csv:7746,N645RW,2024-01-01,3306,AUS,2024-01-01,3818,ORD,ICT,2024-01-01T17:19:00+00:00,2024-01-01T19:17:00+00:00,118.0,2024-01-01T19:17:00+00:00,118.0,0.0,False,"(15,180]",True,False,True,True,accepted,,True
2024-01_reporting.csv:7745,2024-01_reporting.csv:7744,N645RW,2024-01-01,3818,ICT,2024-01-01,3745,ORD,COU,2024-01-01T23:38:00+00:00,2024-01-02T01:29:00+00:00,111.0,2024-01-02T01:30:00+00:00,112.0,-1.0,False,"(15,180]",True,False,False,True,accepted,,True
2024-01_reporting.csv:7747,2024-01_reporting.csv:7751,N760MQ,2024-01-01,3572,CMH,2024-01-01,3845,ORD,RDU,2024-01-01T14:43:00+00:00,2024-01-01T15:58:00+00:00,75.0,2024-01-01T16:00:00+00:00,77.0,-2.0,False,"(15,180]",True,False,True,True,accepted,,True
2024-01_reporting.csv:7750,2024-01_reporting.csv:7748,N760MQ,2024-01-01,3834,GRB,2024-01-01,3815,ORD,RST,2024-01-02T01:18:00+00:00,2024-01-02T02:32:00+00:00,74.0,2024-01-02T02:34:00+00:00,76.0,-2.0,False,"(15,180]",True,False,False,True,accepted,,True
2024-01_reporting.csv:7752,2024-01_reporting.csv:7749,N760MQ,2024-01-01,3845,RDU,2024-01-01,3830,ORD,GRB,2024-01-01T20:35:00+00:00,2024-01-01T22:37:00+00:00,122.0,2024-01-01T22:40:00+00:00,125.0,-3.0,False,"(15,180]",True,False,False,True,accepted,,True
2024-01_reporting.csv:7754,2024-01_reporting.csv:7753,N761RW,2024-01-01,3790,EYW,2024-01-01,3537,ORD,PVD,2024-01-02T00:24:00+00:00,2024-01-02T01:12:00+00:00,48.0,2024-01-02T00:50:00+00:00,26.0,22.0,True,"(15,180]",True,False,False,True,accepted,,True
2024-01_reporting.csv:7756,2024-01_reporting.csv:7755,N761RW,2024-01-01,4129,SGF,2024-01-01,3790,ORD,EYW,2024-01-01T15:28:00+00:00,2024-01-01T16:30:00+00:00,62.0,2024-01-01T16:34:00+00:00,66.0,-4.0,False,"(15,180]",True,False,True,True,accepted,,True
2024-01_reporting.csv:7759,2024-01_reporting.csv:7757,N762DT,2024-01-01,3715,PVD,2024-01-01,3377,ORD,FAR,2024-01-02T01:25:00+00:00,2024-01-02T02:39:00+00:00,74.0,2024-01-02T02:46:00+00:00,81.0,-7.0,False,"(15,180]",True,False,False,True,accepted,,True
2024-01_reporting.csv:7760,2024-01_reporting.csv:7758,N762DT,2024-01-01,4094,CVG,2024-01-01,3715,ORD,PVD,2024-01-01T13:03:00+00:00,2024-01-01T19:54:00+00:00,411.0,2024-01-01T19:59:00+00:00,416.0,-5.0,False,>360,True,False,True,True,accepted,,False
2024-01_reporting.csv:7769,2024-01_reporting.csv:26090,N764JD,2024-01-01,3310,EWR,2024-01-02,3425,ORD,BOS,2024-01-02T03:44:00+00:00,2024-01-02T14:14:00+00:00,630.0,2024-01-02T14:15:00+00:00,631.0,-1.0,False,>360,True,False,False,True,accepted,,False
2024-01_reporting.csv:7771,2024-01_reporting.csv:7770,N764JD,2024-01-01,3770,ATW,2024-01-01,3310,ORD,EWR,2024-01-01T22:09:00+00:00,2024-01-01T23:00:00+00:00,51.0,2024-01-01T23:05:00+00:00,56.0,-5.0,False,"(15,180]",True,False,False,True,accepted,,True
2024-01_reporting.csv:7774,2024-01_reporting.csv:7776,N766JM,2024-01-01,3413,DSM,2024-01-01,3788,ORD,EWR,2024-01-01T15:06:00+00:00,2024-01-01T20:00:00+00:00,294.0,2024-01-01T20:10:00+00:00,304.0,-10.0,False,"(180,360]",True,False,True,True,accepted,,False
2024-01_reporting.csv:7775,2024-01_reporting.csv:7773,N766JM,2024-01-01,3788,EWR,2024-01-01,3313,ORD,GRR,2024-01-02T01:24:00+00:00,2024-01-02T02:51:00+00:00,87.0,2024-01-02T02:56:00+00:00,92.0,-5.0,False,"(15,180]",True,False,False,True,accepted,,True
2024-01_reporting.csv:7777,2024-01_reporting.csv:7778,N768RD,2024-01-01,3530,TUL,2024-01-01,3973,ORD,TVC,2024-01-01T14:42:00+00:00,2024-01-01T15:50:00+00:00,68.0,2024-01-01T15:55:00+00:00,73.0,-5.0,False,"(15,180]",True,False,True,True,accepted,,True
2024-01_reporting.csv:7779,2024-01_reporting.csv:44846,N768RD,2024-01-01,3974,TVC,2024-01-03,3310,ORD,EWR,2024-01-01T18:57:00+00:00,2024-01-03T23:30:00+00:00,3153.0,2024-01-03T23:05:00+00:00,3128.0,25.0,True,>360,True,False,False,True,accepted,,False
2024-01_reporting.csv:7780,2024-01_reporting.csv:7781,N769KW,2024-01-01,3367,OKC,2024-01-01,3606,ORD,SGF,2024-01-01T15:07:00+00:00,2024-01-01T19:41:00+00:00,274.0,2024-01-01T19:43:00+00:00,276.0,-2.0,False,"(180,360]",True,False,True,True,accepted,,False
2024-01_reporting.csv:7782,2024-01_reporting.csv:26106,N769KW,2024-01-01,3606,SGF,2024-01-02,3742,ORD,MEM,2024-01-01T23:45:00+00:00,2024-01-02T14:16:00+00:00,871.0,2024-01-02T14:19:00+00:00,874.0,-3.0,False,>360,True,False,False,True,accepted,,False
2024-01_reporting.csv:7783,2024-01_reporting.csv:7785,N770JM,2024-01-01,3730,BUF,2024-01-01,4156,ORD,RIC,2024-01-01T15:08:00+00:00,2024-01-01T19:24:00+00:00,256.0,2024-01-01T19:30:00+00:00,262.0,-6.0,False,"(180,360]",True,False,True,True,accepted,,False
2024-01_reporting.csv:7786,2024-01_reporting.csv:7784,N770JM,2024-01-01,4156,RIC,2024-01-01,3945,ORD,MEM,2024-01-02T01:29:00+00:00,2024-01-02T02:28:00+00:00,59.0,2024-01-02T02:31:00+00:00,62.0,-3.0,False,"(15,180]",True,False,False,True,accepted,,True
2024-01_reporting.csv:7788,2024-01_reporting.csv:7790,N771JV,2024-01-01,3749,CID,2024-01-01,3842,ORD,COU,2024-01-01T15:53:00+00:00,2024-01-01T19:46:00+00:00,233.0,2024-01-01T19:46:00+00:00,233.0,0.0,False,"(180,360]",True,False,True,True,accepted,,False
2024-01_reporting.csv:7789,2024-01_reporting.csv:7787,N771JV,2024-01-01,3825,COU,2024-01-01,3362,ORD,SGF,2024-01-01T23:07:00+00:00,2024-01-02T01:25:00+00:00,138.0,2024-01-02T01:25:00+00:00,138.0,0.0,False,"(15,180]",True,False,False,True,accepted,,True
2024-01_reporting.csv:7798,2024-01_reporting.csv:7800,N774JG,2024-01-01,3312,AUS,2024-01-01,3434,ORD,DSM,2024-01-02T01:37:00+00:00,2024-01-02T02:38:00+00:00,61.0,2024-01-02T02:25:00+00:00,48.0,13.0,False,"(15,180]",True,False,False,True,accepted,,True
2024-01_reporting.csv:7801,2024-01_reporting.csv:7799,N774JG,2024-01-01,3826,CVG,2024-01-01,3314,ORD,AUS,2024-01-01T16:38:00+00:00,2024-01-01T19:18:00+00:00,160.0,2024-01-01T19:22:00+00:00,164.0,-4.0,False,"(15,180]",True,False,True,True,accepted,,True
2024-01_reporting.csv:7809,2024-01_reporting.csv:7814,N778RH,2024-01-01,3656,LIT,2024-01-01,4127,ORD,MSP,2024-01-01T15:08:00+00:00,2024-01-01T15:59:00+00:00,51.0,2024-01-01T16:00:00+00:00,52.0,-1.0,False,"(15,180]",True,False,True,True,accepted,,True
2024-01_reporting.csv:7812,2024-01_reporting.csv:7810,N778RH,2024-01-01,4091,SYR,2024-01-01,3755,ORD,ICT,2024-01-02T01:04:00+00:00,2024-01-02T02:13:00+00:00,69.0,2024-01-02T02:19:00+00:00,75.0,-6.0,False,"(15,180]",True,False,False,True,accepted,,True
2024-01_reporting.csv:7813,2024-01_reporting.csv:7811,N778RH,2024-01-01,4127,MSP,2024-01-01,4091,ORD,SYR,2024-01-01T19:25:00+00:00,2024-01-01T20:40:00+00:00,75.0,2024-01-01T20:42:00+00:00,77.0,-2.0,False,"(15,180]",True,False,False,True,accepted,,True
2024-01_reporting.csv:7815,2024-01_reporting.csv:7818,N779RN,2024-01-01,3496,HPN,2024-01-01,3742,ORD,MEM,2024-01-01T14:08:00+00:00,2024-01-01T15:47:00+00:00,99.0,2024-01-01T15:50:00+00:00,102.0,-3.0,False,"(15,180]",True,False,True,True,accepted,,True
2024-01_reporting.csv:7816,2024-01_reporting.csv:7819,N779RN,2024-01-01,3669,AVP,2024-01-01,3838,ORD,GRB,2024-01-02T01:13:00+00:00,2024-01-02T02:56:00+00:00,103.0,2024-01-02T03:00:00+00:00,107.0,-4.0,False,"(15,180]",True,False,False,True,accepted,,True
2024-01_reporting.csv:7817,2024-01_reporting.csv:7820,N779RN,2024-01-01,3742,MEM,2024-01-01,3893,ORD,AVP,2024-01-01T19:59:00+00:00,2024-01-01T20:54:00+00:00,55.0,2024-01-01T20:58:00+00:00,59.0,-4.0,False,"(15,180]",True,False,False,True,accepted,,True
2024-01_reporting.csv:7824,2024-01_reporting.csv:7826,N809MD,2024-01-01,3430,BUF,2024-01-01,3972,ORD,CVG,2024-01-01T23:32:00+00:00,2024-01-02T00:19:00+00:00,47.0,2024-01-02T00:30:00+00:00,58.0,-11.0,False,"(15,180]",True,False,False,True,accepted,,True
2024-01_reporting.csv:7827,2024-01_reporting.csv:7825,N809MD,2024-01-01,4160,BNA,2024-01-01,3430,ORD,BUF,2024-01-01T18:26:00+00:00,2024-01-01T19:29:00+00:00,63.0,2024-01-01T19:30:00+00:00,64.0,-1.0,False,"(15,180]",True,False,False,True,accepted,,True
2024-01_reporting.csv:7840,2024-01_reporting.csv:7842,N868RW,2024-01-01,3776,BOS,2024-01-01,3839,ORD,OKC,2024-01-01T19:30:00+00:00,2024-01-01T21:06:00+00:00,96.0,2024-01-01T20:07:00+00:00,37.0,59.0,True,"(15,180]",True,False,False,True,accepted,,True
2024-01_reporting.csv:7841,2024-01_reporting.csv:7839,N868RW,2024-01-01,3839,OKC,2024-01-01,3690,ORD,CVG,2024-01-02T01:54:00+00:00,2024-01-02T02:29:00+00:00,35.0,2024-01-02T02:15:00+00:00,21.0,14.0,False,"(15,180]",True,False,False,True,accepted,,True
2024-01_reporting.csv:7843,2024-01_reporting.csv:7838,N868RW,2024-01-01,3975,GRR,2024-01-01,3425,ORD,BOS,2024-01-01T13:50:00+00:00,2024-01-01T14:17:00+00:00,27.0,2024-01-01T14:15:00+00:00,25.0,2.0,False,"(15,180]",True,False,True,True,accepted,,True
2024-01_reporting.csv:7852,2024-01_reporting.csv:7854,N874RW,2024-01-01,3319,EWR,2024-01-01,3664,ORD,CMH,2024-01-01T21:37:00+00:00,2024-01-01T22:48:00+00:00,71.0,2024-01-01T22:45:00+00:00,68.0,3.0,False,"(15,180]",True,False,False,True,accepted,,True
2024-01_reporting.csv:7855,2024-01_reporting.csv:7853,N874RW,2024-01-01,3814,RST,2024-01-01,3374,ORD,EWR,2024-01-01T14:23:00+00:00,2024-01-01T16:36:00+00:00,133.0,2024-01-01T16:10:00+00:00,107.0,26.0,True,"(15,180]",True,False,True,True,accepted,,True
2024-01_reporting.csv:25555,2024-01_reporting.csv:25557,N215NN,2024-01-02,3530,TUL,2024-01-02,3747,ORD,CMI,2024-01-02T15:16:00+00:00,2024-01-02T16:40:00+00:00,84.0,2024-01-02T15:55:00+00:00,39.0,45.0,True,"(15,180]",True,False,False,True,accepted,,True
2024-01_reporting.csv:25563,2024-01_reporting.csv:44316,N219NN,2024-01-02,3821,IND,2024-01-03,3877,ORD,ELP,2024-01-03T01:31:00+00:00,2024-01-03T16:07:00+00:00,876.0,2024-01-03T16:10:00+00:00,879.0,-3.0,False,>360,True,False,False,True,accepted,,False
2024-01_reporting.csv:25566,2024-01_reporting.csv:25564,N219NN,2024-01-02,3845,RDU,2024-01-02,3821,ORD,IND,2024-01-02T20:37:00+00:00,2024-01-02T23:01:00+00:00,144.0,2024-01-02T22:52:00+00:00,135.0,9.0,False,"(15,180]",True,False,False,True,accepted,,True
2024-01_reporting.csv:25635,2024-01_reporting.csv:25639,N234JW,2024-01-02,3740,SYR,2024-01-02,3973,ORD,TVC,2024-01-02T14:32:00+00:00,2024-01-02T15:54:00+00:00,82.0,2024-01-02T15:55:00+00:00,83.0,-1.0,False,"(15,180]",True,False,False,True,accepted,,True
2024-01_reporting.csv:25636,2024-01_reporting.csv:25638,N234JW,2024-01-02,3825,COU,2024-01-02,3972,ORD,CVG,2024-01-02T23:00:00+00:00,2024-01-03T00:20:00+00:00,80.0,2024-01-03T00:22:00+00:00,82.0,-2.0,False,"(15,180]",True,False,False,True,accepted,,True
2024-01_reporting.csv:25640,2024-01_reporting.csv:25637,N234JW,2024-01-02,3974,TVC,2024-01-02,3842,ORD,COU,2024-01-02T18:47:00+00:00,2024-01-02T19:34:00+00:00,47.0,2024-01-02T19:46:00+00:00,59.0,-12.0,False,"(15,180]",True,False,False,True,accepted,,True
2024-01_reporting.csv:25670,2024-01_reporting.csv:25673,N240NN,2024-01-02,3382,BDL,2024-01-02,3739,ORD,TUL,2024-01-03T01:00:00+00:00,2024-01-03T02:42:00+00:00,102.0,2024-01-03T02:45:00+00:00,105.0,-3.0,False,"(15,180]",True,False,False,True,accepted,,True
2024-01_reporting.csv:25672,2024-01_reporting.csv:25675,N240NN,2024-01-02,3572,CMH,2024-01-02,3881,ORD,IND,2024-01-02T15:20:00+00:00,2024-01-02T15:59:00+00:00,39.0,2024-01-02T15:25:00+00:00,5.0,34.0,True,"(15,180]",True,False,False,True,accepted,,True
2024-01_reporting.csv:25674,2024-01_reporting.csv:25671,N240NN,2024-01-02,3881,IND,2024-01-02,3382,ORD,BDL,2024-01-02T18:43:00+00:00,2024-01-02T19:27:00+00:00,44.0,2024-01-02T19:30:00+00:00,47.0,-3.0,False,"(15,180]",True,False,False,True,accepted,,True
2024-01_reporting.csv:25775,2024-01_reporting.csv:25778,N258NN,2024-01-02,3496,HPN,2024-01-02,3877,ORD,ELP,2024-01-02T15:17:00+00:00,2024-01-02T16:08:00+00:00,51.0,2024-01-02T16:10:00+00:00,53.0,-2.0,False,"(15,180]",True,False,False,True,accepted,,True
2024-01_reporting.csv:25777,2024-01_reporting.csv:25776,N258NN,2024-01-02,3877,ELP,2024-01-02,3621,ORD,GSP,2024-01-02T23:09:00+00:00,2024-01-03T00:18:00+00:00,69.0,2024-01-03T00:20:00+00:00,71.0,-2.0,False,"(15,180]",True,False,False,True,accepted,,True
2024-01_reporting.csv:25790,2024-01_reporting.csv:25794,N261NN,2024-01-02,3749,CID,2024-01-02,3955,ORD,CMH,2024-01-02T13:25:00+00:00,2024-01-02T14:25:00+00:00,60.0,2024-01-02T14:29:00+00:00,64.0,-4.0,False,"(15,180]",True,False,False,True,accepted,,True
2024-01_reporting.csv:25791,2024-01_reporting.csv:25789,N261NN,2024-01-02,3808,HPN,2024-01-02,3695,ORD,LIT,2024-01-03T00:02:00+00:00,2024-01-03T02:29:00+00:00,147.0,2024-01-03T02:20:00+00:00,138.0,9.0,False,"(15,180]",True,False,False,True,accepted,,True
2024-01_reporting.csv:25793,2024-01_reporting.csv:25792,N261NN,2024-01-02,3955,CMH,2024-01-02,3808,ORD,HPN,2024-01-02T17:39:00+00:00,2024-01-02T18:49:00+00:00,70.0,2024-01-02T18:52:00+00:00,73.0,-3.0,False,"(15,180]",True,False,False,True,accepted,,True
2024-01_reporting.csv:25805,2024-01_reporting.csv:25808,N264NN,2024-01-02,3710,GSP,2024-01-02,3849,ORD,SGF,2024-01-02T12:25:00+00:00,2024-01-02T16:00:00+00:00,215.0,2024-01-02T16:00:00+00:00,215.0,0.0,False,"(180,360]",True,False,False,True,accepted,,False
2024-01_reporting.csv:25807,2024-01_reporting.csv:25804,N264NN,2024-01-02,3741,SDF,2024-01-02,3648,ORD,GSO,2024-01-02T23:41:00+00:00,2024-01-03T00:36:00+00:00,55.0,2024-01-03T00:37:00+00:00,56.0,-1.0,False,"(15,180]",True,False,False,True,accepted,,True
2024-01_reporting.csv:25809,2024-01_reporting.csv:25806,N264NN,2024-01-02,3849,SGF,2024-01-02,3741,ORD,SDF,2024-01-02T20:02:00+00:00,2024-01-02T20:38:00+00:00,36.0,2024-01-02T20:41:00+00:00,39.0,-3.0,False,"(15,180]",True,False,False,True,accepted,,True
2024-01_reporting.csv:25912,2024-01_reporting.csv:25909,N283NN,2024-01-02,3871,BOS,2024-01-02,3664,ORD,CMH,2024-01-02T22:53:00+00:00,2024-01-02T23:32:00+00:00,39.0,2024-01-02T22:45:00+00:00,-8.0,47.0,True,"(15,180]",True,False,False,True,accepted,,True
2024-01_reporting.csv:25945,2024-01_reporting.csv:25942,N290NN,2024-01-02,3673,GSO,2024-01-02,3322,ORD,AUS,2024-01-02T13:40:00+00:00,2024-01-02T14:34:00+00:00,54.0,2024-01-02T14:36:00+00:00,56.0,-2.0,False,"(15,180]",True,False,False,True,accepted,,True
2024-01_reporting.csv:26022,2024-01_reporting.csv:26026,N312BT,2024-01-02,3418,AUS,2024-01-02,3690,ORD,CVG,2024-01-02T23:44:00+00:00,2024-01-03T02:06:00+00:00,142.0,2024-01-03T02:15:00+00:00,151.0,-9.0,False,"(15,180]",True,False,False,True,accepted,,True
2024-01_reporting.csv:26041,2024-01_reporting.csv:26040,N635RW,2024-01-02,3656,LIT,2024-01-02,3384,ORD,CMH,2024-01-02T13:09:00+00:00,2024-01-03T02:31:00+00:00,802.0,2024-01-03T02:15:00+00:00,786.0,16.0,True,>360,True,False,False,True,accepted,,False
2024-01_reporting.csv:26043,2024-01_reporting.csv:26046,N636RW,2024-01-02,3514,FAR,2024-01-02,3770,ORD,ATW,2024-01-02T19:57:00+00:00,2024-01-02T20:54:00+00:00,57.0,2024-01-02T20:58:00+00:00,61.0,-4.0,False,"(15,180]",True,False,False,True,accepted,,True
2024-01_reporting.csv:26045,2024-01_reporting.csv:26042,N636RW,2024-01-02,3770,ATW,2024-01-02,3324,ORD,SYR,2024-01-02T23:55:00+00:00,2024-01-03T01:28:00+00:00,93.0,2024-01-03T01:30:00+00:00,95.0,-2.0,False,"(15,180]",True,False,False,True,accepted,,True
2024-01_reporting.csv:26047,2024-01_reporting.csv:26044,N636RW,2024-01-02,4053,BUF,2024-01-02,3514,ORD,FAR,2024-01-02T15:14:00+00:00,2024-01-02T15:46:00+00:00,32.0,2024-01-02T15:50:00+00:00,36.0,-4.0,False,"(15,180]",True,False,False,True,accepted,,True
2024-01_reporting.csv:26049,2024-01_reporting.csv:26051,N637RW,2024-01-02,3609,CMI,2024-01-02,3790,ORD,EYW,2024-01-02T13:20:00+00:00,2024-01-02T14:29:00+00:00,69.0,2024-01-02T14:33:00+00:00,73.0,-4.0,False,"(15,180]",True,False,False,True,accepted,,True
2024-01_reporting.csv:26050,2024-01_reporting.csv:26053,N637RW,2024-01-02,3790,EYW,2024-01-02,3798,ORD,GRR,2024-01-02T22:19:00+00:00,2024-01-02T23:00:00+00:00,41.0,2024-01-02T23:00:00+00:00,41.0,0.0,False,"(15,180]",True,False,False,True,accepted,,True
2024-01_reporting.csv:26052,2024-01_reporting.csv:26048,N637RW,2024-01-02,3798,GRR,2024-01-02,3434,ORD,DSM,2024-01-03T01:25:00+00:00,2024-01-03T02:22:00+00:00,57.0,2024-01-03T02:25:00+00:00,60.0,-3.0,False,"(15,180]",True,False,False,True,accepted,,True
2024-01_reporting.csv:26054,2024-01_reporting.csv:26055,N643RW,2024-01-02,3367,OKC,2024-01-02,3670,ORD,TUL,2024-01-02T13:40:00+00:00,2024-01-02T14:30:00+00:00,50.0,2024-01-02T14:15:00+00:00,35.0,15.0,True,"(15,180]",True,False,False,True,accepted,,True
2024-01_reporting.csv:26056,2024-01_reporting.csv:26059,N643RW,2024-01-02,3670,TUL,2024-01-02,3839,ORD,OKC,2024-01-02T18:55:00+00:00,2024-01-02T20:01:00+00:00,66.0,2024-01-02T20:07:00+00:00,72.0,-6.0,False,"(15,180]",True,False,False,True,accepted,,True
2024-01_reporting.csv:26058,2024-01_reporting.csv:26057,N643RW,2024-01-02,3839,OKC,2024-01-02,3755,ORD,ICT,2024-01-03T01:13:00+00:00,2024-01-03T02:15:00+00:00,62.0,2024-01-03T02:19:00+00:00,66.0,-4.0,False,"(15,180]",True,False,False,True,accepted,,True
2024-01_reporting.csv:26069,2024-01_reporting.csv:26073,N760MQ,2024-01-02,3814,RST,2024-01-02,4160,ORD,BNA,2024-01-02T13:14:00+00:00,2024-01-02T14:35:00+00:00,81.0,2024-01-02T14:38:00+00:00,84.0,-3.0,False,"(15,180]",True,False,False,True,accepted,,True
2024-01_reporting.csv:26070,2024-01_reporting.csv:26068,N760MQ,2024-01-02,3818,ICT,2024-01-02,3537,ORD,PVD,2024-01-02T23:26:00+00:00,2024-01-03T00:45:00+00:00,79.0,2024-01-03T00:50:00+00:00,84.0,-5.0,False,"(15,180]",True,False,False,True,accepted,,True
2024-01_reporting.csv:26072,2024-01_reporting.csv:26071,N760MQ,2024-01-02,4160,BNA,2024-01-02,3818,ORD,ICT,2024-01-02T18:33:00+00:00,2024-01-02T19:12:00+00:00,39.0,2024-01-02T19:17:00+00:00,44.0,-5.0,False,"(15,180]",True,False,False,True,accepted,,True
2024-01_reporting.csv:26074,2024-01_reporting.csv:26077,N761RW,2024-01-02,3312,AUS,2024-01-02,3838,ORD,GRB,2024-01-03T02:04:00+00:00,2024-01-03T03:22:00+00:00,78.0,2024-01-03T03:20:00+00:00,76.0,2.0,False,"(15,180]",True,False,False,True,accepted,,True
2024-01_reporting.csv:26076,2024-01_reporting.csv:26075,N761RW,2024-01-02,3517,PVD,2024-01-02,3314,ORD,AUS,2024-01-02T14:29:00+00:00,2024-01-02T19:19:00+00:00,290.0,2024-01-02T19:22:00+00:00,293.0,-3.0,False,"(180,360]",True,False,False,True,accepted,,False
2024-01_reporting.csv:26078,2024-01_reporting.csv:44826,N762DT,2024-01-02,3321,DSM,2024-01-03,4092,ORD,ROC,2024-01-02T23:37:00+00:00,2024-01-03T14:47:00+00:00,910.0,2024-01-03T14:26:00+00:00,889.0,21.0,True,>360,True,False,False,True,accepted,,False
2024-01_reporting.csv:26080,2024-01_reporting.csv:26081,N762DT,2024-01-02,3751,FAR,2024-01-02,4134,ORD,SYR,2024-01-02T12:50:00+00:00,2024-01-02T14:22:00+00:00,92.0,2024-01-02T14:25:00+00:00,95.0,-3.0,False,"(15,180]",True,False,False,True,accepted,,True
2024-01_reporting.csv:26082,2024-01_reporting.csv:26079,N762DT,2024-01-02,4134,SYR,2024-01-02,3321,ORD,DSM,2024-01-02T19:08:00+00:00,2024-01-02T20:17:00+00:00,69.0,2024-01-02T20:17:00+00:00,69.0,0.0,False,"(15,180]",True,False,False,True,accepted,,True
2024-01_reporting.csv:26092,2024-01_reporting.csv:26091,N764JD,2024-01-02,3769,ATL,2024-01-02,3748,ORD,CID,2024-01-03T02:24:00+00:00,2024-01-03T03:05:00+00:00,41.0,2024-01-03T02:30:00+00:00,6.0,35.0,True,"(15,180]",True,False,False,True,accepted,,True
2024-01_reporting.csv:26094,2024-01_reporting.csv:26093,N764JD,2024-01-02,3776,BOS,2024-01-02,3769,ORD,ATL,2024-01-02T19:36:00+00:00,2024-01-02T20:56:00+00:00,80.0,2024-01-02T20:59:00+00:00,83.0,-3.0,False,"(15,180]",True,False,False,True,accepted,,True
2024-01_reporting.csv:26095,2024-01_reporting.csv:26098,N766JM,2024-01-02,3669,AVP,2024-01-02,3815,ORD,RST,2024-01-03T01:16:00+00:00,2024-01-03T02:30:00+00:00,74.0,2024-01-03T02:34:00+00:00,78.0,-4.0,False,"(15,180]",True,False,False,True,accepted,,True
2024-01_reporting.csv:26096,2024-01_reporting.csv:26099,N766JM,2024-01-02,3812,HPN,2024-01-02,3893,ORD,AVP,2024-01-02T19:51:00+00:00,2024-01-02T20:53:00+00:00,62.0,2024-01-02T20:55:00+00:00,64.0,-2.0,False,"(15,180]",True,False,False,True,accepted,,True
2024-01_reporting.csv:26100,2024-01_reporting.csv:26097,N766JM,2024-01-02,3975,GRR,2024-01-02,3812,ORD,HPN,2024-01-02T13:01:00+00:00,2024-01-02T14:11:00+00:00,70.0,2024-01-02T14:19:00+00:00,78.0,-8.0,False,"(15,180]",True,False,False,True,accepted,,True
2024-01_reporting.csv:26103,2024-01_reporting.csv:26102,N769KW,2024-01-02,3467,IND,2024-01-02,3310,ORD,EWR,2024-01-02T21:44:00+00:00,2024-01-02T23:02:00+00:00,78.0,2024-01-02T23:05:00+00:00,81.0,-3.0,False,"(15,180]",True,False,False,True,accepted,,True
2024-01_reporting.csv:26105,2024-01_reporting.csv:26104,N769KW,2024-01-02,3742,MEM,2024-01-02,3467,ORD,IND,2024-01-02T18:30:00+00:00,2024-01-02T19:16:00+00:00,46.0,2024-01-02T19:19:00+00:00,49.0,-3.0,False,"(15,180]",True,False,False,True,accepted,,True
2024-01_reporting.csv:26107,2024-01_reporting.csv:26109,N770JM,2024-01-02,3559,MEM,2024-01-02,3715,ORD,PVD,2024-01-02T13:17:00+00:00,2024-01-02T19:50:00+00:00,393.0,2024-01-02T19:59:00+00:00,402.0,-9.0,False,>360,True,False,False,True,accepted,,False
2024-01_reporting.csv:26110,2024-01_reporting.csv:26108,N770JM,2024-01-02,3715,PVD,2024-01-02,3694,ORD,CMI,2024-01-03T01:19:00+00:00,2024-01-03T02:21:00+00:00,62.0,2024-01-03T02:24:00+00:00,65.0,-3.0,False,"(15,180]",True,False,False,True,accepted,,True
2024-01_reporting.csv:26112,2024-01_reporting.csv:26114,N771JV,2024-01-02,3792,OKC,2024-01-02,4091,ORD,SYR,2024-01-02T19:45:00+00:00,2024-01-02T20:41:00+00:00,56.0,2024-01-02T20:42:00+00:00,57.0,-1.0,False,"(15,180]",True,False,False,True,accepted,,True
2024-01_reporting.csv:26115,2024-01_reporting.csv:26111,N771JV,2024-01-02,4091,SYR,2024-01-02,3360,ORD,OKC,2024-01-03T01:05:00+00:00,2024-01-03T02:21:00+00:00,76.0,2024-01-03T02:30:00+00:00,85.0,-9.0,False,"(15,180]",True,False,False,True,accepted,,True
2024-01_reporting.csv:26116,2024-01_reporting.csv:26113,N771JV,2024-01-02,4129,SGF,2024-01-02,3792,ORD,OKC,2024-01-02T13:49:00+00:00,2024-01-02T14:36:00+00:00,47.0,2024-01-02T14:36:00+00:00,47.0,0.0,False,"(15,180]",True,False,False,True,accepted,,True
2024-01_reporting.csv:26120,2024-01_reporting.csv:26122,N774JG,2024-01-02,3413,DSM,2024-01-02,3479,ORD,MCI,2024-01-02T13:29:00+00:00,2024-01-02T14:29:00+00:00,60.0,2024-01-02T14:30:00+00:00,61.0,-1.0,False,"(15,180]",True,False,False,True,accepted,,True
2024-01_reporting.csv:26121,2024-01_reporting.csv:26123,N774JG,2024-01-02,3479,MCI,2024-01-02,3581,ORD,XNA,2024-01-02T18:03:00+00:00,2024-01-02T19:11:00+00:00,68.0,2024-01-02T19:15:00+00:00,72.0,-4.0,False,"(15,180]",True,False,False,True,accepted,,True
2024-01_reporting.csv:26124,2024-01_reporting.csv:26125,N774JG,2024-01-02,3611,XNA,2024-01-02,3745,ORD,COU,2024-01-02T23:37:00+00:00,2024-01-03T01:24:00+00:00,107.0,2024-01-03T01:30:00+00:00,113.0,-6.0,False,"(15,180]",True,False,False,True,accepted,,True
2024-01_reporting.csv:26135,2024-01_reporting.csv:26133,N778RH,2024-01-02,3606,SGF,2024-01-02,3580,ORD,BUF,2024-01-02T23:22:00+00:00,2024-01-03T00:39:00+00:00,77.0,2024-01-03T00:40:00+00:00,78.0,-1.0,False,"(15,180]",True,False,False,True,accepted,,True
2024-01_reporting.csv:26136,2024-01_reporting.csv:26137,N778RH,2024-01-02,3757,ICT,2024-01-02,4092,ORD,ROC,2024-01-02T13:26:00+00:00,2024-01-02T14:22:00+00:00,56.0,2024-01-02T14:26:00+00:00,60.0,-4.0,False,"(15,180]",True,False,False,True,accepted,,True
2024-01_reporting.csv:26138,2024-01_reporting.csv:26134,N778RH,2024-01-02,4092,ROC,2024-01-02,3606,ORD,SGF,2024-01-02T18:37:00+00:00,2024-01-02T19:39:00+00:00,62.0,2024-01-02T19:43:00+00:00,66.0,-4.0,False,"(15,180]",True,False,False,True,accepted,,True
2024-01_reporting.csv:26140,2024-01_reporting.csv:26143,N779RN,2024-01-02,3679,BWI,2024-01-02,3788,ORD,EWR,2024-01-02T18:38:00+00:00,2024-01-02T20:07:00+00:00,89.0,2024-01-02T20:10:00+00:00,92.0,-3.0,False,"(15,180]",True,False,False,True,accepted,,True
2024-01_reporting.csv:26142,2024-01_reporting.csv:26139,N779RN,2024-01-02,3788,EWR,2024-01-02,3313,ORD,GRR,2024-01-03T01:42:00+00:00,2024-01-03T02:55:00+00:00,73.0,2024-01-03T02:56:00+00:00,74.0,-1.0,False,"(15,180]",True,False,False,True,accepted,,True
2024-01_reporting.csv:26144,2024-01_reporting.csv:26141,N779RN,2024-01-02,3835,GRB,2024-01-02,3679,ORD,BWI,2024-01-02T13:18:00+00:00,2024-01-02T14:35:00+00:00,77.0,2024-01-02T14:21:00+00:00,63.0,14.0,False,"(15,180]",True,False,False,True,accepted,,True
2024-01_reporting.csv:26153,2024-01_reporting.csv:26152,N809MD,2024-01-02,3430,BUF,2024-01-02,3362,ORD,SGF,2024-01-03T00:30:00+00:00,2024-01-03T01:18:00+00:00,48.0,2024-01-03T01:25:00+00:00,55.0,-7.0,False,"(15,180]",True,False,False,True,accepted,,True
2024-01_reporting.csv:26155,2024-01_reporting.csv:26157,N809MD,2024-01-02,3826,CVG,2024-01-02,3866,ORD,BNA,2024-01-02T15:20:00+00:00,2024-01-02T16:02:00+00:00,42.0,2024-01-02T15:55:00+00:00,35.0,7.0,False,"(15,180]",True,False,False,True,accepted,,True
2024-01_reporting.csv:26156,2024-01_reporting.csv:26154,N809MD,2024-01-02,3866,BNA,2024-01-02,3430,ORD,BUF,2024-01-02T19:36:00+00:00,2024-01-02T20:48:00+00:00,72.0,2024-01-02T20:50:00+00:00,74.0,-2.0,False,"(15,180]",True,False,False,True,accepted,,True
2024-01_reporting.csv:26169,2024-01_reporting.csv:26168,N868RW,2024-01-02,3780,CID,2024-01-02,3499,ORD,HPN,2024-01-02T23:42:00+00:00,2024-01-03T00:44:00+00:00,62.0,2024-01-03T00:41:00+00:00,59.0,3.0,False,"(15,180]",True,False,False,True,accepted,,True
2024-01_reporting.csv:26171,2024-01_reporting.csv:26170,N868RW,2024-01-02,3789,EWR,2024-01-02,3780,ORD,CID,2024-01-02T19:36:00+00:00,2024-01-02T20:42:00+00:00,66.0,2024-01-02T20:47:00+00:00,71.0,-5.0,False,"(15,180]",True,False,False,True,accepted,,True
2024-01_reporting.csv:26173,2024-01_reporting.csv:26172,N868RW,2024-01-02,4094,CVG,2024-01-02,3789,ORD,EWR,2024-01-02T13:43:00+00:00,2024-01-02T14:28:00+00:00,45.0,2024-01-02T14:30:00+00:00,47.0,-2.0,False,"(15,180]",True,False,False,True,accepted,,True
2024-01_reporting.csv:26174,2024-01_reporting.csv:26179,N873RW,2024-01-02,3319,EWR,2024-01-02,3775,ORD,BNA,2024-01-02T21:39:00+00:00,2024-01-02T22:21:00+00:00,42.0,2024-01-02T21:40:00+00:00,1.0,41.0,True,"(15,180]",True,False,False,True,accepted,,True
2024-01_reporting.csv:26177,2024-01_reporting.csv:26175,N873RW,2024-01-02,3744,COU,2024-01-02,3374,ORD,EWR,2024-01-02T15:14:00+00:00,2024-01-02T16:03:00+00:00,49.0,2024-01-02T16:05:00+00:00,51.0,-2.0,False,"(15,180]",True,False,False,True,accepted,,True
2024-01_reporting.csv:26178,2024-01_reporting.csv:26176,N873RW,2024-01-02,3775,BNA,2024-01-02,3377,ORD,FAR,2024-01-03T02:10:00+00:00,2024-01-03T03:02:00+00:00,52.0,2024-01-03T02:46:00+00:00,36.0,16.0,True,"(15,180]",True,False,False,True,accepted,,True
2024-01_reporting.csv:26181,2024-01_reporting.csv:26182,N874RW,2024-01-02,3317,IAH,2024-01-02,3830,ORD,GRB,2024-01-02T21:26:00+00:00,2024-01-02T22:34:00+00:00,68.0,2024-01-02T22:40:00+00:00,74.0,-6.0,False,"(15,180]",True,False,False,True,accepted,,True
2024-01_reporting.csv:26183,2024-01_reporting.csv:26185,N874RW,2024-01-02,3834,GRB,2024-01-02,3945,ORD,MEM,2024-01-03T01:36:00+00:00,2024-01-03T02:27:00+00:00,51.0,2024-01-03T02:31:00+00:00,55.0,-4.0,False,"(15,180]",True,False,False,True,accepted,,True
2024-01_reporting.csv:26184,2024-01_reporting.csv:26180,N874RW,2024-01-02,3942,CMH,2024-01-02,3315,ORD,IAH,2024-01-02T13:13:00+00:00,2024-01-02T14:30:00+00:00,77.0,2024-01-02T14:30:00+00:00,77.0,0.0,False,"(15,180]",True,False,False,True,accepted,,True
2024-01_reporting.csv:44315,2024-01_reporting.csv:44314,N219NN,2024-01-03,3877,ELP,2024-01-03,3621,ORD,GSP,2024-01-03T23:41:00+00:00,2024-01-04T00:17:00+00:00,36.0,2024-01-04T00:20:00+00:00,39.0,-3.0,False,"(15,180]",True,False,False,True,accepted,,True
2024-01_reporting.csv:44383,2024-01_reporting.csv:44381,N233NN,2024-01-03,3710,GSP,2024-01-03,3703,ORD,BOS,2024-01-03T12:22:00+00:00,2024-01-03T13:15:00+00:00,53.0,2024-01-03T13:15:00+00:00,53.0,0.0,False,"(15,180]",True,False,False,True,accepted,,True
2024-01_reporting.csv:44388,2024-01_reporting.csv:44387,N234JW,2024-01-03,3775,BNA,2024-01-03,3377,ORD,FAR,2024-01-04T01:16:00+00:00,2024-01-04T02:42:00+00:00,86.0,2024-01-04T02:46:00+00:00,90.0,-4.0,False,"(15,180]",True,False,False,True,accepted,,True
2024-01_reporting.csv:44390,2024-01_reporting.csv:44391,N234JW,2024-01-03,3826,CVG,2024-01-03,3845,ORD,RDU,2024-01-03T15:00:00+00:00,2024-01-03T16:02:00+00:00,62.0,2024-01-03T15:55:00+00:00,55.0,7.0,False,"(15,180]",True,False,False,True,accepted,,True
2024-01_reporting.csv:44392,2024-01_reporting.csv:44389,N234JW,2024-01-03,3845,RDU,2024-01-03,3775,ORD,BNA,2024-01-03T20:47:00+00:00,2024-01-03T21:38:00+00:00,51.0,2024-01-03T21:40:00+00:00,53.0,-2.0,False,"(15,180]",True,False,False,True,accepted,,True
2024-01_reporting.csv:44419,2024-01_reporting.csv:44422,N240NN,2024-01-03,3479,MCI,2024-01-03,3581,ORD,XNA,2024-01-03T18:47:00+00:00,2024-01-03T19:24:00+00:00,37.0,2024-01-03T19:15:00+00:00,28.0,9.0,False,"(15,180]",True,False,False,True,accepted,,True
2024-01_reporting.csv:44421,2024-01_reporting.csv:44420,N240NN,2024-01-03,3530,TUL,2024-01-03,3479,ORD,MCI,2024-01-03T14:05:00+00:00,2024-01-03T14:40:00+00:00,35.0,2024-01-03T14:30:00+00:00,25.0,10.0,False,"(15,180]",True,False,False,True,accepted,,True
2024-01_reporting.csv:44423,2024-01_reporting.csv:62581,N240NN,2024-01-03,3611,XNA,2024-01-04,3789,ORD,EWR,2024-01-03T23:32:00+00:00,2024-01-04T14:27:00+00:00,895.0,2024-01-04T14:30:00+00:00,898.0,-3.0,False,>360,True,False,False,True,accepted,,False
2024-01_reporting.csv:44542,2024-01_reporting.csv:44546,N261NN,2024-01-03,3317,IAH,2024-01-03,3821,ORD,IND,2024-01-03T21:44:00+00:00,2024-01-03T22:50:00+00:00,66.0,2024-01-03T22:52:00+00:00,68.0,-2.0,False,"(15,180]",True,False,False,True,accepted,,True
2024-01_reporting.csv:44544,2024-01_reporting.csv:44541,N261NN,2024-01-03,3656,LIT,2024-01-03,3315,ORD,IAH,2024-01-03T12:45:00+00:00,2024-01-03T14:29:00+00:00,104.0,2024-01-03T14:30:00+00:00,105.0,-1.0,False,"(15,180]",True,False,False,True,accepted,,True
2024-01_reporting.csv:44545,2024-01_reporting.csv:44543,N261NN,2024-01-03,3821,IND,2024-01-03,3360,ORD,OKC,2024-01-04T01:50:00+00:00,2024-01-04T02:29:00+00:00,39.0,2024-01-04T02:30:00+00:00,40.0,-1.0,False,"(15,180]",True,False,False,True,accepted,,True
2024-01_reporting.csv:44558,2024-01_reporting.csv:44561,N264NN,2024-01-03,3321,DSM,2024-01-03,3972,ORD,CVG,2024-01-03T23:11:00+00:00,2024-01-04T00:18:00+00:00,67.0,2024-01-04T00:22:00+00:00,71.0,-4.0,False,"(15,180]",True,False,False,True,accepted,,True
2024-01_reporting.csv:44560,2024-01_reporting.csv:44562,N264NN,2024-01-03,3673,GSO,2024-01-03,3973,ORD,TVC,2024-01-03T13:56:00+00:00,2024-01-03T15:51:00+00:00,115.0,2024-01-03T15:55:00+00:00,119.0,-4.0,False,"(15,180]",True,False,False,True,accepted,,True
2024-01_reporting.csv:44563,2024-01_reporting.csv:44559,N264NN,2024-01-03,3974,TVC,2024-01-03,3321,ORD,DSM,2024-01-03T19:24:00+00:00,2024-01-03T19:59:00+00:00,35.0,2024-01-03T19:37:00+00:00,13.0,22.0,True,"(15,180]",True,False,False,True,accepted,,True
2024-01_reporting.csv:44570,2024-01_reporting.csv:44573,N266NN,2024-01-03,3418,AUS,2024-01-03,3648,ORD,GSO,2024-01-03T23:49:00+00:00,2024-01-04T00:36:00+00:00,47.0,2024-01-04T00:37:00+00:00,48.0,-1.0,False,"(15,180]",True,False,False,True,accepted,,True
2024-01_reporting.csv:44608,2024-01_reporting.csv:44611,N274NN,2024-01-03,3834,GRB,2024-01-03,3945,ORD,MEM,2024-01-04T01:15:00+00:00,2024-01-04T02:29:00+00:00,74.0,2024-01-04T02:31:00+00:00,76.0,-2.0,False,"(15,180]",True,False,False,True,accepted,,True
2024-01_reporting.csv:44609,2024-01_reporting.csv:44607,N274NN,2024-01-03,3866,BNA,2024-01-03,3830,ORD,GRB,2024-01-03T20:48:00+00:00,2024-01-03T22:36:00+00:00,108.0,2024-01-03T22:40:00+00:00,112.0,-4.0,False,"(15,180]",True,False,False,True,accepted,,True
2024-01_reporting.csv:44615,2024-01_reporting.csv:44612,N275NN,2024-01-03,3871,BOS,2024-01-03,3384,ORD,CMH,2024-01-03T23:15:00+00:00,2024-01-04T02:20:00+00:00,185.0,2024-01-04T02:15:00+00:00,180.0,5.0,False,"(180,360]",True,False,False,True,accepted,,False
2024-01_reporting.csv:44659,2024-01_reporting.csv:44658,N283NN,2024-01-03,3780,CID,2024-01-03,3578,ORD,XNA,2024-01-03T23:27:00+00:00,2024-01-04T00:30:00+00:00,63.0,2024-01-04T00:30:00+00:00,63.0,0.0,False,"(15,180]",True,False,False,True,accepted,,True
2024-01_reporting.csv:44661,2024-01_reporting.csv:44660,N283NN,2024-01-03,3922,BHM,2024-01-03,3780,ORD,CID,2024-01-03T20:00:00+00:00,2024-01-03T20:40:00+00:00,40.0,2024-01-03T20:41:00+00:00,41.0,-1.0,False,"(15,180]",True,False,False,True,accepted,,True
2024-01_reporting.csv:44663,2024-01_reporting.csv:44662,N283NN,2024-01-03,3942,CMH,2024-01-03,3922,ORD,BHM,2024-01-03T13:28:00+00:00,2024-01-03T15:11:00+00:00,103.0,2024-01-03T15:14:00+00:00,106.0,-3.0,False,"(15,180]",True,False,False,True,accepted,,True
2024-01_reporting.csv:44771,2024-01_reporting.csv:44767,N312BT,2024-01-03,4094,CVG,2024-01-03,3322,ORD,AUS,2024-01-03T13:58:00+00:00,2024-01-03T14:33:00+00:00,35.0,2024-01-03T14:36:00+00:00,38.0,-3.0,False,"(15,180]",True,False,False,True,accepted,,True
2024-01_reporting.csv:44787,2024-01_reporting.csv:44792,N635RW,2024-01-03,3382,BDL,2024-01-03,3838,ORD,GRB,2024-01-04T00:58:00+00:00,2024-01-04T04:15:00+00:00,197.0,2024-01-04T03:00:00+00:00,122.0,75.0,True,"(180,360]",True,False,False,True,accepted,,False
2024-01_reporting.csv:44789,2024-01_reporting.csv:44791,N635RW,2024-01-03,3572,CMH,2024-01-03,3747,ORD,CMI,2024-01-03T15:39:00+00:00,2024-01-03T16:10:00+00:00,31.0,2024-01-03T15:55:00+00:00,16.0,15.0,True,"(15,180]",True,False,False,True,accepted,,True
2024-01_reporting.csv:44790,2024-01_reporting.csv:44788,N635RW,2024-01-03,3746,CMI,2024-01-03,3382,ORD,BDL,2024-01-03T18:38:00+00:00,2024-01-03T19:30:00+00:00,52.0,2024-01-03T19:30:00+00:00,52.0,0.0,False,"(15,180]",True,False,False,True,accepted,,True
2024-01_reporting.csv:44793,2024-01_reporting.csv:44797,N636RW,2024-01-03,3514,FAR,2024-01-03,4091,ORD,SYR,2024-01-03T20:26:00+00:00,2024-01-03T21:17:00+00:00,51.0,2024-01-03T20:42:00+00:00,16.0,35.0,True,"(15,180]",True,False,False,True,accepted,,True
2024-01_reporting.csv:44795,2024-01_reporting.csv:44794,N636RW,2024-01-03,3740,SYR,2024-01-03,3514,ORD,FAR,2024-01-03T14:32:00+00:00,2024-01-03T15:45:00+00:00,73.0,2024-01-03T15:50:00+00:00,78.0,-5.0,False,"(15,180]",True,False,False,True,accepted,,True
2024-01_reporting.csv:44798,2024-01_reporting.csv:44796,N636RW,2024-01-03,4091,SYR,2024-01-03,3755,ORD,ICT,2024-01-04T01:23:00+00:00,2024-01-04T02:19:00+00:00,56.0,2024-01-04T02:19:00+00:00,56.0,0.0,False,"(15,180]",True,False,False,True,accepted,,True
2024-01_reporting.csv:44799,2024-01_reporting.csv:44803,N637RW,2024-01-03,3413,DSM,2024-01-03,3670,ORD,TUL,2024-01-03T13:27:00+00:00,2024-01-03T14:14:00+00:00,47.0,2024-01-03T14:15:00+00:00,48.0,-1.0,False,"(15,180]",True,False,False,True,accepted,,True
2024-01_reporting.csv:44802,2024-01_reporting.csv:44800,N637RW,2024-01-03,3606,SGF,2024-01-03,3499,ORD,HPN,2024-01-03T23:35:00+00:00,2024-01-04T00:42:00+00:00,67.0,2024-01-04T00:41:00+00:00,66.0,1.0,False,"(15,180]",True,False,False,True,accepted,,True
2024-01_reporting.csv:44804,2024-01_reporting.csv:44801,N637RW,2024-01-03,3670,TUL,2024-01-03,3606,ORD,SGF,2024-01-03T18:47:00+00:00,2024-01-03T19:45:00+00:00,58.0,2024-01-03T19:43:00+00:00,56.0,2.0,False,"(15,180]",True,False,False,True,accepted,,True
2024-01_reporting.csv:44805,2024-01_reporting.csv:44808,N643RW,2024-01-03,3757,ICT,2024-01-03,4134,ORD,SYR,2024-01-03T13:30:00+00:00,2024-01-03T14:25:00+00:00,55.0,2024-01-03T14:25:00+00:00,55.0,0.0,False,"(15,180]",True,False,False,True,accepted,,True
2024-01_reporting.csv:44806,2024-01_reporting.csv:81060,N643RW,2024-01-03,3788,EWR,2024-01-05,3479,ORD,MCI,2024-01-04T01:54:00+00:00,2024-01-05T14:29:00+00:00,2195.0,2024-01-05T14:30:00+00:00,2196.0,-1.0,False,>360,True,False,False,True,accepted,,False
2024-01_reporting.csv:44809,2024-01_reporting.csv:44807,N643RW,2024-01-03,4134,SYR,2024-01-03,3788,ORD,EWR,2024-01-03T19:25:00+00:00,2024-01-03T20:16:00+00:00,51.0,2024-01-03T20:10:00+00:00,45.0,6.0,False,"(15,180]",True,False,False,True,accepted,,True
2024-01_reporting.csv:44818,2024-01_reporting.csv:44817,N761RW,2024-01-03,3770,ATW,2024-01-03,3745,ORD,COU,2024-01-03T23:27:00+00:00,2024-01-04T01:27:00+00:00,120.0,2024-01-04T01:30:00+00:00,123.0,-3.0,False,"(15,180]",True,False,False,True,accepted,,True
2024-01_reporting.csv:44820,2024-01_reporting.csv:44819,N761RW,2024-01-03,3789,EWR,2024-01-03,3770,ORD,ATW,2024-01-03T19:56:00+00:00,2024-01-03T20:57:00+00:00,61.0,2024-01-03T20:58:00+00:00,62.0,-1.0,False,"(15,180]",True,False,False,True,accepted,,True
2024-01_reporting.csv:44822,2024-01_reporting.csv:44821,N761RW,2024-01-03,3835,GRB,2024-01-03,3789,ORD,EWR,2024-01-03T13:36:00+00:00,2024-01-03T14:26:00+00:00,50.0,2024-01-03T14:30:00+00:00,54.0,-4.0,False,"(15,180]",True,False,False,True,accepted,,True
2024-01_reporting.csv:44825,2024-01_reporting.csv:44823,N762DT,2024-01-03,3741,SDF,2024-01-03,3537,ORD,PVD,2024-01-03T23:42:00+00:00,2024-01-04T00:49:00+00:00,67.0,2024-01-04T00:50:00+00:00,68.0,-1.0,False,"(15,180]",True,False,False,True,accepted,,True
2024-01_reporting.csv:44827,2024-01_reporting.csv:44824,N762DT,2024-01-03,4092,ROC,2024-01-03,3741,ORD,SDF,2024-01-03T19:54:00+00:00,2024-01-03T20:25:00+00:00,31.0,2024-01-03T20:23:00+00:00,29.0,2.0,False,"(15,180]",True,False,False,True,accepted,,True
2024-01_reporting.csv:44833,2024-01_reporting.csv:44838,N764JD,2024-01-03,3679,BWI,2024-01-03,3839,ORD,OKC,2024-01-03T19:26:00+00:00,2024-01-03T20:10:00+00:00,44.0,2024-01-03T20:07:00+00:00,41.0,3.0,False,"(15,180]",True,False,False,True,accepted,,True
2024-01_reporting.csv:44836,2024-01_reporting.csv:44834,N764JD,2024-01-03,3749,CID,2024-01-03,3679,ORD,BWI,2024-01-03T13:18:00+00:00,2024-01-03T14:21:00+00:00,63.0,2024-01-03T14:21:00+00:00,63.0,0.0,False,"(15,180]",True,False,False,True,accepted,,True
2024-01_reporting.csv:44837,2024-01_reporting.csv:44835,N764JD,2024-01-03,3839,OKC,2024-01-03,3690,ORD,CVG,2024-01-04T01:17:00+00:00,2024-01-04T02:15:00+00:00,58.0,2024-01-04T02:15:00+00:00,58.0,0.0,False,"(15,180]",True,False,False,True,accepted,,True
2024-01_reporting.csv:44839,2024-01_reporting.csv:44841,N766JM,2024-01-03,3312,AUS,2024-01-03,3694,ORD,CMI,2024-01-04T01:31:00+00:00,2024-01-04T02:18:00+00:00,47.0,2024-01-04T02:24:00+00:00,53.0,-6.0,False,"(15,180]",True,False,False,True,accepted,,True
2024-01_reporting.csv:44842,2024-01_reporting.csv:44844,N766JM,2024-01-03,3814,RST,2024-01-03,4160,ORD,BNA,2024-01-03T13:21:00+00:00,2024-01-03T14:37:00+00:00,76.0,2024-01-03T14:38:00+00:00,77.0,-1.0,False,"(15,180]",True,False,False,True,accepted,,True
2024-01_reporting.csv:44843,2024-01_reporting.csv:44840,N766JM,2024-01-03,4160,BNA,2024-01-03,3314,ORD,AUS,2024-01-03T18:31:00+00:00,2024-01-03T19:22:00+00:00,51.0,2024-01-03T19:22:00+00:00,51.0,0.0,False,"(15,180]",True,False,False,True,accepted,,True
2024-01_reporting.csv:44845,2024-01_reporting.csv:62971,N768RD,2024-01-03,3310,EWR,2024-01-04,3321,ORD,DSM,2024-01-04T04:18:00+00:00,2024-01-04T19:36:00+00:00,918.0,2024-01-04T19:37:00+00:00,919.0,-1.0,False,>360,True,False,False,True,accepted,,False
2024-01_reporting.csv:44847,2024-01_reporting.csv:44849,N769KW,2024-01-03,3467,IND,2024-01-03,3664,ORD,CMH,2024-01-03T22:38:00+00:00,2024-01-03T23:25:00+00:00,47.0,2024-01-03T22:45:00+00:00,7.0,40.0,True,"(15,180]",True,False,False,True,accepted,,True
2024-01_reporting.csv:44850,2024-01_reporting.csv:44848,N769KW,2024-01-03,4053,BUF,2024-01-03,3467,ORD,IND,2024-01-03T17:48:00+00:00,2024-01-03T19:16:00+00:00,88.0,2024-01-03T19:19:00+00:00,91.0,-3.0,False,"(15,180]",True,False,False,True,accepted,,True
2024-01_reporting.csv:44856,2024-01_reporting.csv:44860,N771JV,2024-01-03,3367,OKC,2024-01-03,3742,ORD,MEM,2024-01-03T13:55:00+00:00,2024-01-03T14:36:00+00:00,41.0,2024-01-03T14:19:00+00:00,24.0,17.0,True,"(15,180]",True,False,False,True,accepted,,True
2024-01_reporting.csv:44858,2024-01_reporting.csv:44861,N771JV,2024-01-03,3715,PVD,2024-01-03,3815,ORD,RST,2024-01-04T01:49:00+00:00,2024-01-04T02:31:00+00:00,42.0,2024-01-04T02:34:00+00:00,45.0,-3.0,False,"(15,180]",True,False,False,True,accepted,,True
2024-01_reporting.csv:44859,2024-01_reporting.csv:44857,N771JV,2024-01-03,3742,MEM,2024-01-03,3715,ORD,PVD,2024-01-03T19:39:00+00:00,2024-01-03T20:14:00+00:00,35.0,2024-01-03T19:59:00+00:00,20.0,15.0,True,"(15,180]",True,False,False,True,accepted,,True
2024-01_reporting.csv:44864,2024-01_reporting.csv:44865,N772MR,2024-01-03,3744,COU,2024-01-03,3849,ORD,SGF,2024-01-03T15:36:00+00:00,2024-01-03T16:11:00+00:00,35.0,2024-01-03T16:00:00+00:00,24.0,11.0,False,"(15,180]",True,False,False,True,accepted,,True
2024-01_reporting.csv:44866,2024-01_reporting.csv:44867,N772MR,2024-01-03,3849,SGF,2024-01-03,4156,ORD,RIC,2024-01-03T19:45:00+00:00,2024-01-03T20:40:00+00:00,55.0,2024-01-03T20:42:00+00:00,57.0,-2.0,False,"(15,180]",True,False,False,True,accepted,,True
2024-01_reporting.csv:44868,2024-01_reporting.csv:44863,N772MR,2024-01-03,4156,RIC,2024-01-03,3739,ORD,TUL,2024-01-04T01:16:00+00:00,2024-01-04T02:43:00+00:00,87.0,2024-01-04T02:45:00+00:00,89.0,-2.0,False,"(15,180]",True,False,False,True,accepted,,True
2024-01_reporting.csv:44879,2024-01_reporting.csv:44878,N779RN,2024-01-03,3818,ICT,2024-01-03,3695,ORD,LIT,2024-01-03T23:56:00+00:00,2024-01-04T02:27:00+00:00,151.0,2024-01-04T02:20:00+00:00,144.0,7.0,False,"(15,180]",True,False,False,True,accepted,,True
2024-01_reporting.csv:44881,2024-01_reporting.csv:44880,N779RN,2024-01-03,3975,GRR,2024-01-03,3818,ORD,ICT,2024-01-03T13:02:00+00:00,2024-01-03T19:37:00+00:00,395.0,2024-01-03T19:17:00+00:00,375.0,20.0,True,>360,True,False,False,True,accepted,,False
2024-01_reporting.csv:44883,2024-01_reporting.csv:44882,N783LC,2024-01-03,3769,ATL,2024-01-03,3748,ORD,CID,2024-01-04T01:46:00+00:00,2024-01-04T02:39:00+00:00,53.0,2024-01-04T02:30:00+00:00,44.0,9.0,False,"(15,180]",True,False,False,True,accepted,,True
2024-01_reporting.csv:44885,2024-01_reporting.csv:44884,N783LC,2024-01-03,3792,OKC,2024-01-03,3769,ORD,ATL,2024-01-03T19:50:00+00:00,2024-01-03T20:56:00+00:00,66.0,2024-01-03T20:59:00+00:00,69.0,-3.0,False,"(15,180]",True,False,False,True,accepted,,True
2024-01_reporting.csv:44887,2024-01_reporting.csv:44886,N783LC,2024-01-03,4088,XNA,2024-01-03,3792,ORD,OKC,2024-01-03T13:44:00+00:00,2024-01-03T14:34:00+00:00,50.0,2024-01-03T14:36:00+00:00,52.0,-2.0,False,"(15,180]",True,False,True,True,accepted,,True
2024-01_reporting.csv:44897,2024-01_reporting.csv:44900,N809MD,2024-01-03,3790,EYW,2024-01-03,3798,ORD,GRR,2024-01-03T22:09:00+00:00,2024-01-03T22:59:00+00:00,50.0,2024-01-03T23:00:00+00:00,51.0,-1.0,False,"(15,180]",True,False,False,True,accepted,,True
2024-01_reporting.csv:44899,2024-01_reporting.csv:44896,N809MD,2024-01-03,3798,GRR,2024-01-03,3313,ORD,GRR,2024-01-04T01:57:00+00:00,2024-01-04T02:52:00+00:00,55.0,2024-01-04T02:56:00+00:00,59.0,-4.0,False,"(15,180]",True,False,False,True,accepted,,True
2024-01_reporting.csv:44901,2024-01_reporting.csv:44898,N809MD,2024-01-03,4129,SGF,2024-01-03,3790,ORD,EYW,2024-01-03T13:50:00+00:00,2024-01-03T14:31:00+00:00,41.0,2024-01-03T14:33:00+00:00,43.0,-2.0,False,"(15,180]",True,False,False,True,accepted,,True
2024-01_reporting.csv:44904,2024-01_reporting.csv:44908,N821MD,2024-01-03,3609,CMI,2024-01-03,3955,ORD,CMH,2024-01-03T13:43:00+00:00,2024-01-03T14:26:00+00:00,43.0,2024-01-03T14:29:00+00:00,46.0,-3.0,False,"(15,180]",True,False,False,True,accepted,,True
2024-01_reporting.csv:44905,2024-01_reporting.csv:44902,N821MD,2024-01-03,3808,HPN,2024-01-03,3362,ORD,SGF,2024-01-03T23:55:00+00:00,2024-01-04T01:22:00+00:00,87.0,2024-01-04T01:25:00+00:00,90.0,-3.0,False,"(15,180]",True,False,False,True,accepted,,True
2024-01_reporting.csv:44907,2024-01_reporting.csv:44906,N821MD,2024-01-03,3955,CMH,2024-01-03,3808,ORD,HPN,2024-01-03T17:45:00+00:00,2024-01-03T18:52:00+00:00,67.0,2024-01-03T18:52:00+00:00,67.0,0.0,False,"(15,180]",True,False,False,True,accepted,,True
2024-01_reporting.csv:44917,2024-01_reporting.csv:44922,N868RW,2024-01-03,3496,HPN,2024-01-03,3881,ORD,IND,2024-01-03T15:02:00+00:00,2024-01-03T15:55:00+00:00,53.0,2024-01-03T15:25:00+00:00,23.0,30.0,True,"(15,180]",True,False,False,True,accepted,,True
2024-01_reporting.csv:44919,2024-01_reporting.csv:44918,N868RW,2024-01-03,3825,COU,2024-01-03,3580,ORD,BUF,2024-01-03T23:06:00+00:00,2024-01-04T00:39:00+00:00,93.0,2024-01-04T00:40:00+00:00,94.0,-1.0,False,"(15,180]",True,False,False,True,accepted,,True
2024-01_reporting.csv:44921,2024-01_reporting.csv:44920,N868RW,2024-01-03,3881,IND,2024-01-03,3842,ORD,COU,2024-01-03T18:45:00+00:00,2024-01-03T19:36:00+00:00,51.0,2024-01-03T19:46:00+00:00,61.0,-10.0,False,"(15,180]",True,False,False,True,accepted,,True
2024-01_reporting.csv:44924,2024-01_reporting.csv:44926,N873RW,2024-01-03,3430,BUF,2024-01-03,3434,ORD,DSM,2024-01-04T01:41:00+00:00,2024-01-04T02:25:00+00:00,44.0,2024-01-04T02:25:00+00:00,44.0,0.0,False,"(15,180]",True,False,False,True,accepted,,True
2024-01_reporting.csv:44927,2024-01_reporting.csv:44923,N873RW,2024-01-03,3751,FAR,2024-01-03,3425,ORD,BOS,2024-01-03T12:46:00+00:00,2024-01-03T14:13:00+00:00,87.0,2024-01-03T14:15:00+00:00,89.0,-2.0,False,"(15,180]",True,False,False,True,accepted,,True
2024-01_reporting.csv:44928,2024-01_reporting.csv:44925,N873RW,2024-01-03,3776,BOS,2024-01-03,3430,ORD,BUF,2024-01-03T20:02:00+00:00,2024-01-03T20:58:00+00:00,56.0,2024-01-03T20:50:00+00:00,48.0,8.0,False,"(15,180]",True,False,False,True,accepted,,True
2024-01_reporting.csv:44930,2024-01_reporting.csv:44933,N874RW,2024-01-03,3559,MEM,2024-01-03,3812,ORD,HPN,2024-01-03T13:13:00+00:00,2024-01-03T14:18:00+00:00,65.0,2024-01-03T14:19:00+00:00,66.0,-1.0,False,"(15,180]",True,False,False,True,accepted,,True
2024-01_reporting.csv:44931,2024-01_reporting.csv:44929,N874RW,2024-01-03,3669,AVP,2024-01-03,3324,ORD,SYR,2024-01-04T01:14:00+00:00,2024-01-04T01:53:00+00:00,39.0,2024-01-04T01:30:00+00:00,16.0,23.0,True,"(15,180]",True,False,False,True,accepted,,True
2024-01_reporting.csv:44932,2024-01_reporting.csv:44934,N874RW,2024-01-03,3812,HPN,2024-01-03,3893,ORD,AVP,2024-01-03T19:39:00+00:00,2024-01-03T20:53:00+00:00,74.0,2024-01-03T20:55:00+00:00,76.0,-2.0,False,"(15,180]",True,False,False,True,accepted,,True
2024-01_reporting.csv:62479,2024-01_reporting.csv:62477,N219NN,2024-01-04,3710,GSP,2024-01-04,3703,ORD,BOS,2024-01-04T13:30:00+00:00,2024-01-04T13:59:00+00:00,29.0,2024-01-04T13:58:00+00:00,28.0,1.0,False,"(15,180]",True,False,False,True,accepted,,True
2024-01_reporting.csv:62548,2024-01_reporting.csv:62545,N233NN,2024-01-04,3871,BOS,2024-01-04,3690,ORD,CVG,2024-01-04T23:04:00+00:00,2024-01-05T00:33:00+00:00,89.0,2024-01-05T00:35:00+00:00,91.0,-2.0,False,"(15,180]",True,False,False,True,accepted,,True
2024-01_reporting.csv:62550,2024-01_reporting.csv:62552,N234JW,2024-01-04,3751,FAR,2024-01-04,3877,ORD,ELP,2024-01-04T15:07:00+00:00,2024-01-04T16:08:00+00:00,61.0,2024-01-04T16:10:00+00:00,63.0,-2.0,False,"(15,180]",True,False,False,True,accepted,,True
2024-01_reporting.csv:62551,2024-01_reporting.csv:62549,N234JW,2024-01-04,3877,ELP,2024-01-04,3621,ORD,GSP,2024-01-04T23:15:00+00:00,2024-01-05T00:19:00+00:00,64.0,2024-01-05T00:20:00+00:00,65.0,-1.0,False,"(15,180]",True,False,False,True,accepted,,True
2024-01_reporting.csv:62578,2024-01_reporting.csv:80711,N240NN,2024-01-04,3467,IND,2024-01-05,3866,ORD,BNA,2024-01-04T23:32:00+00:00,2024-01-05T16:20:00+00:00,1008.0,2024-01-05T16:00:00+00:00,988.0,20.0,True,>360,True,False,False,True,accepted,,False
2024-01_reporting.csv:62580,2024-01_reporting.csv:62579,N240NN,2024-01-04,3789,EWR,2024-01-04,3467,ORD,IND,2024-01-04T19:52:00+00:00,2024-01-04T21:07:00+00:00,75.0,2024-01-04T20:47:00+00:00,55.0,20.0,True,"(15,180]",True,False,False,True,accepted,,True
2024-01_reporting.csv:62682,2024-01_reporting.csv:62687,N261NN,2024-01-04,3367,OKC,2024-01-04,4160,ORD,BNA,2024-01-04T14:22:00+00:00,2024-01-04T14:53:00+00:00,31.0,2024-01-04T14:55:00+00:00,33.0,-2.0,False,"(15,180]",True,False,False,True,accepted,,True
2024-01_reporting.csv:62683,2024-01_reporting.csv:62685,N261NN,2024-01-04,3430,BUF,2024-01-04,3578,ORD,XNA,2024-01-04T23:24:00+00:00,2024-01-05T00:18:00+00:00,54.0,2024-01-05T00:20:00+00:00,56.0,-2.0,False,"(15,180]",True,False,False,True,accepted,,True
2024-01_reporting.csv:62686,2024-01_reporting.csv:62684,N261NN,2024-01-04,4160,BNA,2024-01-04,3430,ORD,BUF,2024-01-04T18:37:00+00:00,2024-01-04T19:32:00+00:00,55.0,2024-01-04T19:37:00+00:00,60.0,-5.0,False,"(15,180]",True,False,False,True,accepted,,True
2024-01_reporting.csv:62716,2024-01_reporting.csv:62713,N266NN,2024-01-04,3673,GSO,2024-01-04,3322,ORD,AUS,2024-01-04T13:26:00+00:00,2024-01-04T14:37:00+00:00,71.0,2024-01-04T14:36:00+00:00,70.0,1.0,False,"(15,180]",True,False,False,True,accepted,,True
2024-01_reporting.csv:62761,2024-01_reporting.csv:62763,N274NN,2024-01-04,3317,IAH,2024-01-04,3648,ORD,GSO,2024-01-04T22:09:00+00:00,2024-01-05T00:43:00+00:00,154.0,2024-01-05T00:37:00+00:00,148.0,6.0,False,"(15,180]",True,False,False,True,accepted,,True
2024-01_reporting.csv:62762,2024-01_reporting.csv:62760,N274NN,2024-01-04,3559,MEM,2024-01-04,3315,ORD,IAH,2024-01-04T15:22:00+00:00,2024-01-04T16:06:00+00:00,44.0,2024-01-04T15:49:00+00:00,27.0,17.0,True,"(15,180]",True,False,False,True,accepted,,True
2024-01_reporting.csv:62765,2024-01_reporting.csv:62769,N275NN,2024-01-04,3572,CMH,2024-01-04,3866,ORD,BNA,2024-01-04T14:48:00+00:00,2024-01-04T15:56:00+00:00,68.0,2024-01-04T16:00:00+00:00,72.0,-4.0,False,"(15,180]",True,False,False,True,accepted,,True
2024-01_reporting.csv:62766,2024-01_reporting.csv:62764,N275NN,2024-01-04,3780,CID,2024-01-04,3384,ORD,CMH,2024-01-04T23:25:00+00:00,2024-01-05T00:40:00+00:00,75.0,2024-01-05T00:45:00+00:00,80.0,-5.0,False,"(15,180]",True,False,False,True,accepted,,True
2024-01_reporting.csv:62768,2024-01_reporting.csv:62767,N275NN,2024-01-04,3866,BNA,2024-01-04,3780,ORD,CID,2024-01-04T19:44:00+00:00,2024-01-04T20:40:00+00:00,56.0,2024-01-04T20:41:00+00:00,57.0,-1.0,False,"(15,180]",True,False,False,True,accepted,,True
2024-01_reporting.csv:62806,2024-01_reporting.csv:62805,N283NN,2024-01-04,3818,ICT,2024-01-04,3499,ORD,HPN,2024-01-04T23:35:00+00:00,2024-01-05T00:34:00+00:00,59.0,2024-01-05T00:41:00+00:00,66.0,-7.0,False,"(15,180]",True,False,False,True,accepted,,True
2024-01_reporting.csv:62808,2024-01_reporting.csv:62807,N283NN,2024-01-04,4088,XNA,2024-01-04,3818,ORD,ICT,2024-01-04T14:55:00+00:00,2024-01-04T19:16:00+00:00,261.0,2024-01-04T19:17:00+00:00,262.0,-1.0,False,"(180,360]",True,False,False,True,accepted,,False
2024-01_reporting.csv:62864,2024-01_reporting.csv:62867,N300LK,2024-01-04,3418,AUS,2024-01-04,3739,ORD,TUL,2024-01-04T23:28:00+00:00,2024-01-05T00:40:00+00:00,72.0,2024-01-05T00:45:00+00:00,77.0,-5.0,False,"(15,180]",True,False,False,True,accepted,,True
2024-01_reporting.csv:62925,2024-01_reporting.csv:62929,N635RW,2024-01-04,3742,MEM,2024-01-04,3769,ORD,ATL,2024-01-04T19:46:00+00:00,2024-01-04T20:58:00+00:00,72.0,2024-01-04T20:59:00+00:00,73.0,-1.0,False,"(15,180]",True,False,False,True,accepted,,True
2024-01_reporting.csv:62928,2024-01_reporting.csv:62927,N635RW,2024-01-04,3769,ATL,2024-01-04,3748,ORD,CID,2024-01-05T01:26:00+00:00,2024-01-05T02:28:00+00:00,62.0,2024-01-05T02:30:00+00:00,64.0,-2.0,False,"(15,180]",True,False,False,True,accepted,,True
2024-01_reporting.csv:62930,2024-01_reporting.csv:62926,N635RW,2024-01-04,3835,GRB,2024-01-04,3742,ORD,MEM,2024-01-04T14:18:00+00:00,2024-01-04T15:47:00+00:00,89.0,2024-01-04T15:50:00+00:00,92.0,-3.0,False,"(15,180]",True,False,False,True,accepted,,True
2024-01_reporting.csv:62932,2024-01_reporting.csv:62934,N636RW,2024-01-04,3757,ICT,2024-01-04,3881,ORD,IND,2024-01-04T15:06:00+00:00,2024-01-04T16:02:00+00:00,56.0,2024-01-04T16:05:00+00:00,59.0,-3.0,False,"(15,180]",True,False,False,True,accepted,,True
2024-01_reporting.csv:62933,2024-01_reporting.csv:62931,N636RW,2024-01-04,3881,IND,2024-01-04,3715,ORD,PVD,2024-01-04T18:52:00+00:00,2024-01-04T19:57:00+00:00,65.0,2024-01-04T19:59:00+00:00,67.0,-2.0,False,"(15,180]",True,False,False,True,accepted,,True
2024-01_reporting.csv:62935,2024-01_reporting.csv:62937,N637RW,2024-01-04,3496,HPN,2024-01-04,3514,ORD,FAR,2024-01-04T14:25:00+00:00,2024-01-04T15:51:00+00:00,86.0,2024-01-04T15:55:00+00:00,90.0,-4.0,False,"(15,180]",True,False,False,True,accepted,,True
2024-01_reporting.csv:62936,2024-01_reporting.csv:62940,N637RW,2024-01-04,3514,FAR,2024-01-04,3770,ORD,ATW,2024-01-04T20:18:00+00:00,2024-01-04T20:55:00+00:00,37.0,2024-01-04T20:58:00+00:00,40.0,-3.0,False,"(15,180]",True,False,False,True,accepted,,True
2024-01_reporting.csv:62939,2024-01_reporting.csv:62938,N637RW,2024-01-04,3770,ATW,2024-01-04,3755,ORD,ICT,2024-01-04T23:40:00+00:00,2024-01-05T00:28:00+00:00,48.0,2024-01-05T00:35:00+00:00,55.0,-7.0,False,"(15,180]",True,False,False,True,accepted,,True
2024-01_reporting.csv:62941,2024-01_reporting.csv:62942,N761RW,2024-01-04,3744,COU,2024-01-04,3845,ORD,RDU,2024-01-04T15:06:00+00:00,2024-01-04T16:00:00+00:00,54.0,2024-01-04T16:00:00+00:00,54.0,0.0,False,"(15,180]",True,False,False,True,accepted,,True
2024-01_reporting.csv:62943,2024-01_reporting.csv:62944,N761RW,2024-01-04,3845,RDU,2024-01-04,3945,ORD,MEM,2024-01-04T20:50:00+00:00,2024-01-05T00:29:00+00:00,219.0,2024-01-05T00:31:00+00:00,221.0,-2.0,False,"(180,360]",True,False,False,True,accepted,,False
2024-01_reporting.csv:62945,2024-01_reporting.csv:62947,N762DT,2024-01-04,3517,PVD,2024-01-04,3679,ORD,BWI,2024-01-04T14:34:00+00:00,2024-01-04T15:59:00+00:00,85.0,2024-01-04T16:01:00+00:00,87.0,-2.0,False,"(15,180]",True,False,False,True,accepted,,True
2024-01_reporting.csv:62946,2024-01_reporting.csv:62949,N762DT,2024-01-04,3679,BWI,2024-01-04,3775,ORD,BNA,2024-01-04T20:18:00+00:00,2024-01-04T21:39:00+00:00,81.0,2024-01-04T21:40:00+00:00,82.0,-1.0,False,"(15,180]",True,False,False,True,accepted,,True
2024-01_reporting.csv:62948,2024-01_reporting.csv:98999,N762DT,2024-01-04,3775,BNA,2024-01-06,3955,ORD,CMH,2024-01-05T05:39:00+00:00,2024-01-06T14:28:00+00:00,1969.0,2024-01-06T14:30:00+00:00,1971.0,-2.0,False,>360,True,False,False,True,accepted,,False
2024-01_reporting.csv:62957,2024-01_reporting.csv:62960,N764JD,2024-01-04,3479,MCI,2024-01-04,3808,ORD,HPN,2024-01-04T18:14:00+00:00,2024-01-04T18:49:00+00:00,35.0,2024-01-04T18:52:00+00:00,38.0,-3.0,False,"(15,180]",True,False,False,True,accepted,,True
2024-01_reporting.csv:62959,2024-01_reporting.csv:62961,N764JD,2024-01-04,3808,HPN,2024-01-04,3815,ORD,RST,2024-01-04T23:53:00+00:00,2024-01-05T00:29:00+00:00,36.0,2024-01-05T00:34:00+00:00,41.0,-5.0,False,"(15,180]",True,False,False,True,accepted,,True
2024-01_reporting.csv:62962,2024-01_reporting.csv:62958,N764JD,2024-01-04,4094,CVG,2024-01-04,3479,ORD,MCI,2024-01-04T13:33:00+00:00,2024-01-04T14:33:00+00:00,60.0,2024-01-04T14:30:00+00:00,57.0,3.0,False,"(15,180]",True,False,False,True,accepted,,True
2024-01_reporting.csv:62965,2024-01_reporting.csv:62963,N765ST,2024-01-04,4092,ROC,2024-01-04,4091,ORD,SYR,2024-01-04T20:09:00+00:00,2024-01-04T21:16:00+00:00,67.0,2024-01-04T21:19:00+00:00,70.0,-3.0,False,"(15,180]",True,False,False,True,accepted,,True
2024-01_reporting.csv:62966,2024-01_reporting.csv:62968,N766JM,2024-01-04,3319,EWR,2024-01-04,3377,ORD,FAR,2024-01-04T21:12:00+00:00,2024-01-05T00:38:00+00:00,206.0,2024-01-05T00:40:00+00:00,208.0,-2.0,False,"(180,360]",True,False,False,True,accepted,,False
2024-01_reporting.csv:62969,2024-01_reporting.csv:62967,N766JM,2024-01-04,3609,CMI,2024-01-04,3374,ORD,EWR,2024-01-04T15:12:00+00:00,2024-01-04T16:10:00+00:00,58.0,2024-01-04T16:10:00+00:00,58.0,0.0,False,"(15,180]",True,False,False,True,accepted,,True
2024-01_reporting.csv:62970,2024-01_reporting.csv:62972,N768RD,2024-01-04,3321,DSM,2024-01-04,3434,ORD,DSM,2024-01-04T22:48:00+00:00,2024-01-05T00:24:00+00:00,96.0,2024-01-05T00:25:00+00:00,97.0,-1.0,False,"(15,180]",True,False,False,True,accepted,,True
2024-01_reporting.csv:62974,2024-01_reporting.csv:62973,N769KW,2024-01-04,3812,HPN,2024-01-04,3664,ORD,CMH,2024-01-04T20:09:00+00:00,2024-01-04T22:42:00+00:00,153.0,2024-01-04T22:45:00+00:00,156.0,-3.0,False,"(15,180]",True,False,False,True,accepted,,True
2024-01_reporting.csv:62976,2024-01_reporting.csv:62975,N769KW,2024-01-04,3942,CMH,2024-01-04,3812,ORD,HPN,2024-01-04T13:32:00+00:00,2024-01-04T14:18:00+00:00,46.0,2024-01-04T14:19:00+00:00,47.0,-1.0,False,"(15,180]",True,False,False,True,accepted,,True
2024-01_reporting.csv:62983,2024-01_reporting.csv:62982,N771JV,2024-01-04,3788,EWR,2024-01-04,3313,ORD,GRR,2024-01-05T01:21:00+00:00,2024-01-05T02:51:00+00:00,90.0,2024-01-05T02:56:00+00:00,95.0,-5.0,False,"(15,180]",True,False,False,True,accepted,,True
2024-01_reporting.csv:62985,2024-01_reporting.csv:62986,N771JV,2024-01-04,3814,RST,2024-01-04,4134,ORD,SYR,2024-01-04T13:07:00+00:00,2024-01-04T14:22:00+00:00,75.0,2024-01-04T14:25:00+00:00,78.0,-3.0,False,"(15,180]",True,False,False,True,accepted,,True
2024-01_reporting.csv:62987,2024-01_reporting.csv:62984,N771JV,2024-01-04,4134,SYR,2024-01-04,3788,ORD,EWR,2024-01-04T18:50:00+00:00,2024-01-04T20:04:00+00:00,74.0,2024-01-04T20:10:00+00:00,80.0,-6.0,False,"(15,180]",True,False,False,True,accepted,,True
2024-01_reporting.csv:62989,2024-01_reporting.csv:62992,N772MR,2024-01-04,3530,TUL,2024-01-04,3849,ORD,SGF,2024-01-04T14:47:00+00:00,2024-01-04T15:57:00+00:00,70.0,2024-01-04T16:00:00+00:00,73.0,-3.0,False,"(15,180]",True,False,False,True,accepted,,True
2024-01_reporting.csv:62991,2024-01_reporting.csv:62988,N772MR,2024-01-04,3741,SDF,2024-01-04,3362,ORD,SGF,2024-01-04T23:53:00+00:00,2024-01-05T01:00:00+00:00,67.0,2024-01-05T00:55:00+00:00,62.0,5.0,False,"(15,180]",True,False,False,True,accepted,,True
2024-01_reporting.csv:62993,2024-01_reporting.csv:62990,N772MR,2024-01-04,3849,SGF,2024-01-04,3741,ORD,SDF,2024-01-04T20:02:00+00:00,2024-01-04T20:43:00+00:00,41.0,2024-01-04T20:44:00+00:00,42.0,-1.0,False,"(15,180]",True,False,False,True,accepted,,True
2024-01_reporting.csv:63001,2024-01_reporting.csv:63003,N776MS,2024-01-04,3656,LIT,2024-01-04,3790,ORD,EYW,2024-01-04T16:51:00+00:00,2024-01-04T17:28:00+00:00,37.0,2024-01-04T16:10:00+00:00,-41.0,78.0,True,"(15,180]",True,False,False,True,accepted,,True
2024-01_reporting.csv:63002,2024-01_reporting.csv:63004,N776MS,2024-01-04,3790,EYW,2024-01-04,3830,ORD,GRB,2024-01-05T00:48:00+00:00,2024-01-05T01:28:00+00:00,40.0,2024-01-05T00:53:00+00:00,5.0,35.0,True,"(15,180]",True,False,False,True,accepted,,True
2024-01_reporting.csv:63008,2024-01_reporting.csv:63007,N783LC,2024-01-04,3749,CID,2024-01-04,3425,ORD,BOS,2024-01-04T14:55:00+00:00,2024-01-04T15:48:00+00:00,53.0,2024-01-04T15:50:00+00:00,55.0,-2.0,False,"(15,180]",True,False,False,True,accepted,,True
2024-01_reporting.csv:63009,2024-01_reporting.csv:63010,N783LC,2024-01-04,3776,BOS,2024-01-04,3972,ORD,CVG,2024-01-04T21:22:00+00:00,2024-01-04T22:48:00+00:00,86.0,2024-01-04T22:52:00+00:00,90.0,-4.0,False,"(15,180]",True,False,False,True,accepted,,True
2024-01_reporting.csv:63020,2024-01_reporting.csv:63022,N809MD,2024-01-04,3382,BDL,2024-01-04,3694,ORD,CMI,2024-01-05T01:21:00+00:00,2024-01-05T02:20:00+00:00,59.0,2024-01-05T02:24:00+00:00,63.0,-4.0,False,"(15,180]",True,False,False,True,accepted,,True
2024-01_reporting.csv:63023,2024-01_reporting.csv:63021,N809MD,2024-01-04,3975,GRR,2024-01-04,3382,ORD,BDL,2024-01-04T12:50:00+00:00,2024-01-04T19:30:00+00:00,400.0,2024-01-04T19:30:00+00:00,400.0,0.0,False,>360,True,False,False,True,accepted,,False
2024-01_reporting.csv:63024,2024-01_reporting.csv:63026,N821MD,2024-01-04,3792,OKC,2024-01-04,3839,ORD,OKC,2024-01-04T19:46:00+00:00,2024-01-04T20:38:00+00:00,52.0,2024-01-04T20:41:00+00:00,55.0,-3.0,False,"(15,180]",True,False,False,True,accepted,,True
2024-01_reporting.csv:63027,2024-01_reporting.csv:63025,N821MD,2024-01-04,4129,SGF,2024-01-04,3792,ORD,OKC,2024-01-04T13:53:00+00:00,2024-01-04T14:33:00+00:00,40.0,2024-01-04T14:36:00+00:00,43.0,-3.0,False,"(15,180]",True,False,False,True,accepted,,True
2024-01_reporting.csv:63035,2024-01_reporting.csv:63038,N868RW,2024-01-04,3670,TUL,2024-01-04,3842,ORD,COU,2024-01-04T19:16:00+00:00,2024-01-04T19:48:00+00:00,32.0,2024-01-04T19:51:00+00:00,35.0,-3.0,False,"(15,180]",True,False,False,True,accepted,,True
2024-01_reporting.csv:63037,2024-01_reporting.csv:63036,N868RW,2024-01-04,3825,COU,2024-01-04,3745,ORD,COU,2024-01-04T22:56:00+00:00,2024-01-05T00:25:00+00:00,89.0,2024-01-05T00:25:00+00:00,89.0,0.0,False,"(15,180]",True,False,False,True,accepted,,True
2024-01_reporting.csv:63039,2024-01_reporting.csv:63034,N868RW,2024-01-04,4053,BUF,2024-01-04,3670,ORD,TUL,2024-01-04T13:37:00+00:00,2024-01-04T14:34:00+00:00,57.0,2024-01-04T14:15:00+00:00,38.0,19.0,True,"(15,180]",True,False,False,True,accepted,,True
2024-01_reporting.csv:63040,2024-01_reporting.csv:63045,N873RW,2024-01-04,3413,DSM,2024-01-04,3747,ORD,CMI,2024-01-04T14:42:00+00:00,2024-01-04T15:49:00+00:00,67.0,2024-01-04T15:55:00+00:00,73.0,-6.0,False,"(15,180]",True,False,False,True,accepted,,True
2024-01_reporting.csv:63043,2024-01_reporting.csv:63041,N873RW,2024-01-04,3611,XNA,2024-01-04,3580,ORD,BUF,2024-01-04T23:32:00+00:00,2024-01-05T00:36:00+00:00,64.0,2024-01-05T00:40:00+00:00,68.0,-4.0,False,"(15,180]",True,False,False,True,accepted,,True
2024-01_reporting.csv:63044,2024-01_reporting.csv:63042,N873RW,2024-01-04,3746,CMI,2024-01-04,3581,ORD,XNA,2024-01-04T18:14:00+00:00,2024-01-04T19:08:00+00:00,54.0,2024-01-04T19:15:00+00:00,61.0,-7.0,False,"(15,180]",True,False,False,True,accepted,,True
2024-01_reporting.csv:63047,2024-01_reporting.csv:81179,N874RW,2024-01-04,3606,SGF,2024-01-05,3747,ORD,CMI,2024-01-04T23:55:00+00:00,2024-01-05T15:53:00+00:00,958.0,2024-01-05T15:55:00+00:00,960.0,-2.0,False,>360,True,False,False,True,accepted,,False
2024-01_reporting.csv:63048,2024-01_reporting.csv:63049,N874RW,2024-01-04,3740,SYR,2024-01-04,3973,ORD,TVC,2024-01-04T14:56:00+00:00,2024-01-04T15:49:00+00:00,53.0,2024-01-04T15:55:00+00:00,59.0,-6.0,False,"(15,180]",True,False,False,True,accepted,,True
2024-01_reporting.csv:63050,2024-01_reporting.csv:63046,N874RW,2024-01-04,3974,TVC,2024-01-04,3606,ORD,SGF,2024-01-04T18:53:00+00:00,2024-01-04T19:56:00+00:00,63.0,2024-01-04T19:51:00+00:00,58.0,5.0,False,"(15,180]",True,False,False,True,accepted,,True
2024-01_reporting.csv:80609,2024-01_reporting.csv:80606,N219NN,2024-01-05,3871,BOS,2024-01-05,3578,ORD,XNA,2024-01-05T23:16:00+00:00,2024-01-06T00:19:00+00:00,63.0,2024-01-06T00:20:00+00:00,64.0,-1.0,False,"(15,180]",True,False,False,True,accepted,,True
2024-01_reporting.csv:80688,2024-01_reporting.csv:80684,N233NN,2024-01-05,4094,CVG,2024-01-05,3322,ORD,AUS,2024-01-05T13:49:00+00:00,2024-01-05T14:31:00+00:00,42.0,2024-01-05T14:36:00+00:00,47.0,-5.0,False,"(15,180]",True,False,False,True,accepted,,True
2024-01_reporting.csv:80689,2024-01_reporting.csv:80691,N234JW,2024-01-05,3321,DSM,2024-01-05,3648,ORD,GSO,2024-01-05T22:49:00+00:00,2024-01-06T00:37:00+00:00,108.0,2024-01-06T00:37:00+00:00,108.0,0.0,False,"(15,180]",True,False,False,True,accepted,,True
2024-01_reporting.csv:80692,2024-01_reporting.csv:80690,N234JW,2024-01-05,3710,GSP,2024-01-05,3321,ORD,DSM,2024-01-05T12:59:00+00:00,2024-01-05T19:30:00+00:00,391.0,2024-01-05T19:37:00+00:00,398.0,-7.0,False,>360,True,False,False,True,accepted,,False
2024-01_reporting.csv:80708,2024-01_reporting.csv:98620,N240NN,2024-01-05,3780,CID,2024-01-06,3877,ORD,ELP,2024-01-05T23:39:00+00:00,2024-01-06T16:45:00+00:00,1026.0,2024-01-06T16:10:00+00:00,991.0,35.0,True,>360,True,False,False,True,accepted,,False
2024-01_reporting.csv:80710,2024-01_reporting.csv:80709,N240NN,2024-01-05,3866,BNA,2024-01-05,3780,ORD,CID,2024-01-05T20:13:00+00:00,2024-01-05T20:56:00+00:00,43.0,2024-01-05T20:41:00+00:00,28.0,15.0,True,"(15,180]",True,False,False,True,accepted,,True
2024-01_reporting.csv:80809,2024-01_reporting.csv:80811,N261NN,2024-01-05,3382,BDL,2024-01-05,3748,ORD,CID,2024-01-06T01:37:00+00:00,2024-01-06T02:25:00+00:00,48.0,2024-01-06T02:30:00+00:00,53.0,-5.0,False,"(15,180]",True,False,False,True,accepted,,True
2024-01_reporting.csv:80812,2024-01_reporting.csv:80810,N261NN,2024-01-05,4088,XNA,2024-01-05,3382,ORD,BDL,2024-01-05T15:44:00+00:00,2024-01-05T19:22:00+00:00,218.0,2024-01-05T19:30:00+00:00,226.0,-8.0,False,"(180,360]",True,False,False,True,accepted,,False
2024-01_reporting.csv:80879,2024-01_reporting.csv:80880,N274NN,2024-01-05,3673,GSO,2024-01-05,3703,ORD,BOS,2024-01-05T13:17:00+00:00,2024-01-05T13:57:00+00:00,40.0,2024-01-05T13:58:00+00:00,41.0,-1.0,False,"(15,180]",True,False,False,True,accepted,,True
2024-01_reporting.csv:80885,2024-01_reporting.csv:80887,N275NN,2024-01-05,3572,CMH,2024-01-05,4092,ORD,ROC,2024-01-05T14:53:00+00:00,2024-01-05T16:01:00+00:00,68.0,2024-01-05T16:06:00+00:00,73.0,-5.0,False,"(15,180]",True,False,False,True,accepted,,True
2024-01_reporting.csv:80888,2024-01_reporting.csv:80886,N275NN,2024-01-05,4092,ROC,2024-01-05,3972,ORD,CVG,2024-01-05T20:27:00+00:00,2024-01-05T23:00:00+00:00,153.0,2024-01-05T22:52:00+00:00,145.0,8.0,False,"(15,180]",True,False,False,True,accepted,,True
2024-01_reporting.csv:80921,2024-01_reporting.csv:80923,N283NN,2024-01-05,3496,HPN,2024-01-05,3877,ORD,ELP,2024-01-05T14:18:00+00:00,2024-01-05T16:07:00+00:00,109.0,2024-01-05T16:10:00+00:00,112.0,-3.0,False,"(15,180]",True,False,False,True,accepted,,True
2024-01_reporting.csv:80922,2024-01_reporting.csv:98839,N283NN,2024-01-05,3877,ELP,2024-01-06,3703,ORD,BOS,2024-01-05T23:13:00+00:00,2024-01-06T13:40:00+00:00,867.0,2024-01-06T13:42:00+00:00,869.0,-2.0,False,>360,True,False,False,True,accepted,,False
2024-01_reporting.csv:80995,2024-01_reporting.csv:80996,N300LK,2024-01-05,3317,IAH,2024-01-05,3384,ORD,CMH,2024-01-05T21:37:00+00:00,2024-01-06T00:44:00+00:00,187.0,2024-01-06T00:45:00+00:00,188.0,-1.0,False,"(180,360]",True,False,False,True,accepted,,False
2024-01_reporting.csv:80997,2024-01_reporting.csv:80994,N300LK,2024-01-05,3530,TUL,2024-01-05,3315,ORD,IAH,2024-01-05T14:57:00+00:00,2024-01-05T15:46:00+00:00,49.0,2024-01-05T15:49:00+00:00,52.0,-3.0,False,"(15,180]",True,False,False,True,accepted,,True
2024-01_reporting.csv:81006,2024-01_reporting.csv:81010,N304KM,2024-01-05,3418,AUS,2024-01-05,3926,ORD,LEX,2024-01-05T23:22:00+00:00,2024-01-06T00:16:00+00:00,54.0,2024-01-06T00:20:00+00:00,58.0,-4.0,False,"(15,180]",True,False,False,True,accepted,,True
2024-01_reporting.csv:81049,2024-01_reporting.csv:81051,N635RW,2024-01-05,3319,EWR,2024-01-05,3745,ORD,COU,2024-01-05T23:50:00+00:00,2024-01-06T01:17:00+00:00,87.0,2024-01-06T00:25:00+00:00,35.0,52.0,True,"(15,180]",True,False,False,True,accepted,,True
2024-01_reporting.csv:81052,2024-01_reporting.csv:81050,N635RW,2024-01-05,3749,CID,2024-01-05,3374,ORD,EWR,2024-01-05T14:57:00+00:00,2024-01-05T16:07:00+00:00,70.0,2024-01-05T16:10:00+00:00,73.0,-3.0,False,"(15,180]",True,False,False,True,accepted,,True
2024-01_reporting.csv:81054,2024-01_reporting.csv:81056,N636RW,2024-01-05,3517,PVD,2024-01-05,3808,ORD,HPN,2024-01-05T14:50:00+00:00,2024-01-05T18:47:00+00:00,237.0,2024-01-05T18:52:00+00:00,242.0,-5.0,False,"(180,360]",True,False,False,True,accepted,,False
2024-01_reporting.csv:81055,2024-01_reporting.csv:81053,N636RW,2024-01-05,3808,HPN,2024-01-05,3362,ORD,SGF,2024-01-05T23:51:00+00:00,2024-01-06T00:52:00+00:00,61.0,2024-01-06T00:55:00+00:00,64.0,-3.0,False,"(15,180]",True,False,False,True,accepted,,True
2024-01_reporting.csv:81058,2024-01_reporting.csv:81057,N637RW,2024-01-05,3757,ICT,2024-01-05,3695,ORD,LIT,2024-01-05T17:50:00+00:00,2024-01-05T21:26:00+00:00,216.0,2024-01-05T21:27:00+00:00,217.0,-1.0,False,"(180,360]",True,False,False,True,accepted,,False
2024-01_reporting.csv:81059,2024-01_reporting.csv:81061,N643RW,2024-01-05,3479,MCI,2024-01-05,3581,ORD,XNA,2024-01-05T18:04:00+00:00,2024-01-05T19:10:00+00:00,66.0,2024-01-05T19:15:00+00:00,71.0,-5.0,False,"(15,180]",True,False,False,True,accepted,,True
2024-01_reporting.csv:81062,2024-01_reporting.csv:81063,N643RW,2024-01-05,3611,XNA,2024-01-05,3690,ORD,CVG,2024-01-05T23:32:00+00:00,2024-01-06T00:26:00+00:00,54.0,2024-01-06T00:35:00+00:00,63.0,-9.0,False,"(15,180]",True,False,False,True,accepted,,True
2024-01_reporting.csv:81067,2024-01_reporting.csv:81066,N761RW,2024-01-05,3559,MEM,2024-01-05,3425,ORD,BOS,2024-01-05T14:46:00+00:00,2024-01-05T15:44:00+00:00,58.0,2024-01-05T15:50:00+00:00,64.0,-6.0,False,"(15,180]",True,False,False,True,accepted,,True
2024-01_reporting.csv:81069,2024-01_reporting.csv:81068,N761RW,2024-01-05,3776,BOS,2024-01-05,3664,ORD,CMH,2024-01-05T21:26:00+00:00,2024-01-05T22:43:00+00:00,77.0,2024-01-05T22:45:00+00:00,79.0,-2.0,False,"(15,180]",True,False,False,True,accepted,,True
2024-01_reporting.csv:81072,2024-01_reporting.csv:81075,N764JD,2024-01-05,3812,HPN,2024-01-05,3839,ORD,OKC,2024-01-05T19:37:00+00:00,2024-01-05T20:49:00+00:00,72.0,2024-01-05T20:41:00+00:00,64.0,8.0,False,"(15,180]",True,False,False,True,accepted,,True
2024-01_reporting.csv:81074,2024-01_reporting.csv:81073,N764JD,2024-01-05,3814,RST,2024-01-05,3812,ORD,HPN,2024-01-05T13:14:00+00:00,2024-01-05T14:18:00+00:00,64.0,2024-01-05T14:19:00+00:00,65.0,-1.0,False,"(15,180]",True,False,False,True,accepted,,True
2024-01_reporting.csv:81077,2024-01_reporting.csv:81078,N765ST,2024-01-05,3740,SYR,2024-01-05,3973,ORD,TVC,2024-01-05T14:40:00+00:00,2024-01-05T15:49:00+00:00,69.0,2024-01-05T15:55:00+00:00,75.0,-6.0,False,"(15,180]",True,False,False,True,accepted,,True
2024-01_reporting.csv:81079,2024-01_reporting.csv:81076,N765ST,2024-01-05,3974,TVC,2024-01-05,3715,ORD,PVD,2024-01-05T18:34:00+00:00,2024-01-05T19:57:00+00:00,83.0,2024-01-05T19:59:00+00:00,85.0,-2.0,False,"(15,180]",True,False,False,True,accepted,,True
2024-01_reporting.csv:81081,2024-01_reporting.csv:81082,N766JM,2024-01-05,3751,FAR,2024-01-05,3845,ORD,RDU,2024-01-05T15:15:00+00:00,2024-01-05T16:02:00+00:00,47.0,2024-01-05T16:00:00+00:00,45.0,2.0,False,"(15,180]",True,False,False,True,accepted,,True
2024-01_reporting.csv:81083,2024-01_reporting.csv:81080,N766JM,2024-01-05,3845,RDU,2024-01-05,3434,ORD,DSM,2024-01-05T20:37:00+00:00,2024-01-06T00:20:00+00:00,223.0,2024-01-06T00:25:00+00:00,228.0,-5.0,False,"(180,360]",True,False,False,True,accepted,,False
2024-01_reporting.csv:81084,2024-01_reporting.csv:81089,N768RD,2024-01-05,3413,DSM,2024-01-05,3881,ORD,IND,2024-01-05T14:52:00+00:00,2024-01-05T16:05:00+00:00,73.0,2024-01-05T16:05:00+00:00,73.0,0.0,False,"(15,180]",True,False,False,True,accepted,,True
2024-01_reporting.csv:81086,2024-01_reporting.csv:81085,N768RD,2024-01-05,3825,COU,2024-01-05,3499,ORD,HPN,2024-01-05T23:51:00+00:00,2024-01-06T00:39:00+00:00,48.0,2024-01-06T00:41:00+00:00,50.0,-2.0,False,"(15,180]",True,False,False,True,accepted,,True
2024-01_reporting.csv:81088,2024-01_reporting.csv:81087,N768RD,2024-01-05,3881,IND,2024-01-05,3842,ORD,COU,2024-01-05T18:46:00+00:00,2024-01-05T19:55:00+00:00,69.0,2024-01-05T19:51:00+00:00,65.0,4.0,False,"(15,180]",True,False,False,True,accepted,,True
2024-01_reporting.csv:81090,2024-01_reporting.csv:81092,N769KW,2024-01-05,3467,IND,2024-01-05,3755,ORD,ICT,2024-01-05T23:39:00+00:00,2024-01-06T00:31:00+00:00,52.0,2024-01-06T00:35:00+00:00,56.0,-4.0,False,"(15,180]",True,False,False,True,accepted,,True
2024-01_reporting.csv:81093,2024-01_reporting.csv:81091,N769KW,2024-01-05,3789,EWR,2024-01-05,3467,ORD,IND,2024-01-05T19:36:00+00:00,2024-01-05T20:46:00+00:00,70.0,2024-01-05T20:47:00+00:00,71.0,-1.0,False,"(15,180]",True,False,False,True,accepted,,True
2024-01_reporting.csv:81095,2024-01_reporting.csv:81094,N769KW,2024-01-05,3942,CMH,2024-01-05,3789,ORD,EWR,2024-01-05T13:38:00+00:00,2024-01-05T14:29:00+00:00,51.0,2024-01-05T14:30:00+00:00,52.0,-1.0,False,"(15,180]",True,False,False,True,accepted,,True
2024-01_reporting.csv:81105,2024-01_reporting.csv:81104,N771JV,2024-01-05,3788,EWR,2024-01-05,3694,ORD,CMI,2024-01-06T01:43:00+00:00,2024-01-06T02:22:00+00:00,39.0,2024-01-06T02:24:00+00:00,41.0,-2.0,False,"(15,180]",True,False,False,True,accepted,,True
2024-01_reporting.csv:81107,2024-01_reporting.csv:81108,N771JV,2024-01-05,3975,GRR,2024-01-05,4134,ORD,SYR,2024-01-05T13:03:00+00:00,2024-01-05T14:20:00+00:00,77.0,2024-01-05T14:25:00+00:00,82.0,-5.0,False,"(15,180]",True,False,False,True,accepted,,True
2024-01_reporting.csv:81109,2024-01_reporting.csv:81106,N771JV,2024-01-05,4134,SYR,2024-01-05,3788,ORD,EWR,2024-01-05T18:39:00+00:00,2024-01-05T20:08:00+00:00,89.0,2024-01-05T20:10:00+00:00,91.0,-2.0,False,"(15,180]",True,False,False,True,accepted,,True
2024-01_reporting.csv:81111,2024-01_reporting.csv:81114,N772MR,2024-01-05,3741,SDF,2024-01-05,3830,ORD,GRB,2024-01-05T23:54:00+00:00,2024-01-06T00:44:00+00:00,50.0,2024-01-06T00:53:00+00:00,59.0,-9.0,False,"(15,180]",True,False,False,True,accepted,,True
2024-01_reporting.csv:81112,2024-01_reporting.csv:81110,N772MR,2024-01-05,3792,OKC,2024-01-05,3741,ORD,SDF,2024-01-05T19:38:00+00:00,2024-01-05T20:37:00+00:00,59.0,2024-01-05T20:44:00+00:00,66.0,-7.0,False,"(15,180]",True,False,False,True,accepted,,True
2024-01_reporting.csv:81115,2024-01_reporting.csv:81113,N772MR,2024-01-05,4129,SGF,2024-01-05,3792,ORD,OKC,2024-01-05T13:13:00+00:00,2024-01-05T14:34:00+00:00,81.0,2024-01-05T14:36:00+00:00,83.0,-2.0,False,"(15,180]",True,False,False,True,accepted,,True
2024-01_reporting.csv:81121,2024-01_reporting.csv:81124,N776MS,2024-01-05,3679,BWI,2024-01-05,3775,ORD,BNA,2024-01-05T20:36:00+00:00,2024-01-05T21:36:00+00:00,60.0,2024-01-05T21:40:00+00:00,64.0,-4.0,False,"(15,180]",True,False,False,True,accepted,,True
2024-01_reporting.csv:81123,2024-01_reporting.csv:99057,N776MS,2024-01-05,3775,BNA,2024-01-06,3792,ORD,OKC,2024-01-06T01:36:00+00:00,2024-01-06T15:10:00+00:00,814.0,2024-01-06T14:36:00+00:00,780.0,34.0,True,>360,True,False,False,True,accepted,,False
2024-01_reporting.csv:81125,2024-01_reporting.csv:81122,N776MS,2024-01-05,3835,GRB,2024-01-05,3679,ORD,BWI,2024-01-05T14:41:00+00:00,2024-01-05T15:59:00+00:00,78.0,2024-01-05T16:01:00+00:00,80.0,-2.0,False,"(15,180]",True,False,False,True,accepted,,True
2024-01_reporting.csv:81135,2024-01_reporting.csv:81138,N779RN,2024-01-05,3656,LIT,2024-01-05,3849,ORD,SGF,2024-01-05T15:22:00+00:00,2024-01-05T15:56:00+00:00,34.0,2024-01-05T16:00:00+00:00,38.0,-4.0,False,"(15,180]",True,False,False,True,accepted,,True
2024-01_reporting.csv:81136,2024-01_reporting.csv:81134,N779RN,2024-01-05,3770,ATW,2024-01-05,3377,ORD,FAR,2024-01-05T23:39:00+00:00,2024-01-06T00:37:00+00:00,58.0,2024-01-06T00:40:00+00:00,61.0,-3.0,False,"(15,180]",True,False,False,True,accepted,,True
2024-01_reporting.csv:81139,2024-01_reporting.csv:81137,N779RN,2024-01-05,3849,SGF,2024-01-05,3770,ORD,ATW,2024-01-05T20:18:00+00:00,2024-01-05T20:56:00+00:00,38.0,2024-01-05T20:58:00+00:00,40.0,-2.0,False,"(15,180]",True,False,False,True,accepted,,True
2024-01_reporting.csv:81140,2024-01_reporting.csv:81143,N783LC,2024-01-05,3514,FAR,2024-01-05,4091,ORD,SYR,2024-01-05T20:38:00+00:00,2024-01-05T21:19:00+00:00,41.0,2024-01-05T21:19:00+00:00,41.0,0.0,False,"(15,180]",True,False,False,True,accepted,,True
2024-01_reporting.csv:81142,2024-01_reporting.csv:81141,N783LC,2024-01-05,3826,CVG,2024-01-05,3514,ORD,FAR,2024-01-05T14:45:00+00:00,2024-01-05T15:55:00+00:00,70.0,2024-01-05T15:55:00+00:00,70.0,0.0,False,"(15,180]",True,False,False,True,accepted,,True
2024-01_reporting.csv:81152,2024-01_reporting.csv:81154,N809MD,2024-01-05,3609,CMI,2024-01-05,3742,ORD,MEM,2024-01-05T15:02:00+00:00,2024-01-05T15:50:00+00:00,48.0,2024-01-05T15:50:00+00:00,48.0,0.0,False,"(15,180]",True,False,False,True,accepted,,True
2024-01_reporting.csv:81153,2024-01_reporting.csv:81156,N809MD,2024-01-05,3742,MEM,2024-01-05,3769,ORD,ATL,2024-01-05T19:57:00+00:00,2024-01-05T20:53:00+00:00,56.0,2024-01-05T20:59:00+00:00,62.0,-6.0,False,"(15,180]",True,False,False,True,accepted,,True
2024-01_reporting.csv:81155,2024-01_reporting.csv:81151,N809MD,2024-01-05,3769,ATL,2024-01-05,3313,ORD,GRR,2024-01-06T01:41:00+00:00,2024-01-06T02:57:00+00:00,76.0,2024-01-06T02:56:00+00:00,75.0,1.0,False,"(15,180]",True,False,False,True,accepted,,True
2024-01_reporting.csv:81157,2024-01_reporting.csv:81162,N821MD,2024-01-05,3367,OKC,2024-01-05,4160,ORD,BNA,2024-01-05T13:48:00+00:00,2024-01-05T14:53:00+00:00,65.0,2024-01-05T14:55:00+00:00,67.0,-2.0,False,"(15,180]",True,False,False,True,accepted,,True
2024-01_reporting.csv:81159,2024-01_reporting.csv:81160,N821MD,2024-01-05,3606,SGF,2024-01-05,3621,ORD,GSP,2024-01-05T23:42:00+00:00,2024-01-06T00:53:00+00:00,71.0,2024-01-06T00:20:00+00:00,38.0,33.0,True,"(15,180]",True,False,False,True,accepted,,True
2024-01_reporting.csv:81161,2024-01_reporting.csv:81158,N821MD,2024-01-05,4160,BNA,2024-01-05,3606,ORD,SGF,2024-01-05T18:33:00+00:00,2024-01-05T19:44:00+00:00,71.0,2024-01-05T19:51:00+00:00,78.0,-7.0,False,"(15,180]",True,False,False,True,accepted,,True
2024-01_reporting.csv:81168,2024-01_reporting.csv:81170,N868RW,2024-01-05,3744,COU,2024-01-05,3790,ORD,EYW,2024-01-05T14:52:00+00:00,2024-01-05T16:09:00+00:00,77.0,2024-01-05T16:10:00+00:00,78.0,-1.0,False,"(15,180]",True,False,False,True,accepted,,True
2024-01_reporting.csv:81169,2024-01_reporting.csv:81167,N868RW,2024-01-05,3790,EYW,2024-01-05,3739,ORD,TUL,2024-01-06T00:28:00+00:00,2024-01-06T02:40:00+00:00,132.0,2024-01-06T02:45:00+00:00,137.0,-5.0,False,"(15,180]",True,False,False,True,accepted,,True
2024-01_reporting.csv:81171,2024-01_reporting.csv:81175,N873RW,2024-01-05,3430,BUF,2024-01-05,3945,ORD,MEM,2024-01-05T23:39:00+00:00,2024-01-06T00:30:00+00:00,51.0,2024-01-06T00:31:00+00:00,52.0,-1.0,False,"(15,180]",True,False,False,True,accepted,,True
2024-01_reporting.csv:81174,2024-01_reporting.csv:81172,N873RW,2024-01-05,3670,TUL,2024-01-05,3430,ORD,BUF,2024-01-05T18:35:00+00:00,2024-01-05T19:43:00+00:00,68.0,2024-01-05T19:37:00+00:00,62.0,6.0,False,"(15,180]",True,False,False,True,accepted,,True
2024-01_reporting.csv:81176,2024-01_reporting.csv:81173,N873RW,2024-01-05,4053,BUF,2024-01-05,3670,ORD,TUL,2024-01-05T12:50:00+00:00,2024-01-05T14:09:00+00:00,79.0,2024-01-05T14:15:00+00:00,85.0,-6.0,False,"(15,180]",True,False,False,True,accepted,,True
2024-01_reporting.csv:81178,2024-01_reporting.csv:81181,N874RW,2024-01-05,3746,CMI,2024-01-05,3818,ORD,ICT,2024-01-05T18:05:00+00:00,2024-01-05T19:08:00+00:00,63.0,2024-01-05T19:17:00+00:00,72.0,-9.0,False,"(15,180]",True,False,False,True,accepted,,True
2024-01_reporting.csv:81180,2024-01_reporting.csv:81177,N874RW,2024-01-05,3818,ICT,2024-01-05,3580,ORD,BUF,2024-01-06T00:00:00+00:00,2024-01-06T00:42:00+00:00,42.0,2024-01-06T00:40:00+00:00,40.0,2.0,False,"(15,180]",True,False,False,True,accepted,,True
2024-01_reporting.csv:98500,2024-01_reporting.csv:98504,N215NN,2024-01-06,3769,ATL,2024-01-06,3945,ORD,MEM,2024-01-07T02:29:00+00:00,2024-01-07T03:27:00+00:00,58.0,2024-01-07T02:31:00+00:00,2.0,56.0,True,"(15,180]",True,False,False,True,accepted,,True
2024-01_reporting.csv:98503,2024-01_reporting.csv:98501,N215NN,2024-01-06,3849,SGF,2024-01-06,3769,ORD,ATL,2024-01-06T21:13:00+00:00,2024-01-06T22:04:00+00:00,51.0,2024-01-06T20:59:00+00:00,-14.0,65.0,True,"(15,180]",True,False,False,True,accepted,,True
2024-01_reporting.csv:98505,2024-01_reporting.csv:98502,N215NN,2024-01-06,4088,XNA,2024-01-06,3849,ORD,SGF,2024-01-06T12:30:00+00:00,2024-01-06T16:00:00+00:00,210.0,2024-01-06T16:00:00+00:00,210.0,0.0,False,"(180,360]",True,False,False,True,accepted,,False
2024-01_reporting.csv:98590,2024-01_reporting.csv:98594,N234JW,2024-01-06,3348,HDN,2024-01-06,3798,ORD,GRR,2024-01-06T22:45:00+00:00,2024-01-07T00:09:00+00:00,84.0,2024-01-06T23:00:00+00:00,15.0,69.0,True,"(15,180]",True,False,False,True,accepted,,True
2024-01_reporting.csv:98592,2024-01_reporting.csv:98591,N234JW,2024-01-06,3673,GSO,2024-01-06,3348,ORD,HDN,2024-01-06T13:45:00+00:00,2024-01-06T16:14:00+00:00,149.0,2024-01-06T16:00:00+00:00,135.0,14.0,False,"(15,180]",True,False,False,True,accepted,,True
2024-01_reporting.csv:98593,2024-01_reporting.csv:116169,N234JW,2024-01-06,3798,GRR,2024-01-07,3703,ORD,BOS,2024-01-07T02:25:00+00:00,2024-01-07T13:41:00+00:00,676.0,2024-01-07T13:42:00+00:00,677.0,-1.0,False,>360,True,False,False,True,accepted,,False
2024-01_reporting.csv:98619,2024-01_reporting.csv:98621,N240NN,2024-01-06,3877,ELP,2024-01-06,3972,ORD,CVG,2024-01-07T00:45:00+00:00,2024-01-07T01:20:00+00:00,35.0,2024-01-07T00:22:00+00:00,-23.0,58.0,True,"(15,180]",True,False,False,True,accepted,,True
2024-01_reporting.csv:98669,2024-01_reporting.csv:98668,N250NN,2024-01-06,3871,BOS,2024-01-06,3648,ORD,GSO,2024-01-06T23:06:00+00:00,2024-01-07T01:30:00+00:00,144.0,2024-01-07T00:37:00+00:00,91.0,53.0,True,"(15,180]",True,False,False,True,accepted,,True
2024-01_reporting.csv:98967,2024-01_reporting.csv:98971,N635RW,2024-01-06,3744,COU,2024-01-06,3866,ORD,BNA,2024-01-06T15:50:00+00:00,2024-01-06T16:43:00+00:00,53.0,2024-01-06T16:00:00+00:00,10.0,43.0,True,"(15,180]",True,False,False,True,accepted,,True
2024-01_reporting.csv:98968,2024-01_reporting.csv:98966,N635RW,2024-01-06,3780,CID,2024-01-06,3664,ORD,CMH,2024-01-07T03:04:00+00:00,2024-01-07T03:50:00+00:00,46.0,2024-01-06T23:45:00+00:00,-199.0,245.0,True,"(15,180]",True,False,False,True,accepted,,True
2024-01_reporting.csv:98970,2024-01_reporting.csv:98969,N635RW,2024-01-06,3866,BNA,2024-01-06,3780,ORD,CID,2024-01-06T20:28:00+00:00,2024-01-06T21:08:00+00:00,40.0,2024-01-06T20:47:00+00:00,19.0,21.0,True,"(15,180]",True,False,False,True,accepted,,True
2024-01_reporting.csv:98975,2024-01_reporting.csv:98977,N637RW,2024-01-06,3656,LIT,2024-01-06,3679,ORD,BWI,2024-01-06T12:44:00+00:00,2024-01-06T14:28:00+00:00,104.0,2024-01-06T14:31:00+00:00,107.0,-3.0,False,"(15,180]",True,False,False,True,accepted,,True
2024-01_reporting.csv:98976,2024-01_reporting.csv:98978,N637RW,2024-01-06,3679,BWI,2024-01-06,4156,ORD,RIC,2024-01-06T20:32:00+00:00,2024-01-06T21:09:00+00:00,37.0,2024-01-06T20:42:00+00:00,10.0,27.0,True,"(15,180]",True,False,False,True,accepted,,True
2024-01_reporting.csv:98979,2024-01_reporting.csv:98974,N637RW,2024-01-06,4156,RIC,2024-01-06,3360,ORD,OKC,2024-01-07T02:11:00+00:00,2024-01-07T02:49:00+00:00,38.0,2024-01-07T02:30:00+00:00,19.0,19.0,True,"(15,180]",True,False,False,True,accepted,,True
2024-01_reporting.csv:98980,2024-01_reporting.csv:98984,N643RW,2024-01-06,3467,IND,2024-01-06,3830,ORD,GRB,2024-01-06T22:22:00+00:00,2024-01-06T23:02:00+00:00,40.0,2024-01-06T22:40:00+00:00,18.0,22.0,True,"(15,180]",True,False,False,True,accepted,,True
2024-01_reporting.csv:98983,2024-01_reporting.csv:98981,N643RW,2024-01-06,3826,CVG,2024-01-06,3467,ORD,IND,2024-01-06T15:31:00+00:00,2024-01-06T19:18:00+00:00,227.0,2024-01-06T19:19:00+00:00,228.0,-1.0,False,"(180,360]",True,False,False,True,accepted,,False
2024-01_reporting.csv:98985,2024-01_reporting.csv:98982,N643RW,2024-01-06,3834,GRB,2024-01-06,3739,ORD,TUL,2024-01-07T02:03:00+00:00,2024-01-07T02:43:00+00:00,40.0,2024-01-07T02:45:00+00:00,42.0,-2.0,False,"(15,180]",True,False,False,True,accepted,,True
2024-01_reporting.csv:98992,2024-01_reporting.csv:116617,N761RW,2024-01-06,3319,EWR,2024-01-07,3742,ORD,MEM,2024-01-07T04:20:00+00:00,2024-01-07T14:14:00+00:00,594.0,2024-01-07T14:19:00+00:00,599.0,-5.0,False,>360,True,False,False,True,accepted,,False
2024-01_reporting.csv:98994,2024-01_reporting.csv:98993,N761RW,2024-01-06,3572,CMH,2024-01-06,3374,ORD,EWR,2024-01-06T14:51:00+00:00,2024-01-06T16:05:00+00:00,74.0,2024-01-06T16:05:00+00:00,74.0,0.0,False,"(15,180]",True,False,False,True,accepted,,True
2024-01_reporting.csv:98996,2024-01_reporting.csv:98995,N762DT,2024-01-06,3808,HPN,2024-01-06,3537,ORD,PVD,2024-01-07T00:33:00+00:00,2024-01-07T01:29:00+00:00,56.0,2024-01-07T00:50:00+00:00,17.0,39.0,True,"(15,180]",True,False,False,True,accepted,,True
2024-01_reporting.csv:98998,2024-01_reporting.csv:98997,N762DT,2024-01-06,3955,CMH,2024-01-06,3808,ORD,HPN,2024-01-06T18:21:00+00:00,2024-01-06T18:57:00+00:00,36.0,2024-01-06T18:52:00+00:00,31.0,5.0,False,"(15,180]",True,False,False,True,accepted,,True
2024-01_reporting.csv:99003,2024-01_reporting.csv:99007,N764JD,2024-01-06,3367,OKC,2024-01-06,3742,ORD,MEM,2024-01-06T13:02:00+00:00,2024-01-06T14:17:00+00:00,75.0,2024-01-06T14:19:00+00:00,77.0,-2.0,False,"(15,180]",True,False,False,True,accepted,,True
2024-01_reporting.csv:99004,2024-01_reporting.csv:99008,N764JD,2024-01-06,3382,BDL,2024-01-06,3838,ORD,GRB,2024-01-07T01:19:00+00:00,2024-01-07T02:19:00+00:00,60.0,2024-01-07T02:20:00+00:00,61.0,-1.0,False,"(15,180]",True,False,False,True,accepted,,True
2024-01_reporting.csv:99006,2024-01_reporting.csv:99005,N764JD,2024-01-06,3742,MEM,2024-01-06,3382,ORD,BDL,2024-01-06T19:25:00+00:00,2024-01-06T20:04:00+00:00,39.0,2024-01-06T19:30:00+00:00,5.0,34.0,True,"(15,180]",True,False,False,True,accepted,,True
2024-01_reporting.csv:99010,2024-01_reporting.csv:99009,N765ST,2024-01-06,3430,BUF,2024-01-06,3377,ORD,FAR,2024-01-07T02:36:00+00:00,2024-01-07T03:52:00+00:00,76.0,2024-01-07T02:46:00+00:00,10.0,66.0,True,"(15,180]",True,False,False,True,accepted,,True
2024-01_reporting.csv:99012,2024-01_reporting.csv:99013,N765ST,2024-01-06,3517,PVD,2024-01-06,3845,ORD,RDU,2024-01-06T14:59:00+00:00,2024-01-06T16:00:00+00:00,61.0,2024-01-06T15:55:00+00:00,56.0,5.0,False,"(15,180]",True,False,False,True,accepted,,True
2024-01_reporting.csv:99014,2024-01_reporting.csv:99011,N765ST,2024-01-06,3845,RDU,2024-01-06,3430,ORD,BUF,2024-01-06T21:39:00+00:00,2024-01-06T22:24:00+00:00,45.0,2024-01-06T21:40:00+00:00,1.0,44.0,True,"(15,180]",True,False,False,True,accepted,,True
2024-01_reporting.csv:99015,2024-01_reporting.csv:99019,N766JM,2024-01-06,3413,DSM,2024-01-06,4092,ORD,ROC,2024-01-06T13:54:00+00:00,2024-01-06T14:24:00+00:00,30.0,2024-01-06T14:24:00+00:00,30.0,0.0,False,"(15,180]",True,False,False,True,accepted,,True
2024-01_reporting.csv:99018,2024-01_reporting.csv:99016,N766JM,2024-01-06,3606,SGF,2024-01-06,3578,ORD,XNA,2024-01-07T00:09:00+00:00,2024-01-07T00:38:00+00:00,29.0,2024-01-07T00:20:00+00:00,11.0,18.0,True,"(15,180]",True,False,False,True,accepted,,True
2024-01_reporting.csv:99020,2024-01_reporting.csv:99017,N766JM,2024-01-06,4092,ROC,2024-01-06,3606,ORD,SGF,2024-01-06T19:01:00+00:00,2024-01-06T19:37:00+00:00,36.0,2024-01-06T19:43:00+00:00,42.0,-6.0,False,"(15,180]",True,False,False,True,accepted,,True
2024-01_reporting.csv:99022,2024-01_reporting.csv:99021,N768RD,2024-01-06,3496,HPN,2024-01-06,3425,ORD,BOS,2024-01-06T14:52:00+00:00,2024-01-06T15:28:00+00:00,36.0,2024-01-06T15:05:00+00:00,13.0,23.0,True,"(15,180]",True,False,False,True,accepted,,True
2024-01_reporting.csv:99024,2024-01_reporting.csv:99023,N768RD,2024-01-06,3775,BNA,2024-01-06,3745,ORD,COU,2024-01-07T02:19:00+00:00,2024-01-07T03:32:00+00:00,73.0,2024-01-07T01:30:00+00:00,-49.0,122.0,True,"(15,180]",True,False,False,True,accepted,,True
2024-01_reporting.csv:99026,2024-01_reporting.csv:99025,N768RD,2024-01-06,3776,BOS,2024-01-06,3775,ORD,BNA,2024-01-06T21:49:00+00:00,2024-01-06T22:39:00+00:00,50.0,2024-01-06T21:40:00+00:00,-9.0,59.0,True,"(15,180]",True,False,False,True,accepted,,True
2024-01_reporting.csv:99035,2024-01_reporting.csv:99037,N771JV,2024-01-06,3312,AUS,2024-01-06,3434,ORD,DSM,2024-01-07T02:25:00+00:00,2024-01-07T03:54:00+00:00,89.0,2024-01-07T02:25:00+00:00,0.0,89.0,True,"(15,180]",True,False,False,True,accepted,,True
2024-01_reporting.csv:99038,2024-01_reporting.csv:99040,N771JV,2024-01-06,3609,CMI,2024-01-06,3747,ORD,CMI,2024-01-06T13:58:00+00:00,2024-01-06T16:27:00+00:00,149.0,2024-01-06T15:55:00+00:00,117.0,32.0,True,"(15,180]",True,False,False,True,accepted,,True
2024-01_reporting.csv:99039,2024-01_reporting.csv:99036,N771JV,2024-01-06,3746,CMI,2024-01-06,3314,ORD,AUS,2024-01-06T19:23:00+00:00,2024-01-06T19:54:00+00:00,31.0,2024-01-06T19:22:00+00:00,-1.0,32.0,True,"(15,180]",True,False,False,True,accepted,,True
2024-01_reporting.csv:99042,2024-01_reporting.csv:116672,N772MR,2024-01-06,3611,XNA,2024-01-07,3790,ORD,EYW,2024-01-07T00:11:00+00:00,2024-01-07T14:57:00+00:00,886.0,2024-01-07T14:33:00+00:00,862.0,24.0,True,>360,True,False,False,True,accepted,,False
2024-01_reporting.csv:99043,2024-01_reporting.csv:99045,N772MR,2024-01-06,3835,GRB,2024-01-06,4160,ORD,BNA,2024-01-06T14:16:00+00:00,2024-01-06T14:52:00+00:00,36.0,2024-01-06T14:38:00+00:00,22.0,14.0,False,"(15,180]",True,False,False,True,accepted,,True
2024-01_reporting.csv:99044,2024-01_reporting.csv:99041,N772MR,2024-01-06,4160,BNA,2024-01-06,3581,ORD,XNA,2024-01-06T18:57:00+00:00,2024-01-06T19:48:00+00:00,51.0,2024-01-06T19:18:00+00:00,21.0,30.0,True,"(15,180]",True,False,False,True,accepted,,True
2024-01_reporting.csv:99054,2024-01_reporting.csv:99053,N776MS,2024-01-06,3770,ATW,2024-01-06,3621,ORD,GSP,2024-01-07T00:24:00+00:00,2024-01-07T00:55:00+00:00,31.0,2024-01-07T00:28:00+00:00,4.0,27.0,True,"(15,180]",True,False,False,True,accepted,,True
2024-01_reporting.csv:99056,2024-01_reporting.csv:99055,N776MS,2024-01-06,3792,OKC,2024-01-06,3770,ORD,ATW,2024-01-06T20:47:00+00:00,2024-01-06T21:36:00+00:00,49.0,2024-01-06T20:58:00+00:00,11.0,38.0,True,"(15,180]",True,False,False,True,accepted,,True
2024-01_reporting.csv:99066,2024-01_reporting.csv:99070,N779RN,2024-01-06,3751,FAR,2024-01-06,3881,ORD,IND,2024-01-06T13:18:00+00:00,2024-01-06T15:27:00+00:00,129.0,2024-01-06T15:25:00+00:00,127.0,2.0,False,"(15,180]",True,False,False,True,accepted,,True
2024-01_reporting.csv:99067,2024-01_reporting.csv:99065,N779RN,2024-01-06,3818,ICT,2024-01-06,3499,ORD,HPN,2024-01-06T23:56:00+00:00,2024-01-07T00:40:00+00:00,44.0,2024-01-07T00:41:00+00:00,45.0,-1.0,False,"(15,180]",True,False,False,True,accepted,,True
2024-01_reporting.csv:99069,2024-01_reporting.csv:99068,N779RN,2024-01-06,3881,IND,2024-01-06,3818,ORD,ICT,2024-01-06T18:46:00+00:00,2024-01-06T19:38:00+00:00,52.0,2024-01-06T19:17:00+00:00,31.0,21.0,True,"(15,180]",True,False,False,True,accepted,,True
2024-01_reporting.csv:99071,2024-01_reporting.csv:99076,N783LC,2024-01-06,3310,EWR,2024-01-06,3815,ORD,RST,2024-01-07T05:27:00+00:00,2024-01-07T14:41:00+00:00,554.0,2024-01-07T02:34:00+00:00,-173.0,727.0,True,>360,True,False,False,True,accepted,,False
2024-01_reporting.csv:99073,2024-01_reporting.csv:99072,N783LC,2024-01-06,3514,FAR,2024-01-06,3310,ORD,EWR,2024-01-06T22:45:00+00:00,2024-01-06T23:47:00+00:00,62.0,2024-01-06T23:05:00+00:00,20.0,42.0,True,"(15,180]",True,False,False,True,accepted,,True
2024-01_reporting.csv:99075,2024-01_reporting.csv:99074,N783LC,2024-01-06,3740,SYR,2024-01-06,3514,ORD,FAR,2024-01-06T14:52:00+00:00,2024-01-06T16:29:00+00:00,97.0,2024-01-06T15:55:00+00:00,63.0,34.0,True,"(15,180]",True,False,False,True,accepted,,True
2024-01_reporting.csv:99085,2024-01_reporting.csv:99088,N809MD,2024-01-06,3968,JAX,2024-01-06,4091,ORD,SYR,2024-01-06T20:16:00+00:00,2024-01-06T20:52:00+00:00,36.0,2024-01-06T20:42:00+00:00,26.0,10.0,False,"(15,180]",True,False,False,True,accepted,,True
2024-01_reporting.csv:99087,2024-01_reporting.csv:99086,N809MD,2024-01-06,3975,GRR,2024-01-06,3968,ORD,JAX,2024-01-06T13:09:00+00:00,2024-01-06T14:25:00+00:00,76.0,2024-01-06T14:24:00+00:00,75.0,1.0,False,"(15,180]",True,False,False,True,accepted,,True
2024-01_reporting.csv:99089,2024-01_reporting.csv:116711,N809MD,2024-01-06,4091,SYR,2024-01-07,3425,ORD,BOS,2024-01-07T06:13:00+00:00,2024-01-07T14:14:00+00:00,481.0,2024-01-07T14:15:00+00:00,482.0,-1.0,False,>360,True,False,False,True,accepted,,False
2024-01_reporting.csv:99091,2024-01_reporting.csv:99093,N821MD,2024-01-06,3710,GSP,2024-01-06,3788,ORD,EWR,2024-01-06T12:14:00+00:00,2024-01-06T21:17:00+00:00,543.0,2024-01-06T20:10:00+00:00,476.0,67.0,True,>360,True,False,False,True,accepted,,False
2024-01_reporting.csv:99092,2024-01_reporting.csv:99090,N821MD,2024-01-06,3788,EWR,2024-01-06,3313,ORD,GRR,2024-01-07T04:25:00+00:00,2024-01-07T05:12:00+00:00,47.0,2024-01-07T02:56:00+00:00,-89.0,136.0,True,"(15,180]",True,False,False,True,accepted,,True
2024-01_reporting.csv:99101,2024-01_reporting.csv:99106,N868RW,2024-01-06,3479,MCI,2024-01-06,3842,ORD,COU,2024-01-06T19:10:00+00:00,2024-01-06T20:13:00+00:00,63.0,2024-01-06T19:46:00+00:00,36.0,27.0,True,"(15,180]",True,False,False,True,accepted,,True
2024-01_reporting.csv:99103,2024-01_reporting.csv:99102,N868RW,2024-01-06,3530,TUL,2024-01-06,3479,ORD,MCI,2024-01-06T13:19:00+00:00,2024-01-06T14:41:00+00:00,82.0,2024-01-06T14:37:00+00:00,78.0,4.0,False,"(15,180]",True,False,False,True,accepted,,True
2024-01_reporting.csv:99105,2024-01_reporting.csv:99104,N868RW,2024-01-06,3825,COU,2024-01-06,3580,ORD,BUF,2024-01-06T23:56:00+00:00,2024-01-07T00:37:00+00:00,41.0,2024-01-07T00:40:00+00:00,44.0,-3.0,False,"(15,180]",True,False,False,True,accepted,,True
2024-01_reporting.csv:99107,2024-01_reporting.csv:116730,N873RW,2024-01-06,3321,DSM,2024-01-07,3845,ORD,RDU,2024-01-07T00:40:00+00:00,2024-01-07T15:55:00+00:00,915.0,2024-01-07T15:55:00+00:00,915.0,0.0,False,>360,True,False,False,True,accepted,,False
2024-01_reporting.csv:99109,2024-01_reporting.csv:99110,N873RW,2024-01-06,3559,MEM,2024-01-06,3973,ORD,TVC,2024-01-06T13:25:00+00:00,2024-01-06T15:55:00+00:00,150.0,2024-01-06T15:55:00+00:00,150.0,0.0,False,"(15,180]",True,False,False,True,accepted,,True
2024-01_reporting.csv:99111,2024-01_reporting.csv:99108,N873RW,2024-01-06,3974,TVC,2024-01-06,3321,ORD,DSM,2024-01-06T20:20:00+00:00,2024-01-06T21:05:00+00:00,45.0,2024-01-06T20:17:00+00:00,-3.0,48.0,True,"(15,180]",True,False,False,True,accepted,,True
2024-01_reporting.csv:99113,2024-01_reporting.csv:99112,N874RW,2024-01-06,3790,EYW,2024-01-06,3362,ORD,SGF,2024-01-07T00:53:00+00:00,2024-01-07T01:45:00+00:00,52.0,2024-01-07T01:25:00+00:00,32.0,20.0,True,"(15,180]",True,False,False,True,accepted,,True
2024-01_reporting.csv:99115,2024-01_reporting.csv:99114,N874RW,2024-01-06,4053,BUF,2024-01-06,3790,ORD,EYW,2024-01-06T15:52:00+00:00,2024-01-06T16:27:00+00:00,35.0,2024-01-06T15:39:00+00:00,-13.0,48.0,True,"(15,180]",True,False,False,True,accepted,,True
2024-01_reporting.csv:116090,2024-01_reporting.csv:116094,N218NN,2024-01-07,3317,IAH,2024-01-07,3821,ORD,IND,2024-01-07T21:34:00+00:00,2024-01-07T22:51:00+00:00,77.0,2024-01-07T22:52:00+00:00,78.0,-1.0,False,"(15,180]",True,False,False,True,accepted,,True
2024-01_reporting.csv:116092,2024-01_reporting.csv:116089,N218NN,2024-01-07,3814,RST,2024-01-07,3315,ORD,IAH,2024-01-07T13:39:00+00:00,2024-01-07T14:29:00+00:00,50.0,2024-01-07T14:30:00+00:00,51.0,-1.0,False,"(15,180]",True,False,False,True,accepted,,True
2024-01_reporting.csv:116093,2024-01_reporting.csv:116091,N218NN,2024-01-07,3821,IND,2024-01-07,3384,ORD,CMH,2024-01-08T02:03:00+00:00,2024-01-08T02:41:00+00:00,38.0,2024-01-08T02:15:00+00:00,12.0,26.0,True,"(15,180]",True,False,False,True,accepted,,True
2024-01_reporting.csv:116149,2024-01_reporting.csv:116146,N229NN,2024-01-07,3942,CMH,2024-01-07,3322,ORD,AUS,2024-01-07T13:49:00+00:00,2024-01-07T14:35:00+00:00,46.0,2024-01-07T14:36:00+00:00,47.0,-1.0,False,"(15,180]",True,False,False,True,accepted,,True
2024-01_reporting.csv:116183,2024-01_reporting.csv:116187,N237NN,2024-01-07,3479,MCI,2024-01-07,3775,ORD,BNA,2024-01-07T18:38:00+00:00,2024-01-07T21:37:00+00:00,179.0,2024-01-07T21:40:00+00:00,182.0,-3.0,False,"(15,180]",True,False,False,True,accepted,,True
2024-01_reporting.csv:116185,2024-01_reporting.csv:116184,N237NN,2024-01-07,3749,CID,2024-01-07,3479,ORD,MCI,2024-01-07T13:30:00+00:00,2024-01-07T14:25:00+00:00,55.0,2024-01-07T14:30:00+00:00,60.0,-5.0,False,"(15,180]",True,False,False,True,accepted,,True
2024-01_reporting.csv:116186,2024-01_reporting.csv:116182,N237NN,2024-01-07,3775,BNA,2024-01-07,3434,ORD,DSM,2024-01-08T01:21:00+00:00,2024-01-08T02:25:00+00:00,64.0,2024-01-08T02:25:00+00:00,64.0,0.0,False,"(15,180]",True,False,False,True,accepted,,True
2024-01_reporting.csv:116199,2024-01_reporting.csv:116200,N240NN,2024-01-07,3611,XNA,2024-01-07,3621,ORD,GSP,2024-01-07T23:55:00+00:00,2024-01-08T00:36:00+00:00,41.0,2024-01-08T00:20:00+00:00,25.0,16.0,True,"(15,180]",True,False,False,True,accepted,,True
2024-01_reporting.csv:116201,2024-01_reporting.csv:116198,N240NN,2024-01-07,3826,CVG,2024-01-07,3581,ORD,XNA,2024-01-07T15:02:00+00:00,2024-01-07T19:14:00+00:00,252.0,2024-01-07T19:15:00+00:00,253.0,-1.0,False,"(180,360]",True,False,False,True,accepted,,False
2024-01_reporting.csv:116253,2024-01_reporting.csv:116252,N250NN,2024-01-07,3382,BDL,2024-01-07,3324,ORD,SYR,2024-01-08T01:05:00+00:00,2024-01-08T01:45:00+00:00,40.0,2024-01-08T01:45:00+00:00,40.0,0.0,False,"(15,180]",True,False,False,True,accepted,,True
2024-01_reporting.csv:116255,2024-01_reporting.csv:116257,N250NN,2024-01-07,3673,GSO,2024-01-07,3955,ORD,CMH,2024-01-07T13:28:00+00:00,2024-01-07T14:57:00+00:00,89.0,2024-01-07T14:29:00+00:00,61.0,28.0,True,"(15,180]",True,False,False,True,accepted,,True
2024-01_reporting.csv:116256,2024-01_reporting.csv:116254,N250NN,2024-01-07,3955,CMH,2024-01-07,3382,ORD,BDL,2024-01-07T18:29:00+00:00,2024-01-07T19:30:00+00:00,61.0,2024-01-07T19:30:00+00:00,61.0,0.0,False,"(15,180]",True,False,False,True,accepted,,True
2024-01_reporting.csv:116397,2024-01_reporting.csv:116400,N274NN,2024-01-07,3348,LEX,2024-01-07,3877,ORD,ELP,2024-01-07T15:01:00+00:00,2024-01-07T16:07:00+00:00,66.0,2024-01-07T16:10:00+00:00,69.0,-3.0,False,"(15,180]",True,False,False,True,accepted,,True
2024-01_reporting.csv:116399,2024-01_reporting.csv:116398,N274NN,2024-01-07,3877,ELP,2024-01-07,3648,ORD,GSO,2024-01-07T23:03:00+00:00,2024-01-08T00:31:00+00:00,88.0,2024-01-08T00:37:00+00:00,94.0,-6.0,False,"(15,180]",True,False,False,True,accepted,,True
2024-01_reporting.csv:116578,2024-01_reporting.csv:116582,N451YX,2024-01-07,3418,AUS,2024-01-07,3578,ORD,XNA,2024-01-07T23:27:00+00:00,2024-01-08T00:41:00+00:00,74.0,2024-01-08T00:30:00+00:00,63.0,11.0,False,"(15,180]",True,False,False,True,accepted,,True
2024-01_reporting.csv:116583,2024-01_reporting.csv:116587,N635RW,2024-01-07,3572,CMH,2024-01-07,3973,ORD,TVC,2024-01-07T15:26:00+00:00,2024-01-07T16:08:00+00:00,42.0,2024-01-07T15:55:00+00:00,29.0,13.0,False,"(15,180]",True,False,False,True,accepted,,True
2024-01_reporting.csv:116584,2024-01_reporting.csv:116586,N635RW,2024-01-07,3839,OKC,2024-01-07,3945,ORD,MEM,2024-01-08T01:14:00+00:00,2024-01-08T02:30:00+00:00,76.0,2024-01-08T02:31:00+00:00,77.0,-1.0,False,"(15,180]",True,False,False,True,accepted,,True
2024-01_reporting.csv:116588,2024-01_reporting.csv:116585,N635RW,2024-01-07,3974,TVC,2024-01-07,3839,ORD,OKC,2024-01-07T19:05:00+00:00,2024-01-07T20:07:00+00:00,62.0,2024-01-07T20:07:00+00:00,62.0,0.0,False,"(15,180]",True,False,False,True,accepted,,True
2024-01_reporting.csv:116590,2024-01_reporting.csv:116589,N636RW,2024-01-07,3740,SYR,2024-01-07,3514,ORD,FAR,2024-01-07T14:59:00+00:00,2024-01-07T16:13:00+00:00,74.0,2024-01-07T15:50:00+00:00,51.0,23.0,True,"(15,180]",True,False,False,True,accepted,,True
2024-01_reporting.csv:116591,2024-01_reporting.csv:116593,N637RW,2024-01-07,3367,OKC,2024-01-07,3789,ORD,EWR,2024-01-07T13:39:00+00:00,2024-01-07T14:26:00+00:00,47.0,2024-01-07T14:30:00+00:00,51.0,-4.0,False,"(15,180]",True,False,False,True,accepted,,True
2024-01_reporting.csv:116592,2024-01_reporting.csv:116595,N637RW,2024-01-07,3789,EWR,2024-01-07,4156,ORD,RIC,2024-01-07T19:47:00+00:00,2024-01-07T20:39:00+00:00,52.0,2024-01-07T20:42:00+00:00,55.0,-3.0,False,"(15,180]",True,False,False,True,accepted,,True
2024-01_reporting.csv:116596,2024-01_reporting.csv:116594,N637RW,2024-01-07,4156,RIC,2024-01-07,3838,ORD,GRB,2024-01-08T01:31:00+00:00,2024-01-08T02:55:00+00:00,84.0,2024-01-08T03:00:00+00:00,89.0,-5.0,False,"(15,180]",True,False,False,True,accepted,,True
2024-01_reporting.csv:116597,2024-01_reporting.csv:116600,N643RW,2024-01-07,3530,TUL,2024-01-07,3679,ORD,BWI,2024-01-07T13:50:00+00:00,2024-01-07T14:28:00+00:00,38.0,2024-01-07T14:21:00+00:00,31.0,7.0,False,"(15,180]",True,False,False,True,accepted,,True
2024-01_reporting.csv:116599,2024-01_reporting.csv:116601,N643RW,2024-01-07,3679,BWI,2024-01-07,3741,ORD,SDF,2024-01-07T18:58:00+00:00,2024-01-07T20:22:00+00:00,84.0,2024-01-07T20:23:00+00:00,85.0,-1.0,False,"(15,180]",True,False,False,True,accepted,,True
2024-01_reporting.csv:116602,2024-01_reporting.csv:116598,N643RW,2024-01-07,3741,SDF,2024-01-07,3580,ORD,BUF,2024-01-07T23:48:00+00:00,2024-01-08T00:40:00+00:00,52.0,2024-01-08T00:40:00+00:00,52.0,0.0,False,"(15,180]",True,False,False,True,accepted,,True
2024-01_reporting.csv:116603,2024-01_reporting.csv:116607,N645RW,2024-01-07,3746,CMI,2024-01-07,3818,ORD,ICT,2024-01-07T18:33:00+00:00,2024-01-07T19:11:00+00:00,38.0,2024-01-07T19:17:00+00:00,44.0,-6.0,False,"(15,180]",True,False,False,True,accepted,,True
2024-01_reporting.csv:116606,2024-01_reporting.csv:116605,N645RW,2024-01-07,3818,ICT,2024-01-07,3755,ORD,ICT,2024-01-08T01:09:00+00:00,2024-01-08T02:17:00+00:00,68.0,2024-01-08T02:19:00+00:00,70.0,-2.0,False,"(15,180]",True,False,False,True,accepted,,True
2024-01_reporting.csv:116608,2024-01_reporting.csv:116604,N645RW,2024-01-07,4094,CVG,2024-01-07,3747,ORD,CMI,2024-01-07T13:27:00+00:00,2024-01-07T15:50:00+00:00,143.0,2024-01-07T15:55:00+00:00,148.0,-5.0,False,"(15,180]",True,False,False,True,accepted,,True
2024-01_reporting.csv:116609,2024-01_reporting.csv:116611,N760MQ,2024-01-07,3321,DSM,2024-01-07,3972,ORD,CVG,2024-01-07T22:53:00+00:00,2024-01-08T00:18:00+00:00,85.0,2024-01-08T00:22:00+00:00,89.0,-4.0,False,"(15,180]",True,False,False,True,accepted,,True
2024-01_reporting.csv:116612,2024-01_reporting.csv:116610,N760MQ,2024-01-07,4088,XNA,2024-01-07,3321,ORD,DSM,2024-01-07T13:09:00+00:00,2024-01-07T19:32:00+00:00,383.0,2024-01-07T19:37:00+00:00,388.0,-5.0,False,>360,True,False,False,True,accepted,,False
2024-01_reporting.csv:116615,2024-01_reporting.csv:116613,N761RW,2024-01-07,3715,PVD,2024-01-07,3313,ORD,GRR,2024-01-08T02:17:00+00:00,2024-01-08T02:49:00+00:00,32.0,2024-01-08T02:56:00+00:00,39.0,-7.0,False,"(15,180]",True,False,False,True,accepted,,True
2024-01_reporting.csv:116616,2024-01_reporting.csv:116614,N761RW,2024-01-07,3742,MEM,2024-01-07,3715,ORD,PVD,2024-01-07T18:26:00+00:00,2024-01-07T19:55:00+00:00,89.0,2024-01-07T19:59:00+00:00,93.0,-4.0,False,"(15,180]",True,False,False,True,accepted,,True
2024-01_reporting.csv:116619,2024-01_reporting.csv:116622,N762DT,2024-01-07,3517,PVD,2024-01-07,3849,ORD,SGF,2024-01-07T15:14:00+00:00,2024-01-07T16:00:00+00:00,46.0,2024-01-07T16:00:00+00:00,46.0,0.0,False,"(15,180]",True,False,False,True,accepted,,True
2024-01_reporting.csv:116620,2024-01_reporting.csv:116618,N762DT,2024-01-07,3780,CID,2024-01-07,3499,ORD,HPN,2024-01-07T23:35:00+00:00,2024-01-08T00:35:00+00:00,60.0,2024-01-08T00:41:00+00:00,66.0,-6.0,False,"(15,180]",True,False,False,True,accepted,,True
2024-01_reporting.csv:116623,2024-01_reporting.csv:116621,N762DT,2024-01-07,3849,SGF,2024-01-07,3780,ORD,CID,2024-01-07T20:04:00+00:00,2024-01-07T20:39:00+00:00,35.0,2024-01-07T20:41:00+00:00,37.0,-2.0,False,"(15,180]",True,False,False,True,accepted,,True
2024-01_reporting.csv:116629,2024-01_reporting.csv:116631,N764JD,2024-01-07,3430,BUF,2024-01-07,3694,ORD,CMI,2024-01-08T01:03:00+00:00,2024-01-08T02:21:00+00:00,78.0,2024-01-08T02:24:00+00:00,81.0,-3.0,False,"(15,180]",True,False,False,True,accepted,,True
2024-01_reporting.csv:116632,2024-01_reporting.csv:116633,N764JD,2024-01-07,3835,GRB,2024-01-07,4134,ORD,SYR,2024-01-07T14:37:00+00:00,2024-01-07T15:38:00+00:00,61.0,2024-01-07T14:25:00+00:00,-12.0,73.0,True,"(15,180]",True,False,False,True,accepted,,True
2024-01_reporting.csv:116634,2024-01_reporting.csv:116630,N764JD,2024-01-07,4134,SYR,2024-01-07,3430,ORD,BUF,2024-01-07T20:15:00+00:00,2024-01-07T20:50:00+00:00,35.0,2024-01-07T20:50:00+00:00,35.0,0.0,False,"(15,180]",True,False,False,True,accepted,,True
2024-01_reporting.csv:116637,2024-01_reporting.csv:116635,N765ST,2024-01-07,3606,SGF,2024-01-07,3362,ORD,SGF,2024-01-08T01:17:00+00:00,2024-01-08T01:47:00+00:00,30.0,2024-01-08T01:25:00+00:00,8.0,22.0,True,"(15,180]",True,False,False,True,accepted,,True
2024-01_reporting.csv:116639,2024-01_reporting.csv:116636,N765ST,2024-01-07,3670,TUL,2024-01-07,3606,ORD,SGF,2024-01-07T18:43:00+00:00,2024-01-07T19:45:00+00:00,62.0,2024-01-07T19:43:00+00:00,60.0,2.0,False,"(15,180]",True,False,False,True,accepted,,True
2024-01_reporting.csv:116640,2024-01_reporting.csv:116638,N765ST,2024-01-07,3751,FAR,2024-01-07,3670,ORD,TUL,2024-01-07T13:09:00+00:00,2024-01-07T14:14:00+00:00,65.0,2024-01-07T14:15:00+00:00,66.0,-1.0,False,"(15,180]",True,False,False,True,accepted,,True
2024-01_reporting.csv:116648,2024-01_reporting.csv:116652,N768RD,2024-01-07,3744,COU,2024-01-07,3866,ORD,BNA,2024-01-07T15:37:00+00:00,2024-01-07T16:10:00+00:00,33.0,2024-01-07T15:55:00+00:00,18.0,15.0,True,"(15,180]",True,False,False,True,accepted,,True
2024-01_reporting.csv:116651,2024-01_reporting.csv:116650,N768RD,2024-01-07,3866,BNA,2024-01-07,3769,ORD,ATL,2024-01-07T20:21:00+00:00,2024-01-07T20:57:00+00:00,36.0,2024-01-07T20:59:00+00:00,38.0,-2.0,False,"(15,180]",True,False,False,True,accepted,,True
2024-01_reporting.csv:116653,2024-01_reporting.csv:116656,N769KW,2024-01-07,3757,ICT,2024-01-07,4092,ORD,ROC,2024-01-07T13:37:00+00:00,2024-01-07T14:24:00+00:00,47.0,2024-01-07T14:26:00+00:00,49.0,-2.0,False,"(15,180]",True,False,False,True,accepted,,True
2024-01_reporting.csv:116654,2024-01_reporting.csv:135270,N769KW,2024-01-07,3825,COU,2024-01-08,3836,ORD,IAH,2024-01-07T23:12:00+00:00,2024-01-08T15:15:00+00:00,963.0,2024-01-08T15:09:00+00:00,957.0,6.0,False,>360,True,False,False,True,accepted,,False
2024-01_reporting.csv:116657,2024-01_reporting.csv:116655,N769KW,2024-01-07,4092,ROC,2024-01-07,3842,ORD,COU,2024-01-07T18:42:00+00:00,2024-01-07T19:53:00+00:00,71.0,2024-01-07T19:46:00+00:00,64.0,7.0,False,"(15,180]",True,False,False,True,accepted,,True
2024-01_reporting.csv:116658,2024-01_reporting.csv:116661,N770JM,2024-01-07,3467,IND,2024-01-07,3664,ORD,CMH,2024-01-07T21:59:00+00:00,2024-01-07T23:30:00+00:00,91.0,2024-01-07T22:45:00+00:00,46.0,45.0,True,"(15,180]",True,False,False,True,accepted,,True
2024-01_reporting.csv:116660,2024-01_reporting.csv:116663,N770JM,2024-01-07,3609,CMI,2024-01-07,3881,ORD,IND,2024-01-07T14:15:00+00:00,2024-01-07T15:25:00+00:00,70.0,2024-01-07T15:25:00+00:00,70.0,0.0,False,"(15,180]",True,False,False,True,accepted,,True
2024-01_reporting.csv:116662,2024-01_reporting.csv:116659,N770JM,2024-01-07,3881,IND,2024-01-07,3467,ORD,IND,2024-01-07T18:21:00+00:00,2024-01-07T19:18:00+00:00,57.0,2024-01-07T19:19:00+00:00,58.0,-1.0,False,"(15,180]",True,False,False,True,accepted,,True
2024-01_reporting.csv:116664,2024-01_reporting.csv:116666,N771JV,2024-01-07,3312,AUS,2024-01-07,3377,ORD,FAR,2024-01-08T02:08:00+00:00,2024-01-08T02:46:00+00:00,38.0,2024-01-08T02:46:00+00:00,38.0,0.0,False,"(15,180]",True,False,False,True,accepted,,True
2024-01_reporting.csv:116667,2024-01_reporting.csv:116669,N771JV,2024-01-07,3413,DSM,2024-01-07,4160,ORD,BNA,2024-01-07T13:47:00+00:00,2024-01-07T14:59:00+00:00,72.0,2024-01-07T14:38:00+00:00,51.0,21.0,True,"(15,180]",True,False,False,True,accepted,,True
2024-01_reporting.csv:116668,2024-01_reporting.csv:116665,N771JV,2024-01-07,4160,BNA,2024-01-07,3314,ORD,AUS,2024-01-07T18:57:00+00:00,2024-01-07T19:48:00+00:00,51.0,2024-01-07T19:22:00+00:00,25.0,26.0,True,"(15,180]",True,False,False,True,accepted,,True
2024-01_reporting.csv:116671,2024-01_reporting.csv:116674,N772MR,2024-01-07,3790,EYW,2024-01-07,3798,ORD,GRR,2024-01-07T22:46:00+00:00,2024-01-07T23:24:00+00:00,38.0,2024-01-07T23:00:00+00:00,14.0,24.0,True,"(15,180]",True,False,False,True,accepted,,True
2024-01_reporting.csv:116673,2024-01_reporting.csv:116670,N772MR,2024-01-07,3798,GRR,2024-01-07,3748,ORD,CID,2024-01-08T01:39:00+00:00,2024-01-08T02:47:00+00:00,68.0,2024-01-08T02:30:00+00:00,51.0,17.0,True,"(15,180]",True,False,False,True,accepted,,True
2024-01_reporting.csv:116683,2024-01_reporting.csv:116685,N776MS,2024-01-07,3319,EWR,2024-01-07,3690,ORD,CVG,2024-01-07T22:49:00+00:00,2024-01-08T02:19:00+00:00,210.0,2024-01-08T02:15:00+00:00,206.0,4.0,False,"(180,360]",True,False,False,True,accepted,,False
2024-01_reporting.csv:116686,2024-01_reporting.csv:116684,N776MS,2024-01-07,3710,GSP,2024-01-07,3374,ORD,EWR,2024-01-07T12:20:00+00:00,2024-01-07T17:52:00+00:00,332.0,2024-01-07T16:05:00+00:00,225.0,107.0,True,"(180,360]",True,False,False,True,accepted,,False
2024-01_reporting.csv:116695,2024-01_reporting.csv:116700,N779RN,2024-01-07,3496,HPN,2024-01-07,3922,ORD,BHM,2024-01-07T14:41:00+00:00,2024-01-07T15:14:00+00:00,33.0,2024-01-07T15:14:00+00:00,33.0,0.0,False,"(15,180]",True,False,False,True,accepted,,True
2024-01_reporting.csv:116697,2024-01_reporting.csv:116696,N779RN,2024-01-07,3770,ATW,2024-01-07,3745,ORD,COU,2024-01-07T23:28:00+00:00,2024-01-08T01:53:00+00:00,145.0,2024-01-08T01:27:00+00:00,119.0,26.0,True,"(15,180]",True,False,False,True,accepted,,True
2024-01_reporting.csv:116699,2024-01_reporting.csv:116698,N779RN,2024-01-07,3922,BHM,2024-01-07,3770,ORD,ATW,2024-01-07T19:37:00+00:00,2024-01-07T20:55:00+00:00,78.0,2024-01-07T20:58:00+00:00,81.0,-3.0,False,"(15,180]",True,False,False,True,accepted,,True
2024-01_reporting.csv:116702,2024-01_reporting.csv:116701,N783LC,2024-01-07,3808,HPN,2024-01-07,3537,ORD,PVD,2024-01-07T23:46:00+00:00,2024-01-08T00:47:00+00:00,61.0,2024-01-08T00:50:00+00:00,64.0,-3.0,False,"(15,180]",True,False,False,True,accepted,,True
2024-01_reporting.csv:116712,2024-01_reporting.csv:116714,N809MD,2024-01-07,3669,AVP,2024-01-07,3815,ORD,RST,2024-01-08T02:03:00+00:00,2024-01-08T02:34:00+00:00,31.0,2024-01-08T02:34:00+00:00,31.0,0.0,False,"(15,180]",True,False,False,True,accepted,,True
2024-01_reporting.csv:116713,2024-01_reporting.csv:116715,N809MD,2024-01-07,3776,BOS,2024-01-07,3893,ORD,AVP,2024-01-07T19:55:00+00:00,2024-01-07T20:54:00+00:00,59.0,2024-01-07T20:55:00+00:00,60.0,-1.0,False,"(15,180]",True,False,False,True,accepted,,True
2024-01_reporting.csv:116716,2024-01_reporting.csv:135316,N821MD,2024-01-07,3310,EWR,2024-01-08,3416,ORD,ATL,2024-01-08T04:14:00+00:00,2024-01-08T14:16:00+00:00,602.0,2024-01-08T14:18:00+00:00,604.0,-2.0,False,>360,True,False,False,True,accepted,,False
2024-01_reporting.csv:116718,2024-01_reporting.csv:116717,N821MD,2024-01-07,3812,HPN,2024-01-07,3310,ORD,EWR,2024-01-07T20:25:00+00:00,2024-01-07T23:02:00+00:00,157.0,2024-01-07T23:05:00+00:00,160.0,-3.0,False,"(15,180]",True,False,False,True,accepted,,True
2024-01_reporting.csv:116720,2024-01_reporting.csv:116719,N821MD,2024-01-07,3975,GRR,2024-01-07,3812,ORD,HPN,2024-01-07T13:26:00+00:00,2024-01-07T14:17:00+00:00,51.0,2024-01-07T14:19:00+00:00,53.0,-2.0,False,"(15,180]",True,False,False,True,accepted,,True
2024-01_reporting.csv:116725,2024-01_reporting.csv:135327,N868RW,2024-01-07,3871,BOS,2024-01-08,3581,ORD,XNA,2024-01-08T06:11:00+00:00,2024-01-08T14:07:00+00:00,476.0,2024-01-08T14:14:00+00:00,483.0,-7.0,False,>360,True,False,False,True,accepted,,False
2024-01_reporting.csv:116726,2024-01_reporting.csv:116724,N868RW,2024-01-07,4053,BUF,2024-01-07,3788,ORD,EWR,2024-01-07T16:33:00+00:00,2024-01-07T20:05:00+00:00,212.0,2024-01-07T20:10:00+00:00,217.0,-5.0,False,"(180,360]",True,False,False,True,accepted,,False
2024-01_reporting.csv:116729,2024-01_reporting.csv:116727,N873RW,2024-01-07,3834,GRB,2024-01-07,3360,ORD,OKC,2024-01-08T01:10:00+00:00,2024-01-08T02:38:00+00:00,88.0,2024-01-08T02:30:00+00:00,80.0,8.0,False,"(15,180]",True,False,False,True,accepted,,True
2024-01_reporting.csv:116731,2024-01_reporting.csv:116728,N873RW,2024-01-07,3845,RDU,2024-01-07,3830,ORD,GRB,2024-01-07T21:02:00+00:00,2024-01-07T22:36:00+00:00,94.0,2024-01-07T22:40:00+00:00,98.0,-4.0,False,"(15,180]",True,False,False,True,accepted,,True
2024-01_reporting.csv:116733,2024-01_reporting.csv:116735,N874RW,2024-01-07,3792,OKC,2024-01-07,4091,ORD,SYR,2024-01-07T19:42:00+00:00,2024-01-07T20:38:00+00:00,56.0,2024-01-07T20:42:00+00:00,60.0,-4.0,False,"(15,180]",True,False,False,True,accepted,,True
2024-01_reporting.csv:116736,2024-01_reporting.csv:116732,N874RW,2024-01-07,4091,SYR,2024-01-07,3695,ORD,LIT,2024-01-08T01:17:00+00:00,2024-01-08T02:18:00+00:00,61.0,2024-01-08T02:20:00+00:00,63.0,-2.0,False,"(15,180]",True,False,False,True,accepted,,True
2024-01_reporting.csv:116737,2024-01_reporting.csv:116734,N874RW,2024-01-07,4129,SGF,2024-01-07,3792,ORD,OKC,2024-01-07T13:53:00+00:00,2024-01-07T14:31:00+00:00,38.0,2024-01-07T14:36:00+00:00,43.0,-5.0,False,"(15,180]",True,False,False,True,accepted,,True
2024-01_reporting.csv:134685,2024-01_reporting.csv:134687,N205NN,2024-01-08,3609,CMI,2024-01-08,3760,ORD,DSM,2024-01-08T14:22:00+00:00,2024-01-08T19:52:00+00:00,330.0,2024-01-08T19:51:00+00:00,329.0,1.0,False,"(180,360]",True,False,False,True,accepted,,False
2024-01_reporting.csv:134686,2024-01_reporting.csv:134684,N205NN,2024-01-08,3760,DSM,2024-01-08,3449,ORD,ROC,2024-01-08T23:28:00+00:00,2024-01-09T00:34:00+00:00,66.0,2024-01-09T00:35:00+00:00,67.0,-1.0,False,"(15,180]",True,False,False,True,accepted,,True
2024-01_reporting.csv:134749,2024-01_reporting.csv:134750,N220NN,2024-01-08,3479,MCI,2024-01-08,3648,ORD,GSO,2024-01-09T00:18:00+00:00,2024-01-09T00:50:00+00:00,32.0,2024-01-09T00:28:00+00:00,10.0,22.0,True,"(15,180]",True,False,False,True,accepted,,True
2024-01_reporting.csv:134753,2024-01_reporting.csv:134748,N220NN,2024-01-08,3934,BNA,2024-01-08,3317,ORD,MCI,2024-01-08T18:19:00+00:00,2024-01-08T20:07:00+00:00,108.0,2024-01-08T17:51:00+00:00,-28.0,136.0,True,"(15,180]",True,False,False,True,accepted,,True
2024-01_reporting.csv:134825,2024-01_reporting.csv:134826,N234JW,2024-01-08,3871,BOS,2024-01-08,3956,ORD,MSN,2024-01-08T23:16:00+00:00,2024-01-09T00:10:00+00:00,54.0,2024-01-08T23:40:00+00:00,24.0,30.0,True,"(15,180]",True,False,False,True,accepted,,True
2024-01_reporting.csv:134841,2024-01_reporting.csv:134839,N237NN,2024-01-08,3497,STL,2024-01-08,3384,ORD,CMH,2024-01-08T22:52:00+00:00,2024-01-09T00:23:00+00:00,91.0,2024-01-09T00:20:00+00:00,88.0,3.0,False,"(15,180]",True,False,False,True,accepted,,True
2024-01_reporting.csv:134843,2024-01_reporting.csv:134840,N237NN,2024-01-08,3688,PIT,2024-01-08,3497,ORD,STL,2024-01-08T18:00:00+00:00,2024-01-08T19:30:00+00:00,90.0,2024-01-08T19:30:00+00:00,90.0,0.0,False,"(15,180]",True,False,False,True,accepted,,True
2024-01_reporting.csv:134844,2024-01_reporting.csv:134842,N237NN,2024-01-08,3782,DSM,2024-01-08,3688,ORD,PIT,2024-01-08T12:22:00+00:00,2024-01-08T14:13:00+00:00,111.0,2024-01-08T14:14:00+00:00,112.0,-1.0,False,"(15,180]",True,False,False,True,accepted,,True
2024-01_reporting.csv:134858,2024-01_reporting.csv:134861,N240NN,2024-01-08,3680,MSY,2024-01-08,3741,ORD,SDF,2024-01-08T19:49:00+00:00,2024-01-08T21:26:00+00:00,97.0,2024-01-08T21:28:00+00:00,99.0,-2.0,False,"(15,180]",True,False,False,True,accepted,,True
2024-01_reporting.csv:134860,2024-01_reporting.csv:134859,N240NN,2024-01-08,3710,GSP,2024-01-08,3680,ORD,MSY,2024-01-08T13:34:00+00:00,2024-01-08T14:27:00+00:00,53.0,2024-01-08T14:30:00+00:00,56.0,-3.0,False,"(15,180]",True,False,False,True,accepted,,True
2024-01_reporting.csv:134862,2024-01_reporting.csv:134857,N240NN,2024-01-08,3741,SDF,2024-01-08,3323,ORD,EWR,2024-01-09T01:20:00+00:00,2024-01-09T03:32:00+00:00,132.0,2024-01-09T02:30:00+00:00,70.0,62.0,True,"(15,180]",True,False,False,True,accepted,,True
2024-01_reporting.csv:134908,2024-01_reporting.csv:134909,N250NN,2024-01-08,3375,XNA,2024-01-08,3499,ORD,HPN,2024-01-08T23:50:00+00:00,2024-01-09T00:44:00+00:00,54.0,2024-01-09T00:45:00+00:00,55.0,-1.0,False,"(15,180]",True,False,False,True,accepted,,True
2024-01_reporting.csv:134910,2024-01_reporting.csv:134907,N250NN,2024-01-08,3746,CMI,2024-01-08,3375,ORD,XNA,2024-01-08T18:17:00+00:00,2024-01-08T19:30:00+00:00,73.0,2024-01-08T19:29:00+00:00,72.0,1.0,False,"(15,180]",True,False,False,True,accepted,,True
2024-01_reporting.csv:134912,2024-01_reporting.csv:134911,N250NN,2024-01-08,4134,SYR,2024-01-08,3747,ORD,CMI,2024-01-08T15:28:00+00:00,2024-01-08T15:55:00+00:00,27.0,2024-01-08T15:55:00+00:00,27.0,0.0,False,"(15,180]",True,False,False,True,accepted,,True
2024-01_reporting.csv:134955,2024-01_reporting.csv:134952,N259NN,2024-01-08,3656,LIT,2024-01-08,3427,ORD,BNA,2024-01-08T12:50:00+00:00,2024-01-08T14:22:00+00:00,92.0,2024-01-08T14:25:00+00:00,95.0,-3.0,False,"(15,180]",True,False,False,True,accepted,,True
2024-01_reporting.csv:135035,2024-01_reporting.csv:135034,N274NN,2024-01-08,3398,ELP,2024-01-08,3382,ORD,BDL,2024-01-08T21:58:00+00:00,2024-01-08T22:56:00+00:00,58.0,2024-01-08T20:30:00+00:00,-88.0,146.0,True,"(15,180]",True,False,False,True,accepted,,True
2024-01_reporting.csv:135036,2024-01_reporting.csv:135037,N274NN,2024-01-08,3673,GSO,2024-01-08,3877,ORD,ELP,2024-01-08T13:57:00+00:00,2024-01-08T14:29:00+00:00,32.0,2024-01-08T14:19:00+00:00,22.0,10.0,False,"(15,180]",True,False,False,True,accepted,,True
2024-01_reporting.csv:135160,2024-01_reporting.csv:135164,N304KM,2024-01-08,3418,AUS,2024-01-08,3690,ORD,CVG,2024-01-09T00:05:00+00:00,2024-01-09T00:42:00+00:00,37.0,2024-01-09T00:25:00+00:00,20.0,17.0,True,"(15,180]",True,False,False,True,accepted,,True
2024-01_reporting.csv:135206,2024-01_reporting.csv:135201,N451YX,2024-01-08,4088,XNA,2024-01-08,3322,ORD,AUS,2024-01-08T13:03:00+00:00,2024-01-08T14:34:00+00:00,91.0,2024-01-08T14:35:00+00:00,92.0,-1.0,False,"(15,180]",True,False,False,True,accepted,,True
2024-01_reporting.csv:135207,2024-01_reporting.csv:135209,N635RW,2024-01-08,3559,MEM,2024-01-08,3922,ORD,MEM,2024-01-08T14:46:00+00:00,2024-01-08T15:48:00+00:00,62.0,2024-01-08T15:50:00+00:00,64.0,-2.0,False,"(15,180]",True,False,False,True,accepted,,True
2024-01_reporting.csv:135208,2024-01_reporting.csv:152655,N635RW,2024-01-08,3922,MEM,2024-01-09,3937,ORD,OMA,2024-01-08T19:52:00+00:00,2024-01-09T16:08:00+00:00,1216.0,2024-01-09T16:09:00+00:00,1217.0,-1.0,False,>360,True,False,False,True,accepted,,False
2024-01_reporting.csv:135215,2024-01_reporting.csv:135214,N637RW,2024-01-08,3815,GRB,2024-01-08,3789,ORD,EWR,2024-01-08T13:28:00+00:00,2024-01-08T14:29:00+00:00,61.0,2024-01-08T14:30:00+00:00,62.0,-1.0,False,"(15,180]",True,False,False,True,accepted,,True
2024-01_reporting.csv:135216,2024-01_reporting.csv:135219,N643RW,2024-01-08,3306,BUF,2024-01-08,3937,ORD,OMA,2024-01-08T15:01:00+00:00,2024-01-08T16:22:00+00:00,81.0,2024-01-08T16:10:00+00:00,69.0,12.0,False,"(15,180]",True,False,False,True,accepted,,True
2024-01_reporting.csv:135218,2024-01_reporting.csv:135217,N643RW,2024-01-08,3937,OMA,2024-01-08,3811,ORD,OMA,2024-01-08T20:05:00+00:00,2024-01-08T21:28:00+00:00,83.0,2024-01-08T21:31:00+00:00,86.0,-3.0,False,"(15,180]",True,False,False,True,accepted,,True
2024-01_reporting.csv:135221,2024-01_reporting.csv:135223,N645RW,2024-01-08,3596,STL,2024-01-08,4074,ORD,RDU,2024-01-08T17:38:00+00:00,2024-01-08T18:38:00+00:00,60.0,2024-01-08T18:45:00+00:00,67.0,-7.0,False,"(15,180]",True,False,False,True,accepted,,True
2024-01_reporting.csv:135222,2024-01_reporting.csv:135220,N645RW,2024-01-08,3757,ICT,2024-01-08,3595,ORD,STL,2024-01-08T13:20:00+00:00,2024-01-08T14:12:00+00:00,52.0,2024-01-08T14:14:00+00:00,54.0,-2.0,False,"(15,180]",True,False,False,True,accepted,,True
2024-01_reporting.csv:135224,2024-01_reporting.csv:152666,N645RW,2024-01-08,4074,RDU,2024-01-09,3493,ORD,BDL,2024-01-08T23:32:00+00:00,2024-01-09T14:59:00+00:00,927.0,2024-01-09T14:22:00+00:00,890.0,37.0,True,>360,True,False,False,True,accepted,,False
2024-01_reporting.csv:135225,2024-01_reporting.csv:135230,N760MQ,2024-01-08,3319,EWR,2024-01-08,3833,ORD,CID,2024-01-08T20:58:00+00:00,2024-01-08T21:54:00+00:00,56.0,2024-01-08T20:52:00+00:00,-6.0,62.0,True,"(15,180]",True,False,False,True,accepted,,True
2024-01_reporting.csv:135228,2024-01_reporting.csv:135226,N760MQ,2024-01-08,3826,CVG,2024-01-08,3374,ORD,EWR,2024-01-08T15:03:00+00:00,2024-01-08T15:47:00+00:00,44.0,2024-01-08T15:50:00+00:00,47.0,-3.0,False,"(15,180]",True,False,False,True,accepted,,True
2024-01_reporting.csv:135229,2024-01_reporting.csv:135227,N760MQ,2024-01-08,3833,CID,2024-01-08,3377,ORD,FAR,2024-01-09T00:30:00+00:00,2024-01-09T01:14:00+00:00,44.0,2024-01-09T00:53:00+00:00,23.0,21.0,True,"(15,180]",True,False,False,True,accepted,,True
2024-01_reporting.csv:135231,2024-01_reporting.csv:135236,N761RW,2024-01-08,3362,GRR,2024-01-08,3742,ORD,BHM,2024-01-08T12:51:00+00:00,2024-01-08T14:04:00+00:00,73.0,2024-01-08T14:15:00+00:00,84.0,-11.0,False,"(15,180]",True,False,False,True,accepted,,True
2024-01_reporting.csv:135234,2024-01_reporting.csv:135232,N761RW,2024-01-08,3707,PIT,2024-01-08,3578,ORD,XNA,2024-01-08T23:42:00+00:00,2024-01-09T00:34:00+00:00,52.0,2024-01-09T00:34:00+00:00,52.0,0.0,False,"(15,180]",True,False,False,True,accepted,,True
2024-01_reporting.csv:135235,2024-01_reporting.csv:135233,N761RW,2024-01-08,3742,BHM,2024-01-08,3707,ORD,PIT,2024-01-08T18:31:00+00:00,2024-01-08T19:54:00+00:00,83.0,2024-01-08T19:50:00+00:00,79.0,4.0,False,"(15,180]",True,False,False,True,accepted,,True
2024-01_reporting.csv:135238,2024-01_reporting.csv:135239,N762DT,2024-01-08,3496,HPN,2024-01-08,3845,ORD,RDU,2024-01-08T14:37:00+00:00,2024-01-08T15:57:00+00:00,80.0,2024-01-08T16:00:00+00:00,83.0,-3.0,False,"(15,180]",True,False,False,True,accepted,,True
2024-01_reporting.csv:135240,2024-01_reporting.csv:135237,N762DT,2024-01-08,3845,RDU,2024-01-08,3320,ORD,SGF,2024-01-08T20:40:00+00:00,2024-01-08T21:50:00+00:00,70.0,2024-01-08T21:43:00+00:00,63.0,7.0,False,"(15,180]",True,False,False,True,accepted,,True
2024-01_reporting.csv:135253,2024-01_reporting.csv:135254,N765ST,2024-01-08,3678,BDL,2024-01-08,3799,ORD,GRB,2024-01-08T19:43:00+00:00,2024-01-09T05:08:00+00:00,565.0,2024-01-08T22:52:00+00:00,189.0,376.0,True,>360,True,False,False,True,accepted,,False
2024-01_reporting.csv:135255,2024-01_reporting.csv:135252,N765ST,2024-01-08,4129,SGF,2024-01-08,3493,ORD,BDL,2024-01-08T12:51:00+00:00,2024-01-08T14:21:00+00:00,90.0,2024-01-08T14:22:00+00:00,91.0,-1.0,False,"(15,180]",True,False,False,True,accepted,,True
2024-01_reporting.csv:135269,2024-01_reporting.csv:135268,N769KW,2024-01-08,3836,IAH,2024-01-08,3664,ORD,CMH,2024-01-08T21:45:00+00:00,2024-01-08T22:44:00+00:00,59.0,2024-01-08T22:45:00+00:00,60.0,-1.0,False,"(15,180]",True,False,False,True,accepted,,True
2024-01_reporting.csv:135273,2024-01_reporting.csv:135271,N770JM,2024-01-08,3942,CMH,2024-01-08,3679,ORD,BWI,2024-01-08T13:29:00+00:00,2024-01-08T14:33:00+00:00,64.0,2024-01-08T14:35:00+00:00,66.0,-2.0,False,"(15,180]",True,False,False,True,accepted,,True
2024-01_reporting.csv:135275,2024-01_reporting.csv:135279,N771JV,2024-01-08,3723,FAR,2024-01-08,3932,ORD,IND,2024-01-08T13:03:00+00:00,2024-01-08T14:33:00+00:00,90.0,2024-01-08T14:36:00+00:00,93.0,-3.0,False,"(15,180]",True,False,False,True,accepted,,True
2024-01_reporting.csv:135276,2024-01_reporting.csv:135274,N771JV,2024-01-08,3808,HPN,2024-01-08,3694,ORD,CMI,2024-01-09T00:03:00+00:00,2024-01-09T00:42:00+00:00,39.0,2024-01-09T00:20:00+00:00,17.0,22.0,True,"(15,180]",True,False,False,True,accepted,,True
2024-01_reporting.csv:135278,2024-01_reporting.csv:135277,N771JV,2024-01-08,3932,IND,2024-01-08,3808,ORD,HPN,2024-01-08T17:55:00+00:00,2024-01-08T18:49:00+00:00,54.0,2024-01-08T18:54:00+00:00,59.0,-5.0,False,"(15,180]",True,False,False,True,accepted,,True
2024-01_reporting.csv:135280,2024-01_reporting.csv:135282,N772MR,2024-01-08,3312,CID,2024-01-08,3793,ORD,FSD,2024-01-08T15:41:00+00:00,2024-01-08T16:12:00+00:00,31.0,2024-01-08T16:05:00+00:00,24.0,7.0,False,"(15,180]",True,False,False,True,accepted,,True
2024-01_reporting.csv:135281,2024-01_reporting.csv:135283,N772MR,2024-01-08,3793,FSD,2024-01-08,3817,ORD,LIT,2024-01-08T20:34:00+00:00,2024-01-08T21:16:00+00:00,42.0,2024-01-08T21:17:00+00:00,43.0,-1.0,False,"(15,180]",True,False,False,True,accepted,,True
2024-01_reporting.csv:135288,2024-01_reporting.csv:135290,N776MS,2024-01-08,3792,OKC,2024-01-08,3839,ORD,OKC,2024-01-08T19:57:00+00:00,2024-01-08T22:57:00+00:00,180.0,2024-01-08T20:39:00+00:00,42.0,138.0,True,"(15,180]",True,False,False,True,accepted,,True
2024-01_reporting.csv:135291,2024-01_reporting.csv:135289,N776MS,2024-01-08,4094,CVG,2024-01-08,3792,ORD,OKC,2024-01-08T13:28:00+00:00,2024-01-08T14:36:00+00:00,68.0,2024-01-08T14:38:00+00:00,70.0,-2.0,False,"(15,180]",True,False,False,True,accepted,,True
2024-01_reporting.csv:135298,2024-01_reporting.csv:135300,N779RN,2024-01-08,3514,FAR,2024-01-08,3715,ORD,PVD,2024-01-08T20:17:00+00:00,2024-01-08T20:50:00+00:00,33.0,2024-01-08T20:55:00+00:00,38.0,-5.0,False,"(15,180]",True,False,False,True,accepted,,True
2024-01_reporting.csv:135301,2024-01_reporting.csv:135299,N779RN,2024-01-08,3744,COU,2024-01-08,3514,ORD,FAR,2024-01-08T14:32:00+00:00,2024-01-08T15:48:00+00:00,76.0,2024-01-08T15:50:00+00:00,78.0,-2.0,False,"(15,180]",True,False,False,True,accepted,,True
2024-01_reporting.csv:135302,2024-01_reporting.csv:135305,N783LC,2024-01-08,3314,PVD,2024-01-08,3410,ORD,GRR,2024-01-08T14:08:00+00:00,2024-01-08T14:44:00+00:00,36.0,2024-01-08T14:24:00+00:00,16.0,20.0,True,"(15,180]",True,False,False,True,accepted,,True
2024-01_reporting.csv:135304,2024-01_reporting.csv:135306,N783LC,2024-01-08,3410,GRR,2024-01-08,3967,ORD,FSD,2024-01-08T17:36:00+00:00,2024-01-08T21:30:00+00:00,234.0,2024-01-08T21:36:00+00:00,240.0,-6.0,False,"(180,360]",True,False,False,True,accepted,,False
2024-01_reporting.csv:135312,2024-01_reporting.csv:135314,N809MD,2024-01-08,3454,RST,2024-01-08,3812,ORD,HPN,2024-01-08T12:41:00+00:00,2024-01-08T14:39:00+00:00,118.0,2024-01-08T14:15:00+00:00,94.0,24.0,True,"(15,180]",True,False,False,True,accepted,,True
2024-01_reporting.csv:135313,2024-01_reporting.csv:135311,N809MD,2024-01-08,3812,HPN,2024-01-08,3358,ORD,SYR,2024-01-08T20:47:00+00:00,2024-01-08T21:24:00+00:00,37.0,2024-01-08T21:00:00+00:00,13.0,24.0,True,"(15,180]",True,False,False,True,accepted,,True
2024-01_reporting.csv:135315,2024-01_reporting.csv:135320,N821MD,2024-01-08,3416,ATL,2024-01-08,3818,ORD,ICT,2024-01-08T18:40:00+00:00,2024-01-08T19:16:00+00:00,36.0,2024-01-08T19:18:00+00:00,38.0,-2.0,False,"(15,180]",True,False,False,True,accepted,,True
2024-01_reporting.csv:135328,2024-01_reporting.csv:135330,N868RW,2024-01-08,3611,XNA,2024-01-08,3788,ORD,EWR,2024-01-08T19:02:00+00:00,2024-01-08T19:53:00+00:00,51.0,2024-01-08T19:51:00+00:00,49.0,2.0,False,"(15,180]",True,False,False,True,accepted,,True
2024-01_reporting.csv:135329,2024-01_reporting.csv:152770,N868RW,2024-01-08,3788,EWR,2024-01-09,3479,ORD,MCI,2024-01-09T01:19:00+00:00,2024-01-09T17:45:00+00:00,986.0,2024-01-09T16:05:00+00:00,886.0,100.0,True,>360,True,False,False,True,accepted,,False
2024-01_reporting.csv:135331,2024-01_reporting.csv:135332,N873RW,2024-01-08,3367,OKC,2024-01-08,3380,ORD,ROC,2024-01-08T14:08:00+00:00,2024-01-08T14:53:00+00:00,45.0,2024-01-08T14:19:00+00:00,11.0,34.0,True,"(15,180]",True,False,False,True,accepted,,True
2024-01_reporting.csv:135333,2024-01_reporting.csv:135335,N873RW,2024-01-08,3380,ROC,2024-01-08,3467,ORD,IND,2024-01-08T19:23:00+00:00,2024-01-08T19:54:00+00:00,31.0,2024-01-08T19:26:00+00:00,3.0,28.0,True,"(15,180]",True,False,False,True,accepted,,True
2024-01_reporting.csv:135334,2024-01_reporting.csv:135336,N873RW,2024-01-08,3467,IND,2024-01-08,3972,ORD,CVG,2024-01-08T22:18:00+00:00,2024-01-08T23:00:00+00:00,42.0,2024-01-08T23:00:00+00:00,42.0,0.0,False,"(15,180]",True,False,False,True,accepted,,True
2024-01_reporting.csv:135337,2024-01_reporting.csv:135339,N874RW,2024-01-08,3417,LIT,2024-01-08,3790,ORD,EYW,2024-01-08T14:54:00+00:00,2024-01-08T15:51:00+00:00,57.0,2024-01-08T16:00:00+00:00,66.0,-9.0,False,"(15,180]",True,False,False,True,accepted,,True
2024-01_reporting.csv:135338,2024-01_reporting.csv:135340,N874RW,2024-01-08,3790,EYW,2024-01-08,3945,ORD,MEM,2024-01-08T23:35:00+00:00,2024-01-09T00:17:00+00:00,42.0,2024-01-09T00:20:00+00:00,45.0,-3.0,False,"(15,180]",True,False,False,True,accepted,,True
2024-01_reporting.csv:152182,2024-01_reporting.csv:169168,N203NN,2024-01-09,3871,BOS,2024-01-10,3790,ORD,EYW,2024-01-09T23:37:00+00:00,2024-01-10T17:53:00+00:00,1096.0,2024-01-10T16:05:00+00:00,988.0,108.0,True,>360,True,False,False,True,accepted,,False
2024-01_reporting.csv:152193,2024-01_reporting.csv:152189,N205NN,2024-01-09,4135,ROC,2024-01-09,3733,ORD,BOS,2024-01-09T12:23:00+00:00,2024-01-09T13:18:00+00:00,55.0,2024-01-09T13:05:00+00:00,42.0,13.0,False,"(15,180]",True,False,False,True,accepted,,True
2024-01_reporting.csv:152216,2024-01_reporting.csv:152217,N211NN,2024-01-09,3418,AUS,2024-01-09,3621,ORD,GSP,2024-01-10T00:20:00+00:00,2024-01-10T02:12:00+00:00,112.0,2024-01-10T00:52:00+00:00,32.0,80.0,True,"(15,180]",True,False,False,True,accepted,,True
2024-01_reporting.csv:152252,2024-01_reporting.csv:152248,N220NN,2024-01-09,3673,GSO,2024-01-09,3322,ORD,AUS,2024-01-09T13:25:00+00:00,2024-01-09T14:32:00+00:00,67.0,2024-01-09T14:35:00+00:00,70.0,-3.0,False,"(15,180]",True,False,False,True,accepted,,True
2024-01_reporting.csv:152318,2024-01_reporting.csv:152319,N234JW,2024-01-09,3398,ELP,2024-01-09,3648,ORD,GSO,2024-01-09T21:40:00+00:00,2024-01-10T00:21:00+00:00,161.0,2024-01-10T00:28:00+00:00,168.0,-7.0,False,"(15,180]",True,False,False,True,accepted,,True
2024-01_reporting.csv:152320,2024-01_reporting.csv:152321,N234JW,2024-01-09,3842,MSN,2024-01-09,3877,ORD,ELP,2024-01-09T14:03:00+00:00,2024-01-09T14:41:00+00:00,38.0,2024-01-09T14:19:00+00:00,16.0,22.0,True,"(15,180]",True,False,False,True,accepted,,True
2024-01_reporting.csv:152336,2024-01_reporting.csv:152338,N240NN,2024-01-09,3392,EWR,2024-01-09,3793,ORD,FSD,2024-01-09T15:24:00+00:00,2024-01-09T16:09:00+00:00,45.0,2024-01-09T16:10:00+00:00,46.0,-1.0,False,"(15,180]",True,False,False,True,accepted,,True
2024-01_reporting.csv:152337,2024-01_reporting.csv:152339,N240NN,2024-01-09,3793,FSD,2024-01-09,3817,ORD,LIT,2024-01-09T21:22:00+00:00,2024-01-09T22:57:00+00:00,95.0,2024-01-09T21:17:00+00:00,-5.0,100.0,True,"(15,180]",True,False,False,True,accepted,,True
2024-01_reporting.csv:152393,2024-01_reporting.csv:152395,N250NN,2024-01-09,3496,HPN,2024-01-09,3514,ORD,FAR,2024-01-09T14:32:00+00:00,2024-01-09T16:09:00+00:00,97.0,2024-01-09T15:50:00+00:00,78.0,19.0,True,"(15,180]",True,False,False,True,accepted,,True
2024-01_reporting.csv:152394,2024-01_reporting.csv:152392,N250NN,2024-01-09,3514,FAR,2024-01-09,3382,ORD,BDL,2024-01-09T21:02:00+00:00,2024-01-09T23:39:00+00:00,157.0,2024-01-09T20:27:00+00:00,-35.0,192.0,True,"(15,180]",True,False,False,True,accepted,,True
2024-01_reporting.csv:152502,2024-01_reporting.csv:152503,N274NN,2024-01-09,3490,BDL,2024-01-09,3845,ORD,RDU,2024-01-09T16:02:00+00:00,2024-01-09T16:36:00+00:00,34.0,2024-01-09T16:00:00+00:00,-2.0,36.0,True,"(15,180]",True,False,False,True,accepted,,True
2024-01_reporting.csv:152504,2024-01_reporting.csv:152505,N274NN,2024-01-09,3845,RDU,2024-01-09,3956,ORD,MSN,2024-01-09T22:45:00+00:00,2024-01-09T23:21:00+00:00,36.0,2024-01-09T22:51:00+00:00,6.0,30.0,True,"(15,180]",True,False,False,True,accepted,,True
2024-01_reporting.csv:152612,2024-01_reporting.csv:152611,N304KM,2024-01-09,3680,MSY,2024-01-09,3358,ORD,SYR,2024-01-09T20:12:00+00:00,2024-01-09T22:30:00+00:00,138.0,2024-01-09T21:00:00+00:00,48.0,90.0,True,"(15,180]",True,False,False,True,accepted,,True
2024-01_reporting.csv:152614,2024-01_reporting.csv:152613,N304KM,2024-01-09,3710,GSP,2024-01-09,3680,ORD,MSY,2024-01-09T13:17:00+00:00,2024-01-09T14:18:00+00:00,61.0,2024-01-09T14:20:00+00:00,63.0,-2.0,False,"(15,180]",True,False,False,True,accepted,,True
2024-01_reporting.csv:152639,2024-01_reporting.csv:169639,N449YX,2024-01-09,3790,EYW,2024-01-10,3877,ORD,ELP,2024-01-10T03:36:00+00:00,2024-01-10T14:19:00+00:00,643.0,2024-01-10T14:19:00+00:00,643.0,0.0,False,>360,True,False,False,True,accepted,,False
2024-01_reporting.csv:152661,2024-01_reporting.csv:152663,N643RW,2024-01-09,3364,OMA,2024-01-09,3917,ORD,LEX,2024-01-09T18:41:00+00:00,2024-01-09T20:18:00+00:00,97.0,2024-01-09T20:00:00+00:00,79.0,18.0,True,"(15,180]",True,False,False,True,accepted,,True
2024-01_reporting.csv:152662,2024-01_reporting.csv:152664,N643RW,2024-01-09,3917,LEX,2024-01-09,3945,ORD,MEM,2024-01-10T01:10:00+00:00,2024-01-10T02:00:00+00:00,50.0,2024-01-10T00:20:00+00:00,-50.0,100.0,True,"(15,180]",True,False,False,True,accepted,,True
2024-01_reporting.csv:152667,2024-01_reporting.csv:152665,N645RW,2024-01-09,3678,BDL,2024-01-09,3320,ORD,SGF,2024-01-09T21:33:00+00:00,2024-01-10T01:09:00+00:00,216.0,2024-01-09T21:43:00+00:00,10.0,206.0,True,"(180,360]",True,False,False,True,accepted,,False
2024-01_reporting.csv:152668,2024-01_reporting.csv:152670,N760MQ,2024-01-09,3416,ATL,2024-01-09,3497,ORD,STL,2024-01-09T19:57:00+00:00,2024-01-09T22:47:00+00:00,170.0,2024-01-09T20:11:00+00:00,14.0,156.0,True,"(15,180]",True,False,False,True,accepted,,True
2024-01_reporting.csv:152674,2024-01_reporting.csv:152676,N762DT,2024-01-09,3456,GRR,2024-01-09,3799,ORD,GRB,2024-01-10T00:54:00+00:00,2024-01-10T01:48:00+00:00,54.0,2024-01-09T22:52:00+00:00,-122.0,176.0,True,"(15,180]",True,False,False,True,accepted,,True
2024-01_reporting.csv:152681,2024-01_reporting.csv:152677,N762DT,2024-01-09,4129,SGF,2024-01-09,3802,ORD,STL,2024-01-09T12:43:00+00:00,2024-01-09T14:18:00+00:00,95.0,2024-01-09T14:20:00+00:00,97.0,-2.0,False,"(15,180]",True,False,False,True,accepted,,True
2024-01_reporting.csv:152697,2024-01_reporting.csv:152699,N765ST,2024-01-09,3815,GRB,2024-01-09,3836,ORD,IAH,2024-01-09T15:34:00+00:00,2024-01-09T16:28:00+00:00,54.0,2024-01-09T16:05:00+00:00,31.0,23.0,True,"(15,180]",True,False,False,True,accepted,,True
2024-01_reporting.csv:152698,2024-01_reporting.csv:152696,N765ST,2024-01-09,3836,IAH,2024-01-09,3690,ORD,CVG,2024-01-10T00:45:00+00:00,2024-01-10T01:57:00+00:00,72.0,2024-01-10T00:35:00+00:00,-10.0,82.0,True,"(15,180]",True,False,False,True,accepted,,True
2024-01_reporting.csv:152715,2024-01_reporting.csv:152714,N769KW,2024-01-09,3942,CMH,2024-01-09,3679,ORD,BWI,2024-01-09T13:53:00+00:00,2024-01-09T14:33:00+00:00,40.0,2024-01-09T14:35:00+00:00,42.0,-2.0,False,"(15,180]",True,False,False,True,accepted,,True
2024-01_reporting.csv:152720,2024-01_reporting.csv:152718,N772MR,2024-01-09,3375,XNA,2024-01-09,3323,ORD,EWR,2024-01-10T02:01:00+00:00,2024-01-10T03:55:00+00:00,114.0,2024-01-10T02:20:00+00:00,19.0,95.0,True,"(15,180]",True,False,False,True,accepted,,True
2024-01_reporting.csv:152722,2024-01_reporting.csv:152719,N772MR,2024-01-09,3380,ROC,2024-01-09,3375,ORD,XNA,2024-01-09T18:48:00+00:00,2024-01-09T19:22:00+00:00,34.0,2024-01-09T19:29:00+00:00,41.0,-7.0,False,"(15,180]",True,False,False,True,accepted,,True
2024-01_reporting.csv:152723,2024-01_reporting.csv:152721,N772MR,2024-01-09,3656,LIT,2024-01-09,3380,ORD,ROC,2024-01-09T13:05:00+00:00,2024-01-09T14:18:00+00:00,73.0,2024-01-09T14:19:00+00:00,74.0,-1.0,False,"(15,180]",True,False,False,True,accepted,,True
2024-01_reporting.csv:152725,2024-01_reporting.csv:152727,N774JG,2024-01-09,3744,COU,2024-01-09,3792,ORD,OKC,2024-01-09T15:15:00+00:00,2024-01-09T16:10:00+00:00,55.0,2024-01-09T16:15:00+00:00,60.0,-5.0,False,"(15,180]",True,False,False,True,accepted,,True
2024-01_reporting.csv:152726,2024-01_reporting.csv:152724,N774JG,2024-01-09,3792,OKC,2024-01-09,3664,ORD,CMH,2024-01-09T21:17:00+00:00,2024-01-09T23:01:00+00:00,104.0,2024-01-09T22:45:00+00:00,88.0,16.0,True,"(15,180]",True,False,False,True,accepted,,True
2024-01_reporting.csv:152728,2024-01_reporting.csv:152731,N776MS,2024-01-09,3367,OKC,2024-01-09,3936,ORD,MSN,2024-01-09T16:17:00+00:00,2024-01-09T17:19:00+00:00,62.0,2024-01-09T16:09:00+00:00,-8.0,70.0,True,"(15,180]",True,False,False,True,accepted,,True
2024-01_reporting.csv:152730,2024-01_reporting.csv:152729,N776MS,2024-01-09,3936,MSN,2024-01-09,3839,ORD,OKC,2024-01-09T20:13:00+00:00,2024-01-09T23:38:00+00:00,205.0,2024-01-09T20:48:00+00:00,35.0,170.0,True,"(180,360]",True,False,False,True,accepted,,False
2024-01_reporting.csv:152738,2024-01_reporting.csv:152740,N779RN,2024-01-09,3314,PVD,2024-01-09,3374,ORD,EWR,2024-01-09T15:07:00+00:00,2024-01-09T15:49:00+00:00,42.0,2024-01-09T15:50:00+00:00,43.0,-1.0,False,"(15,180]",True,False,False,True,accepted,,True
2024-01_reporting.csv:152739,2024-01_reporting.csv:152741,N779RN,2024-01-09,3319,EWR,2024-01-09,3972,ORD,CVG,2024-01-09T21:05:00+00:00,2024-01-10T00:05:00+00:00,180.0,2024-01-09T23:00:00+00:00,115.0,65.0,True,"(15,180]",True,False,False,True,accepted,,True
2024-01_reporting.csv:152743,2024-01_reporting.csv:152744,N783LC,2024-01-09,3739,FSD,2024-01-09,3790,ORD,EYW,2024-01-09T14:41:00+00:00,2024-01-09T16:19:00+00:00,98.0,2024-01-09T16:05:00+00:00,84.0,14.0,False,"(15,180]",True,False,False,True,accepted,,True
2024-01_reporting.csv:152755,2024-01_reporting.csv:152753,N809MD,2024-01-09,3707,PIT,2024-01-09,3694,ORD,CMI,2024-01-10T01:42:00+00:00,2024-01-10T02:18:00+00:00,36.0,2024-01-10T00:20:00+00:00,-82.0,118.0,True,"(15,180]",True,False,False,True,accepted,,True
2024-01_reporting.csv:152756,2024-01_reporting.csv:152754,N809MD,2024-01-09,3932,IND,2024-01-09,3707,ORD,PIT,2024-01-09T18:36:00+00:00,2024-01-09T19:23:00+00:00,47.0,2024-01-09T19:30:00+00:00,54.0,-7.0,False,"(15,180]",True,False,False,True,accepted,,True
2024-01_reporting.csv:152758,2024-01_reporting.csv:152757,N809MD,2024-01-09,4134,SYR,2024-01-09,3932,ORD,IND,2024-01-09T14:56:00+00:00,2024-01-09T15:28:00+00:00,32.0,2024-01-09T15:29:00+00:00,33.0,-1.0,False,"(15,180]",True,False,False,True,accepted,,True
2024-01_reporting.csv:152760,2024-01_reporting.csv:152759,N821MD,2024-01-09,3757,ICT,2024-01-09,3715,ORD,PVD,2024-01-09T19:58:00+00:00,2024-01-09T23:37:00+00:00,219.0,2024-01-09T20:55:00+00:00,57.0,162.0,True,"(180,360]",True,False,False,True,accepted,,False
2024-01_reporting.csv:152761,2024-01_reporting.csv:152764,N826MD,2024-01-09,3343,CMH,2024-01-09,3808,ORD,HPN,2024-01-09T17:51:00+00:00,2024-01-09T18:54:00+00:00,63.0,2024-01-09T18:54:00+00:00,63.0,0.0,False,"(15,180]",True,False,False,True,accepted,,True
2024-01_reporting.csv:152762,2024-01_reporting.csv:152767,N826MD,2024-01-09,3609,CMI,2024-01-09,3865,ORD,CMH,2024-01-09T13:05:00+00:00,2024-01-09T14:08:00+00:00,63.0,2024-01-09T14:14:00+00:00,69.0,-6.0,False,"(15,180]",True,False,False,True,accepted,,True
2024-01_reporting.csv:152763,2024-01_reporting.csv:152768,N826MD,2024-01-09,3808,HPN,2024-01-09,4007,ORD,ROC,2024-01-10T01:53:00+00:00,2024-01-10T03:13:00+00:00,80.0,2024-01-10T00:53:00+00:00,-60.0,140.0,True,"(15,180]",True,False,False,True,accepted,,True
2024-01_reporting.csv:152769,2024-01_reporting.csv:152771,N868RW,2024-01-09,3479,MCI,2024-01-09,3755,ORD,ICT,2024-01-09T21:55:00+00:00,2024-01-10T01:21:00+00:00,206.0,2024-01-10T00:31:00+00:00,156.0,50.0,True,"(180,360]",True,False,False,True,accepted,,False
2024-01_reporting.csv:152778,2024-01_reporting.csv:152773,N873RW,2024-01-09,3826,CVG,2024-01-09,3747,ORD,CMI,2024-01-09T15:01:00+00:00,2024-01-09T15:53:00+00:00,52.0,2024-01-09T15:55:00+00:00,54.0,-2.0,False,"(15,180]",True,False,False,True,accepted,,True
2024-01_reporting.csv:169162,2024-01_reporting.csv:169165,N202NN,2024-01-10,3572,CMH,2024-01-10,3922,ORD,BHM,2024-01-10T15:11:00+00:00,2024-01-10T16:01:00+00:00,50.0,2024-01-10T15:50:00+00:00,39.0,11.0,False,"(15,180]",True,False,False,True,accepted,,True
2024-01_reporting.csv:169164,2024-01_reporting.csv:169163,N202NN,2024-01-10,3922,BHM,2024-01-10,3715,ORD,PVD,2024-01-10T20:49:00+00:00,2024-01-10T21:33:00+00:00,44.0,2024-01-10T20:55:00+00:00,6.0,38.0,True,"(15,180]",True,False,False,True,accepted,,True
2024-01_reporting.csv:169167,2024-01_reporting.csv:169166,N203NN,2024-01-10,3790,EYW,2024-01-10,3387,ORD,MCI,2024-01-11T00:56:00+00:00,2024-01-11T02:32:00+00:00,96.0,2024-01-11T02:36:00+00:00,100.0,-4.0,False,"(15,180]",True,False,False,True,accepted,,True
2024-01_reporting.csv:169178,2024-01_reporting.csv:169175,N205NN,2024-01-10,3871,BOS,2024-01-10,3621,ORD,GSP,2024-01-10T23:07:00+00:00,2024-01-11T00:50:00+00:00,103.0,2024-01-11T00:52:00+00:00,105.0,-2.0,False,"(15,180]",True,False,False,True,accepted,,True
2024-01_reporting.csv:169200,2024-01_reporting.csv:169202,N211NN,2024-01-10,3710,GSP,2024-01-10,3733,ORD,BOS,2024-01-10T13:02:00+00:00,2024-01-10T14:16:00+00:00,74.0,2024-01-10T13:05:00+00:00,3.0,71.0,True,"(15,180]",True,False,False,True,accepted,,True
2024-01_reporting.csv:169217,2024-01_reporting.csv:169219,N215NN,2024-01-10,3369,MCI,2024-01-10,3789,ORD,EWR,2024-01-10T13:47:00+00:00,2024-01-10T14:28:00+00:00,41.0,2024-01-10T14:30:00+00:00,43.0,-2.0,False,"(15,180]",True,False,False,True,accepted,,True
2024-01_reporting.csv:169218,2024-01_reporting.csv:169220,N215NN,2024-01-10,3789,EWR,2024-01-10,3817,ORD,LIT,2024-01-10T19:56:00+00:00,2024-01-10T21:49:00+00:00,113.0,2024-01-10T21:17:00+00:00,81.0,32.0,True,"(15,180]",True,False,False,True,accepted,,True
2024-01_reporting.csv:169223,2024-01_reporting.csv:169224,N216NN,2024-01-10,3375,XNA,2024-01-10,3578,ORD,XNA,2024-01-10T23:38:00+00:00,2024-01-11T00:29:00+00:00,51.0,2024-01-11T00:34:00+00:00,56.0,-5.0,False,"(15,180]",True,False,False,True,accepted,,True
2024-01_reporting.csv:169226,2024-01_reporting.csv:169222,N216NN,2024-01-10,3934,BNA,2024-01-10,3375,ORD,XNA,2024-01-10T18:14:00+00:00,2024-01-10T19:39:00+00:00,85.0,2024-01-10T19:30:00+00:00,76.0,9.0,False,"(15,180]",True,False,False,True,accepted,,True
2024-01_reporting.csv:169278,2024-01_reporting.csv:169279,N229NN,2024-01-10,3418,AUS,2024-01-10,3648,ORD,GSO,2024-01-10T23:30:00+00:00,2024-01-11T00:26:00+00:00,56.0,2024-01-11T00:28:00+00:00,58.0,-2.0,False,"(15,180]",True,False,False,True,accepted,,True
2024-01_reporting.csv:169304,2024-01_reporting.csv:169300,N234JW,2024-01-10,3673,GSO,2024-01-10,3322,ORD,AUS,2024-01-10T13:31:00+00:00,2024-01-10T14:33:00+00:00,62.0,2024-01-10T14:35:00+00:00,64.0,-2.0,False,"(15,180]",True,False,False,True,accepted,,True
2024-01_reporting.csv:169317,2024-01_reporting.csv:169321,N240NN,2024-01-10,3343,CMH,2024-01-10,4084,ORD,IAH,2024-01-10T18:20:00+00:00,2024-01-10T19:14:00+00:00,54.0,2024-01-10T19:15:00+00:00,55.0,-1.0,False,"(15,180]",True,False,False,True,accepted,,True
2024-01_reporting.csv:169318,2024-01_reporting.csv:169319,N240NN,2024-01-10,3656,LIT,2024-01-10,3865,ORD,CMH,2024-01-10T13:24:00+00:00,2024-01-10T14:36:00+00:00,72.0,2024-01-10T14:14:00+00:00,50.0,22.0,True,"(15,180]",True,False,False,True,accepted,,True
2024-01_reporting.csv:169320,2024-01_reporting.csv:186992,N240NN,2024-01-10,4084,IAH,2024-01-11,3733,ORD,BOS,2024-01-11T01:03:00+00:00,2024-01-11T13:05:00+00:00,722.0,2024-01-11T13:05:00+00:00,722.0,0.0,False,>360,True,False,False,True,accepted,,False
2024-01_reporting.csv:169374,2024-01_reporting.csv:169376,N250NN,2024-01-10,3490,BDL,2024-01-10,3680,ORD,MSY,2024-01-10T15:37:00+00:00,2024-01-10T16:13:00+00:00,36.0,2024-01-10T16:10:00+00:00,33.0,3.0,False,"(15,180]",True,False,False,True,accepted,,True
2024-01_reporting.csv:169375,2024-01_reporting.csv:169373,N250NN,2024-01-10,3680,MSY,2024-01-10,3384,ORD,CMH,2024-01-10T21:53:00+00:00,2024-01-11T00:17:00+00:00,144.0,2024-01-11T00:20:00+00:00,147.0,-3.0,False,"(15,180]",True,False,False,True,accepted,,True
2024-01_reporting.csv:169483,2024-01_reporting.csv:169484,N274NN,2024-01-10,3842,MSN,2024-01-10,3851,ORD,BNA,2024-01-10T13:51:00+00:00,2024-01-10T14:30:00+00:00,39.0,2024-01-10T14:35:00+00:00,44.0,-5.0,False,"(15,180]",True,False,False,True,accepted,,True
2024-01_reporting.csv:169613,2024-01_reporting.csv:169614,N304KM,2024-01-10,3845,RDU,2024-01-10,3956,ORD,MSN,2024-01-10T20:42:00+00:00,2024-01-10T22:51:00+00:00,129.0,2024-01-10T22:51:00+00:00,129.0,0.0,False,"(15,180]",True,False,False,True,accepted,,True
2024-01_reporting.csv:169615,2024-01_reporting.csv:169612,N304KM,2024-01-10,4134,SYR,2024-01-10,3845,ORD,RDU,2024-01-10T14:21:00+00:00,2024-01-10T15:58:00+00:00,97.0,2024-01-10T16:00:00+00:00,99.0,-2.0,False,"(15,180]",True,False,False,True,accepted,,True
2024-01_reporting.csv:169636,2024-01_reporting.csv:169638,N449YX,2024-01-10,3398,ELP,2024-01-10,3833,ORD,CID,2024-01-10T21:18:00+00:00,2024-01-10T22:02:00+00:00,44.0,2024-01-10T20:52:00+00:00,-26.0,70.0,True,"(15,180]",True,False,False,True,accepted,,True
2024-01_reporting.csv:169637,2024-01_reporting.csv:187338,N449YX,2024-01-10,3833,CID,2024-01-11,3877,ORD,ELP,2024-01-11T00:44:00+00:00,2024-01-11T14:18:00+00:00,814.0,2024-01-11T14:19:00+00:00,815.0,-1.0,False,>360,True,False,False,True,accepted,,False
2024-01_reporting.csv:169651,2024-01_reporting.csv:169653,N636RW,2024-01-10,3609,CMI,2024-01-10,3808,ORD,HPN,2024-01-10T18:51:00+00:00,2024-01-10T19:23:00+00:00,32.0,2024-01-10T18:54:00+00:00,3.0,29.0,True,"(15,180]",True,False,False,True,accepted,,True
2024-01_reporting.csv:169652,2024-01_reporting.csv:169650,N636RW,2024-01-10,3808,HPN,2024-01-10,3499,ORD,HPN,2024-01-11T01:22:00+00:00,2024-01-11T01:48:00+00:00,26.0,2024-01-11T00:45:00+00:00,-37.0,63.0,True,"(15,180]",True,False,False,True,accepted,,True
2024-01_reporting.csv:169655,2024-01_reporting.csv:169657,N643RW,2024-01-10,3742,MEM,2024-01-10,3792,ORD,OKC,2024-01-10T17:53:00+00:00,2024-01-10T18:30:00+00:00,37.0,2024-01-10T16:15:00+00:00,-98.0,135.0,True,"(15,180]",True,False,False,True,accepted,,True
2024-01_reporting.csv:169656,2024-01_reporting.csv:169654,N643RW,2024-01-10,3792,OKC,2024-01-10,3694,ORD,CMI,2024-01-10T23:00:00+00:00,2024-01-11T00:17:00+00:00,77.0,2024-01-11T00:20:00+00:00,80.0,-3.0,False,"(15,180]",True,False,False,True,accepted,,True
2024-01_reporting.csv:169659,2024-01_reporting.csv:169661,N645RW,2024-01-10,3380,ROC,2024-01-10,3760,ORD,DSM,2024-01-10T18:23:00+00:00,2024-01-10T19:54:00+00:00,91.0,2024-01-10T19:51:00+00:00,88.0,3.0,False,"(15,180]",True,False,False,True,accepted,,True
2024-01_reporting.csv:169660,2024-01_reporting.csv:169662,N645RW,2024-01-10,3760,DSM,2024-01-10,3811,ORD,OMA,2024-01-10T23:24:00+00:00,2024-01-11T00:54:00+00:00,90.0,2024-01-11T00:32:00+00:00,68.0,22.0,True,"(15,180]",True,False,False,True,accepted,,True
2024-01_reporting.csv:169663,2024-01_reporting.csv:169658,N645RW,2024-01-10,4129,SGF,2024-01-10,3380,ORD,ROC,2024-01-10T13:03:00+00:00,2024-01-10T14:14:00+00:00,71.0,2024-01-10T14:19:00+00:00,76.0,-5.0,False,"(15,180]",True,False,False,True,accepted,,True
2024-01_reporting.csv:169665,2024-01_reporting.csv:169667,N760MQ,2024-01-10,3678,BDL,2024-01-10,3839,ORD,OKC,2024-01-10T19:52:00+00:00,2024-01-10T21:02:00+00:00,70.0,2024-01-10T20:48:00+00:00,56.0,14.0,False,"(15,180]",True,False,False,True,accepted,,True
2024-01_reporting.csv:169666,2024-01_reporting.csv:169664,N760MQ,2024-01-10,3723,FAR,2024-01-10,3493,ORD,BDL,2024-01-10T13:20:00+00:00,2024-01-10T14:23:00+00:00,63.0,2024-01-10T14:22:00+00:00,62.0,1.0,False,"(15,180]",True,False,False,True,accepted,,True
2024-01_reporting.csv:169668,2024-01_reporting.csv:169671,N761RW,2024-01-10,3416,ATL,2024-01-10,3456,ORD,GRR,2024-01-10T18:58:00+00:00,2024-01-10T19:37:00+00:00,39.0,2024-01-10T19:32:00+00:00,34.0,5.0,False,"(15,180]",True,False,False,True,accepted,,True
2024-01_reporting.csv:169670,2024-01_reporting.csv:169672,N761RW,2024-01-10,3456,GRR,2024-01-10,3799,ORD,GRB,2024-01-10T22:24:00+00:00,2024-01-10T23:10:00+00:00,46.0,2024-01-10T22:52:00+00:00,28.0,18.0,True,"(15,180]",True,False,False,True,accepted,,True
2024-01_reporting.csv:169673,2024-01_reporting.csv:169669,N761RW,2024-01-10,4088,XNA,2024-01-10,3416,ORD,ATL,2024-01-10T13:33:00+00:00,2024-01-10T14:21:00+00:00,48.0,2024-01-10T14:18:00+00:00,45.0,3.0,False,"(15,180]",True,False,False,True,accepted,,True
2024-01_reporting.csv:169675,2024-01_reporting.csv:169678,N762DT,2024-01-10,3479,MCI,2024-01-10,3788,ORD,EWR,2024-01-10T19:43:00+00:00,2024-01-10T20:25:00+00:00,42.0,2024-01-10T19:57:00+00:00,14.0,28.0,True,"(15,180]",True,False,False,True,accepted,,True
2024-01_reporting.csv:169677,2024-01_reporting.csv:169674,N762DT,2024-01-10,3788,EWR,2024-01-10,3323,ORD,EWR,2024-01-11T01:44:00+00:00,2024-01-11T02:38:00+00:00,54.0,2024-01-11T02:20:00+00:00,36.0,18.0,True,"(15,180]",True,False,False,True,accepted,,True
2024-01_reporting.csv:169679,2024-01_reporting.csv:169676,N762DT,2024-01-10,3815,GRB,2024-01-10,3479,ORD,MCI,2024-01-10T15:35:00+00:00,2024-01-10T16:07:00+00:00,32.0,2024-01-10T16:05:00+00:00,30.0,2.0,False,"(15,180]",True,False,False,True,accepted,,True
2024-01_reporting.csv:169695,2024-01_reporting.csv:169697,N765ST,2024-01-10,3802,STL,2024-01-10,4074,ORD,RDU,2024-01-10T17:52:00+00:00,2024-01-10T18:47:00+00:00,55.0,2024-01-10T18:45:00+00:00,53.0,2.0,False,"(15,180]",True,False,False,True,accepted,,True
2024-01_reporting.csv:169698,2024-01_reporting.csv:169696,N765ST,2024-01-10,4074,RDU,2024-01-10,3945,ORD,MEM,2024-01-10T23:27:00+00:00,2024-01-11T00:24:00+00:00,57.0,2024-01-11T00:20:00+00:00,53.0,4.0,False,"(15,180]",True,False,False,True,accepted,,True
2024-01_reporting.csv:169699,2024-01_reporting.csv:169694,N765ST,2024-01-10,4094,CVG,2024-01-10,3802,ORD,STL,2024-01-10T13:40:00+00:00,2024-01-10T14:29:00+00:00,49.0,2024-01-10T14:20:00+00:00,40.0,9.0,False,"(15,180]",True,False,False,True,accepted,,True
2024-01_reporting.csv:169712,2024-01_reporting.csv:169710,N769KW,2024-01-10,3611,XNA,2024-01-10,3358,ORD,SYR,2024-01-10T20:42:00+00:00,2024-01-10T21:12:00+00:00,30.0,2024-01-10T21:00:00+00:00,18.0,12.0,False,"(15,180]",True,False,False,True,accepted,,True
2024-01_reporting.csv:169713,2024-01_reporting.csv:169711,N769KW,2024-01-10,3739,FSD,2024-01-10,3581,ORD,XNA,2024-01-10T13:41:00+00:00,2024-01-10T14:24:00+00:00,43.0,2024-01-10T14:14:00+00:00,33.0,10.0,False,"(15,180]",True,False,False,True,accepted,,True
2024-01_reporting.csv:169714,2024-01_reporting.csv:169716,N770JM,2024-01-10,3514,FAR,2024-01-10,3786,ORD,DSM,2024-01-10T20:58:00+00:00,2024-01-11T00:23:00+00:00,205.0,2024-01-11T00:25:00+00:00,207.0,-2.0,False,"(180,360]",True,False,False,True,accepted,,False
2024-01_reporting.csv:169722,2024-01_reporting.csv:169727,N772MR,2024-01-10,3392,EWR,2024-01-10,3932,ORD,IND,2024-01-10T14:38:00+00:00,2024-01-10T15:27:00+00:00,49.0,2024-01-10T15:29:00+00:00,51.0,-2.0,False,"(15,180]",True,False,False,True,accepted,,True
2024-01_reporting.csv:169724,2024-01_reporting.csv:169723,N772MR,2024-01-10,3818,ICT,2024-01-10,3690,ORD,CVG,2024-01-10T23:43:00+00:00,2024-01-11T00:34:00+00:00,51.0,2024-01-11T00:35:00+00:00,52.0,-1.0,False,"(15,180]",True,False,False,True,accepted,,True
2024-01_reporting.csv:169726,2024-01_reporting.csv:169725,N772MR,2024-01-10,3932,IND,2024-01-10,3818,ORD,ICT,2024-01-10T18:09:00+00:00,2024-01-10T19:13:00+00:00,64.0,2024-01-10T19:18:00+00:00,69.0,-5.0,False,"(15,180]",True,False,False,True,accepted,,True
2024-01_reporting.csv:169728,2024-01_reporting.csv:169733,N774JG,2024-01-10,3467,IND,2024-01-10,3972,ORD,CVG,2024-01-10T22:49:00+00:00,2024-01-10T23:33:00+00:00,44.0,2024-01-10T23:00:00+00:00,11.0,33.0,True,"(15,180]",True,False,False,True,accepted,,True
2024-01_reporting.csv:169730,2024-01_reporting.csv:169729,N774JG,2024-01-10,3679,BWI,2024-01-10,3467,ORD,IND,2024-01-10T19:14:00+00:00,2024-01-10T20:04:00+00:00,50.0,2024-01-10T19:26:00+00:00,12.0,38.0,True,"(15,180]",True,False,False,True,accepted,,True
2024-01_reporting.csv:169732,2024-01_reporting.csv:169731,N774JG,2024-01-10,3942,CMH,2024-01-10,3679,ORD,BWI,2024-01-10T13:23:00+00:00,2024-01-10T14:37:00+00:00,74.0,2024-01-10T14:35:00+00:00,72.0,2.0,False,"(15,180]",True,False,False,True,accepted,,True
2024-01_reporting.csv:169734,2024-01_reporting.csv:169738,N776MS,2024-01-10,3367,OKC,2024-01-10,3937,ORD,OMA,2024-01-10T15:48:00+00:00,2024-01-10T16:19:00+00:00,31.0,2024-01-10T16:09:00+00:00,21.0,10.0,False,"(15,180]",True,False,False,True,accepted,,True
2024-01_reporting.csv:169735,2024-01_reporting.csv:169739,N776MS,2024-01-10,3862,MSP,2024-01-10,4007,ORD,ROC,2024-01-11T00:45:00+00:00,2024-01-11T01:39:00+00:00,54.0,2024-01-11T00:53:00+00:00,8.0,46.0,True,"(15,180]",True,False,False,True,accepted,,True
2024-01_reporting.csv:169737,2024-01_reporting.csv:169736,N776MS,2024-01-10,3937,OMA,2024-01-10,3890,ORD,MSP,2024-01-10T20:03:00+00:00,2024-01-10T21:05:00+00:00,62.0,2024-01-10T20:37:00+00:00,34.0,28.0,True,"(15,180]",True,False,False,True,accepted,,True
2024-01_reporting.csv:169746,2024-01_reporting.csv:169744,N779RN,2024-01-10,3707,PIT,2024-01-10,3377,ORD,FAR,2024-01-11T00:20:00+00:00,2024-01-11T01:25:00+00:00,65.0,2024-01-11T00:47:00+00:00,27.0,38.0,True,"(15,180]",True,False,False,True,accepted,,True
2024-01_reporting.csv:169747,2024-01_reporting.csv:169745,N779RN,2024-01-10,3746,CMI,2024-01-10,3707,ORD,PIT,2024-01-10T19:32:00+00:00,2024-01-10T19:57:00+00:00,25.0,2024-01-10T19:26:00+00:00,-6.0,31.0,True,"(15,180]",True,False,False,True,accepted,,True
2024-01_reporting.csv:169749,2024-01_reporting.csv:169748,N779RN,2024-01-10,3826,CVG,2024-01-10,3747,ORD,CMI,2024-01-10T15:31:00+00:00,2024-01-10T15:55:00+00:00,24.0,2024-01-10T15:55:00+00:00,24.0,0.0,False,"(15,180]",True,False,False,True,accepted,,True
2024-01_reporting.csv:169758,2024-01_reporting.csv:169763,N821MD,2024-01-10,3314,PVD,2024-01-10,3936,ORD,MSN,2024-01-10T16:25:00+00:00,2024-01-10T16:56:00+00:00,31.0,2024-01-10T16:09:00+00:00,-16.0,47.0,True,"(15,180]",True,False,False,True,accepted,,True
2024-01_reporting.csv:169760,2024-01_reporting.csv:169761,N821MD,2024-01-10,3497,STL,2024-01-10,3755,ORD,ICT,2024-01-10T23:39:00+00:00,2024-01-11T00:32:00+00:00,53.0,2024-01-11T00:31:00+00:00,52.0,1.0,False,"(15,180]",True,False,False,True,accepted,,True
2024-01_reporting.csv:169762,2024-01_reporting.csv:169759,N821MD,2024-01-10,3936,MSN,2024-01-10,3497,ORD,STL,2024-01-10T19:14:00+00:00,2024-01-10T20:08:00+00:00,54.0,2024-01-10T20:11:00+00:00,57.0,-3.0,False,"(15,180]",True,False,False,True,accepted,,True
2024-01_reporting.csv:169765,2024-01_reporting.csv:169764,N826MD,2024-01-10,3812,HPN,2024-01-10,3382,ORD,BDL,2024-01-10T20:50:00+00:00,2024-01-10T21:19:00+00:00,29.0,2024-01-10T20:27:00+00:00,-23.0,52.0,True,"(15,180]",True,False,False,True,accepted,,True
2024-01_reporting.csv:169767,2024-01_reporting.csv:169766,N826MD,2024-01-10,4135,ROC,2024-01-10,3812,ORD,HPN,2024-01-10T12:27:00+00:00,2024-01-10T14:15:00+00:00,108.0,2024-01-10T14:15:00+00:00,108.0,0.0,False,"(15,180]",True,False,False,True,accepted,,True
2024-01_reporting.csv:169769,2024-01_reporting.csv:169771,N868RW,2024-01-10,3757,ICT,2024-01-10,3836,ORD,IAH,2024-01-10T15:11:00+00:00,2024-01-10T16:05:00+00:00,54.0,2024-01-10T16:05:00+00:00,54.0,0.0,False,"(15,180]",True,False,False,True,accepted,,True
2024-01_reporting.csv:169770,2024-01_reporting.csv:169768,N868RW,2024-01-10,3836,IAH,2024-01-10,3745,ORD,COU,2024-01-10T21:57:00+00:00,2024-01-11T00:26:00+00:00,149.0,2024-01-11T00:26:00+00:00,149.0,0.0,False,"(15,180]",True,False,False,True,accepted,,True
2024-01_reporting.csv:169772,2024-01_reporting.csv:169775,N873RW,2024-01-10,3364,OMA,2024-01-10,3793,ORD,FSD,2024-01-10T15:50:00+00:00,2024-01-10T16:18:00+00:00,28.0,2024-01-10T16:10:00+00:00,20.0,8.0,False,"(15,180]",True,False,False,True,accepted,,True
2024-01_reporting.csv:169774,2024-01_reporting.csv:169776,N873RW,2024-01-10,3793,FSD,2024-01-10,3967,ORD,FSD,2024-01-10T20:49:00+00:00,2024-01-10T21:45:00+00:00,56.0,2024-01-10T21:36:00+00:00,47.0,9.0,False,"(15,180]",True,False,False,True,accepted,,True
2024-01_reporting.csv:169777,2024-01_reporting.csv:169779,N874RW,2024-01-10,3319,EWR,2024-01-10,3664,ORD,CMH,2024-01-10T21:07:00+00:00,2024-01-10T22:50:00+00:00,103.0,2024-01-10T22:45:00+00:00,98.0,5.0,False,"(15,180]",True,False,False,True,accepted,,True
2024-01_reporting.csv:186795,2024-01_reporting.csv:186798,N201NN,2024-01-11,3497,STL,2024-01-11,3621,ORD,GSP,2024-01-12T01:17:00+00:00,2024-01-12T02:20:00+00:00,63.0,2024-01-12T02:22:00+00:00,65.0,-2.0,False,"(15,180]",True,False,False,True,accepted,,True
2024-01_reporting.csv:186796,2024-01_reporting.csv:186794,N201NN,2024-01-11,3514,FAR,2024-01-11,3497,ORD,STL,2024-01-11T20:04:00+00:00,2024-01-11T22:18:00+00:00,134.0,2024-01-11T22:21:00+00:00,137.0,-3.0,False,"(15,180]",True,False,False,True,accepted,,True
2024-01_reporting.csv:186799,2024-01_reporting.csv:186797,N201NN,2024-01-11,3656,LIT,2024-01-11,3514,ORD,FAR,2024-01-11T13:17:00+00:00,2024-01-11T15:48:00+00:00,151.0,2024-01-11T15:50:00+00:00,153.0,-2.0,False,"(15,180]",True,False,False,True,accepted,,True
2024-01_reporting.csv:186800,2024-01_reporting.csv:186804,N202NN,2024-01-11,3314,PVD,2024-01-11,3937,ORD,OMA,2024-01-11T15:02:00+00:00,2024-01-11T16:07:00+00:00,65.0,2024-01-11T16:10:00+00:00,68.0,-3.0,False,"(15,180]",True,False,False,True,accepted,,True
2024-01_reporting.csv:186802,2024-01_reporting.csv:205360,N202NN,2024-01-11,3707,PIT,2024-01-12,3733,ORD,BOS,2024-01-12T01:13:00+00:00,2024-01-12T13:40:00+00:00,747.0,2024-01-12T13:05:00+00:00,712.0,35.0,True,>360,True,False,False,True,accepted,,False
2024-01_reporting.csv:186803,2024-01_reporting.csv:186801,N202NN,2024-01-11,3937,OMA,2024-01-11,3707,ORD,PIT,2024-01-11T20:02:00+00:00,2024-01-11T20:51:00+00:00,49.0,2024-01-11T20:55:00+00:00,53.0,-4.0,False,"(15,180]",True,False,False,True,accepted,,True
2024-01_reporting.csv:186805,2024-01_reporting.csv:186806,N203NN,2024-01-11,3369,MCI,2024-01-11,3493,ORD,BDL,2024-01-11T13:46:00+00:00,2024-01-11T14:23:00+00:00,37.0,2024-01-11T14:22:00+00:00,36.0,1.0,False,"(15,180]",True,False,False,True,accepted,,True
2024-01_reporting.csv:186807,2024-01_reporting.csv:205365,N203NN,2024-01-11,3669,AVP,2024-01-12,3322,ORD,AUS,2024-01-12T01:32:00+00:00,2024-01-12T14:48:00+00:00,796.0,2024-01-12T14:35:00+00:00,783.0,13.0,False,>360,True,False,False,True,accepted,,False
2024-01_reporting.csv:186808,2024-01_reporting.csv:186809,N203NN,2024-01-11,3678,BDL,2024-01-11,3893,ORD,AVP,2024-01-11T19:51:00+00:00,2024-01-11T20:53:00+00:00,62.0,2024-01-11T20:51:00+00:00,60.0,2.0,False,"(15,180]",True,False,False,True,accepted,,True
2024-01_reporting.csv:186812,2024-01_reporting.csv:186813,N204NN,2024-01-11,3418,AUS,2024-01-11,3690,ORD,CVG,2024-01-11T23:43:00+00:00,2024-01-12T02:22:00+00:00,159.0,2024-01-12T02:17:00+00:00,154.0,5.0,False,"(15,180]",True,False,False,True,accepted,,True
2024-01_reporting.csv:186816,2024-01_reporting.csv:186819,N205NN,2024-01-11,3680,MSY,2024-01-11,3741,ORD,SDF,2024-01-11T20:01:00+00:00,2024-01-11T21:21:00+00:00,80.0,2024-01-11T21:28:00+00:00,87.0,-7.0,False,"(15,180]",True,False,False,True,accepted,,True
2024-01_reporting.csv:186818,2024-01_reporting.csv:186817,N205NN,2024-01-11,3710,GSP,2024-01-11,3680,ORD,MSY,2024-01-11T13:12:00+00:00,2024-01-11T14:30:00+00:00,78.0,2024-01-11T14:30:00+00:00,78.0,0.0,False,"(15,180]",True,False,False,True,accepted,,True
2024-01_reporting.csv:186820,2024-01_reporting.csv:186815,N205NN,2024-01-11,3741,SDF,2024-01-11,3387,ORD,MCI,2024-01-12T01:06:00+00:00,2024-01-12T02:33:00+00:00,87.0,2024-01-12T02:36:00+00:00,90.0,-3.0,False,"(15,180]",True,False,False,True,accepted,,True
2024-01_reporting.csv:186844,2024-01_reporting.csv:186841,N209NN,2024-01-11,3673,GSO,2024-01-11,3322,ORD,AUS,2024-01-11T13:49:00+00:00,2024-01-11T14:35:00+00:00,46.0,2024-01-11T14:35:00+00:00,46.0,0.0,False,"(15,180]",True,False,False,True,accepted,,True
2024-01_reporting.csv:186853,2024-01_reporting.csv:186850,N211NN,2024-01-11,3871,BOS,2024-01-11,3578,ORD,XNA,2024-01-11T23:21:00+00:00,2024-01-12T00:33:00+00:00,72.0,2024-01-12T00:35:00+00:00,74.0,-2.0,False,"(15,180]",True,False,False,True,accepted,,True
2024-01_reporting.csv:187002,2024-01_reporting.csv:187000,N242NN,2024-01-11,4088,XNA,2024-01-11,3851,ORD,BNA,2024-01-11T13:30:00+00:00,2024-01-11T14:32:00+00:00,62.0,2024-01-11T14:35:00+00:00,65.0,-3.0,False,"(15,180]",True,False,False,True,accepted,,True
2024-01_reporting.csv:187042,2024-01_reporting.csv:187045,N250NN,2024-01-11,3572,CMH,2024-01-11,3792,ORD,OKC,2024-01-11T15:19:00+00:00,2024-01-11T16:13:00+00:00,54.0,2024-01-11T16:15:00+00:00,56.0,-2.0,False,"(15,180]",True,False,False,True,accepted,,True
2024-01_reporting.csv:187044,2024-01_reporting.csv:187043,N250NN,2024-01-11,3792,OKC,2024-01-11,3664,ORD,CMH,2024-01-11T21:04:00+00:00,2024-01-11T22:43:00+00:00,99.0,2024-01-11T22:45:00+00:00,101.0,-2.0,False,"(15,180]",True,False,False,True,accepted,,True
2024-01_reporting.csv:187306,2024-01_reporting.csv:187308,N304KM,2024-01-11,3842,MSN,2024-01-11,4084,ORD,IAH,2024-01-11T16:06:00+00:00,2024-01-11T19:12:00+00:00,186.0,2024-01-11T19:15:00+00:00,189.0,-3.0,False,"(180,360]",True,False,False,True,accepted,,False
2024-01_reporting.csv:187307,2024-01_reporting.csv:205866,N304KM,2024-01-11,4084,IAH,2024-01-12,3975,ORD,LEX,2024-01-12T01:08:00+00:00,2024-01-13T02:27:00+00:00,1519.0,2024-01-13T02:20:00+00:00,1512.0,7.0,False,>360,True,False,False,True,accepted,,False
2024-01_reporting.csv:187336,2024-01_reporting.csv:187337,N449YX,2024-01-11,3398,ELP,2024-01-11,3648,ORD,GSO,2024-01-11T21:16:00+00:00,2024-01-12T00:25:00+00:00,189.0,2024-01-12T00:28:00+00:00,192.0,-3.0,False,"(180,360]",True,False,False,True,accepted,,False
2024-01_reporting.csv:187352,2024-01_reporting.csv:187355,N635RW,2024-01-11,3343,CMH,2024-01-11,3818,ORD,ICT,2024-01-11T17:23:00+00:00,2024-01-11T19:12:00+00:00,109.0,2024-01-11T19:18:00+00:00,115.0,-6.0,False,"(15,180]",True,False,False,True,accepted,,True
2024-01_reporting.csv:187354,2024-01_reporting.csv:187351,N635RW,2024-01-11,3818,ICT,2024-01-11,3315,ORD,PVD,2024-01-11T23:41:00+00:00,2024-01-12T00:37:00+00:00,56.0,2024-01-12T00:31:00+00:00,50.0,6.0,False,"(15,180]",True,False,False,True,accepted,,True
2024-01_reporting.csv:187356,2024-01_reporting.csv:187353,N635RW,2024-01-11,4129,SGF,2024-01-11,3343,ORD,CMH,2024-01-11T13:00:00+00:00,2024-01-11T14:09:00+00:00,69.0,2024-01-11T14:14:00+00:00,74.0,-5.0,False,"(15,180]",True,False,False,True,accepted,,True
2024-01_reporting.csv:187357,2024-01_reporting.csv:187358,N636RW,2024-01-11,3319,EWR,2024-01-11,3320,ORD,SGF,2024-01-11T20:53:00+00:00,2024-01-11T21:39:00+00:00,46.0,2024-01-11T21:43:00+00:00,50.0,-4.0,False,"(15,180]",True,False,False,True,accepted,,True
2024-01_reporting.csv:187359,2024-01_reporting.csv:187361,N636RW,2024-01-11,3320,SGF,2024-01-11,3384,ORD,CMH,2024-01-12T01:39:00+00:00,2024-01-12T02:20:00+00:00,41.0,2024-01-12T02:20:00+00:00,41.0,0.0,False,"(15,180]",True,False,False,True,accepted,,True
2024-01_reporting.csv:187362,2024-01_reporting.csv:187360,N636RW,2024-01-11,3496,HPN,2024-01-11,3374,ORD,EWR,2024-01-11T15:03:00+00:00,2024-01-11T15:49:00+00:00,46.0,2024-01-11T15:50:00+00:00,47.0,-1.0,False,"(15,180]",True,False,False,True,accepted,,True
2024-01_reporting.csv:187370,2024-01_reporting.csv:187372,N645RW,2024-01-11,3364,OMA,2024-01-11,3679,ORD,BWI,2024-01-11T13:32:00+00:00,2024-01-11T14:29:00+00:00,57.0,2024-01-11T14:35:00+00:00,63.0,-6.0,False,"(15,180]",True,False,False,True,accepted,,True
2024-01_reporting.csv:187371,2024-01_reporting.csv:187375,N645RW,2024-01-11,3679,BWI,2024-01-11,3839,ORD,OKC,2024-01-11T19:11:00+00:00,2024-01-11T20:08:00+00:00,57.0,2024-01-11T20:13:00+00:00,62.0,-5.0,False,"(15,180]",True,False,False,True,accepted,,True
2024-01_reporting.csv:187374,2024-01_reporting.csv:187373,N645RW,2024-01-11,3839,OKC,2024-01-11,3755,ORD,ICT,2024-01-12T01:28:00+00:00,2024-01-12T02:23:00+00:00,55.0,2024-01-12T02:25:00+00:00,57.0,-2.0,False,"(15,180]",True,False,False,True,accepted,,True
2024-01_reporting.csv:187377,2024-01_reporting.csv:187381,N760MQ,2024-01-11,3367,OKC,2024-01-11,3479,ORD,MCI,2024-01-11T15:31:00+00:00,2024-01-11T16:13:00+00:00,42.0,2024-01-11T16:05:00+00:00,34.0,8.0,False,"(15,180]",True,False,False,True,accepted,,True
2024-01_reporting.csv:187379,2024-01_reporting.csv:187376,N760MQ,2024-01-11,3375,XNA,2024-01-11,3360,ORD,OKC,2024-01-12T01:33:00+00:00,2024-01-12T02:41:00+00:00,68.0,2024-01-12T02:43:00+00:00,70.0,-2.0,False,"(15,180]",True,False,False,True,accepted,,True
2024-01_reporting.csv:187380,2024-01_reporting.csv:187378,N760MQ,2024-01-11,3479,MCI,2024-01-11,3375,ORD,XNA,2024-01-11T20:21:00+00:00,2024-01-11T21:20:00+00:00,59.0,2024-01-11T21:22:00+00:00,61.0,-2.0,False,"(15,180]",True,False,False,True,accepted,,True
2024-01_reporting.csv:187383,2024-01_reporting.csv:187382,N761RW,2024-01-11,3775,BNA,2024-01-11,3377,ORD,FAR,2024-01-12T01:39:00+00:00,2024-01-12T03:18:00+00:00,99.0,2024-01-12T03:20:00+00:00,101.0,-2.0,False,"(15,180]",True,False,False,True,accepted,,True
2024-01_reporting.csv:187385,2024-01_reporting.csv:187386,N761RW,2024-01-11,3815,GRB,2024-01-11,3845,ORD,RDU,2024-01-11T15:34:00+00:00,2024-01-11T16:07:00+00:00,33.0,2024-01-11T16:00:00+00:00,26.0,7.0,False,"(15,180]",True,False,False,True,accepted,,True
2024-01_reporting.csv:187387,2024-01_reporting.csv:187384,N761RW,2024-01-11,3845,RDU,2024-01-11,3775,ORD,BNA,2024-01-11T20:52:00+00:00,2024-01-11T21:46:00+00:00,54.0,2024-01-11T21:52:00+00:00,60.0,-6.0,False,"(15,180]",True,False,False,True,accepted,,True
2024-01_reporting.csv:187388,2024-01_reporting.csv:187392,N762DT,2024-01-11,3392,EWR,2024-01-11,3932,ORD,IND,2024-01-11T14:54:00+00:00,2024-01-11T15:30:00+00:00,36.0,2024-01-11T15:29:00+00:00,35.0,1.0,False,"(15,180]",True,False,False,True,accepted,,True
2024-01_reporting.csv:187389,2024-01_reporting.csv:187393,N762DT,2024-01-11,3467,IND,2024-01-11,3972,ORD,CVG,2024-01-11T21:50:00+00:00,2024-01-11T23:35:00+00:00,105.0,2024-01-11T23:37:00+00:00,107.0,-2.0,False,"(15,180]",True,False,False,True,accepted,,True
2024-01_reporting.csv:187391,2024-01_reporting.csv:187390,N762DT,2024-01-11,3932,IND,2024-01-11,3467,ORD,IND,2024-01-11T18:10:00+00:00,2024-01-11T19:24:00+00:00,74.0,2024-01-11T19:26:00+00:00,76.0,-2.0,False,"(15,180]",True,False,False,True,accepted,,True
2024-01_reporting.csv:187407,2024-01_reporting.csv:187409,N765ST,2024-01-11,3742,MEM,2024-01-11,3808,ORD,HPN,2024-01-11T17:43:00+00:00,2024-01-11T18:47:00+00:00,64.0,2024-01-11T18:54:00+00:00,71.0,-7.0,False,"(15,180]",True,False,False,True,accepted,,True
2024-01_reporting.csv:187408,2024-01_reporting.csv:187406,N765ST,2024-01-11,3808,HPN,2024-01-11,3499,ORD,HPN,2024-01-11T23:53:00+00:00,2024-01-12T00:43:00+00:00,50.0,2024-01-12T00:45:00+00:00,52.0,-2.0,False,"(15,180]",True,False,False,True,accepted,,True
2024-01_reporting.csv:187413,2024-01_reporting.csv:187418,N768RD,2024-01-11,3513,ROC,2024-01-11,3945,ORD,MEM,2024-01-12T01:37:00+00:00,2024-01-12T02:24:00+00:00,47.0,2024-01-12T02:31:00+00:00,54.0,-7.0,False,"(15,180]",True,False,False,True,accepted,,True
2024-01_reporting.csv:187415,2024-01_reporting.csv:187417,N768RD,2024-01-11,3744,COU,2024-01-11,3936,ORD,MSN,2024-01-11T16:37:00+00:00,2024-01-11T17:14:00+00:00,37.0,2024-01-11T16:10:00+00:00,-27.0,64.0,True,"(15,180]",True,False,False,True,accepted,,True
2024-01_reporting.csv:187416,2024-01_reporting.csv:187414,N768RD,2024-01-11,3936,MSN,2024-01-11,3543,ORD,ROC,2024-01-11T19:31:00+00:00,2024-01-11T21:18:00+00:00,107.0,2024-01-11T21:19:00+00:00,108.0,-1.0,False,"(15,180]",True,False,False,True,accepted,,True
2024-01_reporting.csv:187420,2024-01_reporting.csv:187419,N769KW,2024-01-11,3770,ATW,2024-01-11,3694,ORD,CMI,2024-01-12T00:09:00+00:00,2024-01-12T00:40:00+00:00,31.0,2024-01-12T00:20:00+00:00,11.0,20.0,True,"(15,180]",True,False,False,True,accepted,,True
2024-01_reporting.csv:187423,2024-01_reporting.csv:187421,N769KW,2024-01-11,3922,BHM,2024-01-11,3770,ORD,ATW,2024-01-11T20:43:00+00:00,2024-01-11T21:17:00+00:00,34.0,2024-01-11T21:00:00+00:00,17.0,17.0,True,"(15,180]",True,False,False,True,accepted,,True
2024-01_reporting.csv:187425,2024-01_reporting.csv:187424,N769KW,2024-01-11,4134,SYR,2024-01-11,3922,ORD,BHM,2024-01-11T14:31:00+00:00,2024-01-11T15:49:00+00:00,78.0,2024-01-11T15:50:00+00:00,79.0,-1.0,False,"(15,180]",True,False,False,True,accepted,,True
2024-01_reporting.csv:187427,2024-01_reporting.csv:187429,N770JM,2024-01-11,3782,DSM,2024-01-11,3790,ORD,EYW,2024-01-11T15:57:00+00:00,2024-01-11T17:40:00+00:00,103.0,2024-01-11T16:05:00+00:00,8.0,95.0,True,"(15,180]",True,False,False,True,accepted,,True
2024-01_reporting.csv:187428,2024-01_reporting.csv:187426,N770JM,2024-01-11,3790,EYW,2024-01-11,3323,ORD,EWR,2024-01-12T01:12:00+00:00,2024-01-12T02:36:00+00:00,84.0,2024-01-12T02:30:00+00:00,78.0,6.0,False,"(15,180]",True,False,False,True,accepted,,True
2024-01_reporting.csv:187432,2024-01_reporting.csv:187434,N772MR,2024-01-11,3380,ROC,2024-01-11,3456,ORD,GRR,2024-01-11T18:35:00+00:00,2024-01-11T19:40:00+00:00,65.0,2024-01-11T19:32:00+00:00,57.0,8.0,False,"(15,180]",True,False,False,True,accepted,,True
2024-01_reporting.csv:187433,2024-01_reporting.csv:187437,N772MR,2024-01-11,3456,GRR,2024-01-11,3956,ORD,MSN,2024-01-11T21:58:00+00:00,2024-01-11T23:15:00+00:00,77.0,2024-01-11T23:17:00+00:00,79.0,-2.0,False,"(15,180]",True,False,False,True,accepted,,True
2024-01_reporting.csv:187438,2024-01_reporting.csv:187431,N772MR,2024-01-11,4094,CVG,2024-01-11,3380,ORD,ROC,2024-01-11T13:20:00+00:00,2024-01-11T14:18:00+00:00,58.0,2024-01-11T14:19:00+00:00,59.0,-1.0,False,"(15,180]",True,False,False,True,accepted,,True
2024-01_reporting.csv:187440,2024-01_reporting.csv:206010,N774JG,2024-01-11,3715,PVD,2024-01-12,3688,ORD,PIT,2024-01-12T01:14:00+00:00,2024-01-12T14:25:00+00:00,791.0,2024-01-12T14:14:00+00:00,780.0,11.0,False,>360,True,False,False,True,accepted,,False
2024-01_reporting.csv:187441,2024-01_reporting.csv:187439,N774JG,2024-01-11,3746,CMI,2024-01-11,3715,ORD,PVD,2024-01-11T18:16:00+00:00,2024-01-11T19:47:00+00:00,91.0,2024-01-11T19:50:00+00:00,94.0,-3.0,False,"(15,180]",True,False,False,True,accepted,,True
2024-01_reporting.csv:187443,2024-01_reporting.csv:187442,N774JG,2024-01-11,3826,CVG,2024-01-11,3747,ORD,CMI,2024-01-11T14:56:00+00:00,2024-01-11T15:53:00+00:00,57.0,2024-01-11T15:55:00+00:00,59.0,-2.0,False,"(15,180]",True,False,False,True,accepted,,True
2024-01_reporting.csv:187446,2024-01_reporting.csv:187447,N776MS,2024-01-11,3802,STL,2024-01-11,4074,ORD,RDU,2024-01-11T17:45:00+00:00,2024-01-11T18:37:00+00:00,52.0,2024-01-11T18:45:00+00:00,60.0,-8.0,False,"(15,180]",True,False,False,True,accepted,,True
2024-01_reporting.csv:187448,2024-01_reporting.csv:187444,N776MS,2024-01-11,4074,RDU,2024-01-11,3745,ORD,COU,2024-01-11T23:33:00+00:00,2024-01-12T00:19:00+00:00,46.0,2024-01-12T00:26:00+00:00,53.0,-7.0,False,"(15,180]",True,False,False,True,accepted,,True
2024-01_reporting.csv:187449,2024-01_reporting.csv:187445,N776MS,2024-01-11,4135,ROC,2024-01-11,3802,ORD,STL,2024-01-11T12:31:00+00:00,2024-01-11T14:18:00+00:00,107.0,2024-01-11T14:19:00+00:00,108.0,-1.0,False,"(15,180]",True,False,False,True,accepted,,True
2024-01_reporting.csv:187456,2024-01_reporting.csv:187461,N779RN,2024-01-11,3416,ATL,2024-01-11,3788,ORD,EWR,2024-01-11T18:52:00+00:00,2024-01-11T19:55:00+00:00,63.0,2024-01-11T19:57:00+00:00,65.0,-2.0,False,"(15,180]",True,False,False,True,accepted,,True
2024-01_reporting.csv:187458,2024-01_reporting.csv:187457,N779RN,2024-01-11,3723,FAR,2024-01-11,3416,ORD,ATL,2024-01-11T13:03:00+00:00,2024-01-11T14:15:00+00:00,72.0,2024-01-11T14:18:00+00:00,75.0,-3.0,False,"(15,180]",True,False,False,True,accepted,,True
2024-01_reporting.csv:187460,2024-01_reporting.csv:187459,N779RN,2024-01-11,3788,EWR,2024-01-11,3750,ORD,FSD,2024-01-12T01:08:00+00:00,2024-01-12T03:36:00+00:00,148.0,2024-01-12T03:40:00+00:00,152.0,-4.0,False,"(15,180]",True,False,False,True,accepted,,True
2024-01_reporting.csv:187462,2024-01_reporting.csv:187466,N783LC,2024-01-11,3382,BDL,2024-01-11,4007,ORD,ROC,2024-01-12T00:29:00+00:00,2024-01-12T01:24:00+00:00,55.0,2024-01-12T01:25:00+00:00,56.0,-1.0,False,"(15,180]",True,False,False,True,accepted,,True
2024-01_reporting.csv:187465,2024-01_reporting.csv:187463,N783LC,2024-01-11,3934,BNA,2024-01-11,3382,ORD,BDL,2024-01-11T18:21:00+00:00,2024-01-11T19:12:00+00:00,51.0,2024-01-11T19:19:00+00:00,58.0,-7.0,False,"(15,180]",True,False,False,True,accepted,,True
2024-01_reporting.csv:187469,2024-01_reporting.csv:187471,N806MD,2024-01-11,3609,CMI,2024-01-11,3812,ORD,HPN,2024-01-11T12:48:00+00:00,2024-01-11T14:18:00+00:00,90.0,2024-01-11T14:15:00+00:00,87.0,3.0,False,"(15,180]",True,False,False,True,accepted,,True
2024-01_reporting.csv:187470,2024-01_reporting.csv:187467,N806MD,2024-01-11,3812,HPN,2024-01-11,3358,ORD,SYR,2024-01-11T19:34:00+00:00,2024-01-11T20:21:00+00:00,47.0,2024-01-11T20:27:00+00:00,53.0,-6.0,False,"(15,180]",True,False,False,True,accepted,,True
2024-01_reporting.csv:187473,2024-01_reporting.csv:187475,N809MD,2024-01-11,3789,EWR,2024-01-11,4156,ORD,RIC,2024-01-11T20:12:00+00:00,2024-01-11T21:07:00+00:00,55.0,2024-01-11T20:55:00+00:00,43.0,12.0,False,"(15,180]",True,False,False,True,accepted,,True
2024-01_reporting.csv:187476,2024-01_reporting.csv:187472,N809MD,2024-01-11,4156,RIC,2024-01-11,3324,ORD,SYR,2024-01-12T01:45:00+00:00,2024-01-12T02:22:00+00:00,37.0,2024-01-12T02:24:00+00:00,39.0,-2.0,False,"(15,180]",True,False,False,True,accepted,,True
2024-01_reporting.csv:187478,2024-01_reporting.csv:187482,N821MD,2024-01-11,3757,ICT,2024-01-11,3793,ORD,FSD,2024-01-11T14:52:00+00:00,2024-01-11T16:05:00+00:00,73.0,2024-01-11T16:05:00+00:00,73.0,0.0,False,"(15,180]",True,False,False,True,accepted,,True
2024-01_reporting.csv:187479,2024-01_reporting.csv:187477,N821MD,2024-01-11,3769,ATL,2024-01-11,3695,ORD,LIT,2024-01-12T01:47:00+00:00,2024-01-12T02:24:00+00:00,37.0,2024-01-12T02:25:00+00:00,38.0,-1.0,False,"(15,180]",True,False,False,True,accepted,,True
2024-01_reporting.csv:187481,2024-01_reporting.csv:187480,N821MD,2024-01-11,3793,FSD,2024-01-11,3769,ORD,ATL,2024-01-11T20:11:00+00:00,2024-01-11T21:02:00+00:00,51.0,2024-01-11T20:53:00+00:00,42.0,9.0,False,"(15,180]",True,False,False,True,accepted,,True
2024-01_reporting.csv:187485,2024-01_reporting.csv:187484,N826MD,2024-01-11,3490,BDL,2024-01-11,3362,ORD,SGF,2024-01-11T14:52:00+00:00,2024-01-12T00:53:00+00:00,601.0,2024-01-12T00:55:00+00:00,603.0,-2.0,False,>360,True,False,False,True,accepted,,False
2024-01_reporting.csv:187492,2024-01_reporting.csv:187495,N873RW,2024-01-11,3611,XNA,2024-01-11,3760,ORD,DSM,2024-01-11T18:50:00+00:00,2024-01-11T19:54:00+00:00,64.0,2024-01-11T19:51:00+00:00,61.0,3.0,False,"(15,180]",True,False,False,True,accepted,,True
2024-01_reporting.csv:187493,2024-01_reporting.csv:187491,N873RW,2024-01-11,3739,FSD,2024-01-11,3581,ORD,XNA,2024-01-11T13:48:00+00:00,2024-01-11T14:28:00+00:00,40.0,2024-01-11T14:14:00+00:00,26.0,14.0,False,"(15,180]",True,False,False,True,accepted,,True
2024-01_reporting.csv:187494,2024-01_reporting.csv:187490,N873RW,2024-01-11,3760,DSM,2024-01-11,3478,ORD,BDL,2024-01-11T23:27:00+00:00,2024-01-12T00:42:00+00:00,75.0,2024-01-12T00:40:00+00:00,73.0,2.0,False,"(15,180]",True,False,False,True,accepted,,True
2024-01_reporting.csv:187497,2024-01_reporting.csv:187496,N874RW,2024-01-11,3836,IAH,2024-01-11,3799,ORD,GRB,2024-01-11T21:25:00+00:00,2024-01-11T22:50:00+00:00,85.0,2024-01-11T22:52:00+00:00,87.0,-2.0,False,"(15,180]",True,False,False,True,accepted,,True
2024-01_reporting.csv:187499,2024-01_reporting.csv:187500,N874RW,2024-01-11,3876,GRB,2024-01-11,3878,ORD,GRB,2024-01-12T01:35:00+00:00,2024-01-12T03:32:00+00:00,117.0,2024-01-12T03:35:00+00:00,120.0,-3.0,False,"(15,180]",True,False,False,True,accepted,,True
2024-01_reporting.csv:187501,2024-01_reporting.csv:187498,N874RW,2024-01-11,3942,CMH,2024-01-11,3836,ORD,IAH,2024-01-11T13:09:00+00:00,2024-01-11T14:36:00+00:00,87.0,2024-01-11T14:37:00+00:00,88.0,-1.0,False,"(15,180]",True,False,False,True,accepted,,True
2024-01_reporting.csv:205354,2024-01_reporting.csv:205355,N201NN,2024-01-12,3710,GSP,2024-01-12,3789,ORD,EWR,2024-01-12T14:11:00+00:00,2024-01-12T15:57:00+00:00,106.0,2024-01-12T14:30:00+00:00,19.0,87.0,True,"(15,180]",True,False,False,True,accepted,,True
2024-01_reporting.csv:205374,2024-01_reporting.csv:205378,N205NN,2024-01-12,3369,MCI,2024-01-12,3581,ORD,XNA,2024-01-12T17:22:00+00:00,2024-01-12T18:21:00+00:00,59.0,2024-01-12T14:14:00+00:00,-188.0,247.0,True,"(15,180]",True,False,False,True,accepted,,True
2024-01_reporting.csv:205707,2024-01_reporting.csv:222735,N270NN,2024-01-12,3418,AUS,2024-01-13,3348,ORD,HDN,2024-01-13T00:16:00+00:00,2024-01-13T15:48:00+00:00,932.0,2024-01-13T15:50:00+00:00,934.0,-2.0,False,>360,True,False,False,True,accepted,,False
2024-01_reporting.csv:205918,2024-01_reporting.csv:205920,N636RW,2024-01-12,3572,CMH,2024-01-12,3747,ORD,CMI,2024-01-12T17:42:00+00:00,2024-01-12T18:30:00+00:00,48.0,2024-01-12T15:55:00+00:00,-107.0,155.0,True,"(15,180]",True,False,False,True,accepted,,True
2024-01_reporting.csv:205945,2024-01_reporting.csv:205946,N761RW,2024-01-12,3723,FAR,2024-01-12,3803,ORD,SDF,2024-01-12T13:39:00+00:00,2024-01-12T16:17:00+00:00,158.0,2024-01-12T14:44:00+00:00,65.0,93.0,True,"(15,180]",True,False,False,True,accepted,,True
2024-01_reporting.csv:205991,2024-01_reporting.csv:205990,N769KW,2024-01-12,3609,CMI,2024-01-12,3514,ORD,FAR,2024-01-12T13:40:00+00:00,2024-01-12T16:39:00+00:00,179.0,2024-01-12T15:50:00+00:00,130.0,49.0,True,"(15,180]",True,False,False,True,accepted,,True
2024-01_reporting.csv:206012,2024-01_reporting.csv:222998,N774JG,2024-01-12,3707,PIT,2024-01-13,3812,ORD,HPN,2024-01-13T00:33:00+00:00,2024-01-13T15:16:00+00:00,883.0,2024-01-13T14:15:00+00:00,822.0,61.0,True,>360,True,False,False,True,accepted,,False
2024-01_reporting.csv:206033,2024-01_reporting.csv:257721,N783LC,2024-01-12,3769,ATL,2024-01-15,3808,ORD,HPN,2024-01-14T03:22:00+00:00,2024-01-15T20:37:00+00:00,2475.0,2024-01-15T18:54:00+00:00,2372.0,103.0,True,>360,True,False,False,True,accepted,,False
2024-01_reporting.csv:206034,2024-01_reporting.csv:206031,N783LC,2024-01-12,4135,ROC,2024-01-12,3416,ORD,ATL,2024-01-12T12:54:00+00:00,2024-01-12T15:07:00+00:00,133.0,2024-01-12T14:18:00+00:00,84.0,49.0,True,"(15,180]",True,False,False,True,accepted,,True
2024-01_reporting.csv:206041,2024-01_reporting.csv:206039,N821MD,2024-01-12,3656,LIT,2024-01-12,3317,ORD,MCI,2024-01-12T17:53:00+00:00,2024-01-12T20:22:00+00:00,149.0,2024-01-12T17:51:00+00:00,-2.0,151.0,True,"(15,180]",True,False,False,True,accepted,,True
2024-01_reporting.csv:222449,2024-01_reporting.csv:222454,N201NN,2024-01-13,3392,EWR,2024-01-13,4160,ORD,MSN,2024-01-13T15:03:00+00:00,2024-01-13T16:59:00+00:00,116.0,2024-01-13T15:55:00+00:00,52.0,64.0,True,"(15,180]",True,False,False,True,accepted,,True
2024-01_reporting.csv:222453,2024-01_reporting.csv:222451,N201NN,2024-01-13,4160,MSN,2024-01-13,3818,ORD,ICT,2024-01-13T20:08:00+00:00,2024-01-13T20:43:00+00:00,35.0,2024-01-13T19:15:00+00:00,-53.0,88.0,True,"(15,180]",True,False,False,True,accepted,,True
2024-01_reporting.csv:222455,2024-01_reporting.csv:222456,N202NN,2024-01-13,3871,BOS,2024-01-13,4003,ORD,LSE,2024-01-13T19:08:00+00:00,2024-01-13T22:15:00+00:00,187.0,2024-01-13T22:26:00+00:00,198.0,-11.0,False,"(180,360]",True,False,False,True,accepted,,False
2024-01_reporting.csv:222577,2024-01_reporting.csv:222580,N233NN,2024-01-13,3845,RDU,2024-01-13,3931,ORD,MSP,2024-01-13T22:57:00+00:00,2024-01-13T23:39:00+00:00,42.0,2024-01-13T20:30:00+00:00,-147.0,189.0,True,"(15,180]",True,False,False,True,accepted,,True
2024-01_reporting.csv:222579,2024-01_reporting.csv:222581,N233NN,2024-01-13,3931,MSP,2024-01-13,4007,ORD,ROC,2024-01-14T03:47:00+00:00,2024-01-14T13:16:00+00:00,569.0,2024-01-14T00:33:00+00:00,-194.0,763.0,True,>360,True,False,False,True,accepted,,False
2024-01_reporting.csv:222672,2024-01_reporting.csv:239099,N252NN,2024-01-13,3514,FAR,2024-01-14,3733,ORD,BOS,2024-01-14T03:53:00+00:00,2024-01-14T16:08:00+00:00,735.0,2024-01-14T16:05:00+00:00,732.0,3.0,False,>360,True,False,False,True,accepted,,False
2024-01_reporting.csv:222674,2024-01_reporting.csv:222673,N252NN,2024-01-13,4088,XNA,2024-01-13,3514,ORD,FAR,2024-01-13T14:11:00+00:00,2024-01-13T16:07:00+00:00,116.0,2024-01-13T15:50:00+00:00,99.0,17.0,True,"(15,180]",True,False,False,True,accepted,,True
2024-01_reporting.csv:222725,2024-01_reporting.csv:222728,N268NN,2024-01-13,3398,ELP,2024-01-13,3632,ORD,CMH,2024-01-13T17:53:00+00:00,2024-01-13T18:57:00+00:00,64.0,2024-01-13T18:50:00+00:00,57.0,7.0,False,"(15,180]",True,False,False,True,accepted,,True
2024-01_reporting.csv:222727,2024-01_reporting.csv:222726,N268NN,2024-01-13,3632,CMH,2024-01-13,3578,ORD,XNA,2024-01-13T22:19:00+00:00,2024-01-14T00:42:00+00:00,143.0,2024-01-14T00:34:00+00:00,135.0,8.0,False,"(15,180]",True,False,False,True,accepted,,True
2024-01_reporting.csv:222754,2024-01_reporting.csv:222755,N275NN,2024-01-13,3802,STL,2024-01-13,3877,ORD,ELP,2024-01-13T18:56:00+00:00,2024-01-13T19:35:00+00:00,39.0,2024-01-13T19:30:00+00:00,34.0,5.0,False,"(15,180]",True,False,False,True,accepted,,True
2024-01_reporting.csv:222756,2024-01_reporting.csv:222753,N275NN,2024-01-13,3942,CMH,2024-01-13,3802,ORD,STL,2024-01-13T13:46:00+00:00,2024-01-13T14:44:00+00:00,58.0,2024-01-13T14:45:00+00:00,59.0,-1.0,False,"(15,180]",True,False,False,True,accepted,,True
2024-01_reporting.csv:222905,2024-01_reporting.csv:222907,N449YX,2024-01-13,3673,GSO,2024-01-13,3937,ORD,OMA,2024-01-13T13:30:00+00:00,2024-01-13T17:37:00+00:00,247.0,2024-01-13T16:10:00+00:00,160.0,87.0,True,"(180,360]",True,False,False,True,accepted,,False
2024-01_reporting.csv:222906,2024-01_reporting.csv:222904,N449YX,2024-01-13,3937,OMA,2024-01-13,3648,ORD,GSO,2024-01-14T00:20:00+00:00,2024-01-14T01:33:00+00:00,73.0,2024-01-14T00:28:00+00:00,8.0,65.0,True,"(15,180]",True,False,False,True,accepted,,True
2024-01_reporting.csv:222922,2024-01_reporting.csv:239374,N635RW,2024-01-13,3760,DSM,2024-01-14,3790,ORD,EYW,2024-01-14T02:20:00+00:00,2024-01-14T16:47:00+00:00,867.0,2024-01-14T16:13:00+00:00,833.0,34.0,True,>360,True,False,False,True,accepted,,False
2024-01_reporting.csv:222924,2024-01_reporting.csv:222925,N635RW,2024-01-13,3826,CVG,2024-01-13,3870,ORD,STL,2024-01-13T15:38:00+00:00,2024-01-13T16:11:00+00:00,33.0,2024-01-13T15:52:00+00:00,14.0,19.0,True,"(15,180]",True,False,False,True,accepted,,True
2024-01_reporting.csv:222926,2024-01_reporting.csv:222923,N635RW,2024-01-13,3870,STL,2024-01-13,3760,ORD,DSM,2024-01-13T19:30:00+00:00,2024-01-13T20:51:00+00:00,81.0,2024-01-13T19:51:00+00:00,21.0,60.0,True,"(15,180]",True,False,False,True,accepted,,True
2024-01_reporting.csv:222928,2024-01_reporting.csv:222929,N636RW,2024-01-13,3375,XNA,2024-01-13,3384,ORD,CMH,2024-01-14T00:45:00+00:00,2024-01-14T01:33:00+00:00,48.0,2024-01-14T00:35:00+00:00,-10.0,58.0,True,"(15,180]",True,False,False,True,accepted,,True
2024-01_reporting.csv:222931,2024-01_reporting.csv:222927,N636RW,2024-01-13,3746,CMI,2024-01-13,3375,ORD,XNA,2024-01-13T19:38:00+00:00,2024-01-13T20:30:00+00:00,52.0,2024-01-13T19:29:00+00:00,-9.0,61.0,True,"(15,180]",True,False,False,True,accepted,,True
2024-01_reporting.csv:222947,2024-01_reporting.csv:222949,N761RW,2024-01-13,3572,CMH,2024-01-13,3680,ORD,MSY,2024-01-13T15:43:00+00:00,2024-01-13T16:22:00+00:00,39.0,2024-01-13T16:05:00+00:00,22.0,17.0,True,"(15,180]",True,False,False,True,accepted,,True
2024-01_reporting.csv:222948,2024-01_reporting.csv:222950,N761RW,2024-01-13,3680,MSY,2024-01-13,3811,ORD,OMA,2024-01-13T22:26:00+00:00,2024-01-14T00:32:00+00:00,126.0,2024-01-14T00:32:00+00:00,126.0,0.0,False,"(15,180]",True,False,False,True,accepted,,True
2024-01_reporting.csv:222952,2024-01_reporting.csv:222954,N762DT,2024-01-13,3679,BWI,2024-01-13,3707,ORD,PIT,2024-01-13T19:23:00+00:00,2024-01-13T19:59:00+00:00,36.0,2024-01-13T19:50:00+00:00,27.0,9.0,False,"(15,180]",True,False,False,True,accepted,,True
2024-01_reporting.csv:222955,2024-01_reporting.csv:222951,N762DT,2024-01-13,3707,PIT,2024-01-13,3621,ORD,GSP,2024-01-13T23:55:00+00:00,2024-01-14T01:15:00+00:00,80.0,2024-01-14T00:52:00+00:00,57.0,23.0,True,"(15,180]",True,False,False,True,accepted,,True
2024-01_reporting.csv:222959,2024-01_reporting.csv:222960,N763CC,2024-01-13,3497,STL,2024-01-13,3499,ORD,HPN,2024-01-14T00:55:00+00:00,2024-01-14T01:38:00+00:00,43.0,2024-01-14T00:45:00+00:00,-10.0,53.0,True,"(15,180]",True,False,False,True,accepted,,True
2024-01_reporting.csv:222967,2024-01_reporting.csv:222966,N765ST,2024-01-13,3496,HPN,2024-01-13,3485,ORD,RDU,2024-01-13T14:50:00+00:00,2024-01-13T16:21:00+00:00,91.0,2024-01-13T16:15:00+00:00,85.0,6.0,False,"(15,180]",True,False,False,True,accepted,,True
2024-01_reporting.csv:222975,2024-01_reporting.csv:222977,N768RD,2024-01-13,3416,ATL,2024-01-13,3664,ORD,CMH,2024-01-13T21:43:00+00:00,2024-01-13T22:45:00+00:00,62.0,2024-01-13T22:45:00+00:00,62.0,0.0,False,"(15,180]",True,False,False,True,accepted,,True
2024-01_reporting.csv:222978,2024-01_reporting.csv:222976,N768RD,2024-01-13,3710,GSP,2024-01-13,3416,ORD,ATL,2024-01-13T13:38:00+00:00,2024-01-13T16:55:00+00:00,197.0,2024-01-13T14:18:00+00:00,40.0,157.0,True,"(180,360]",True,False,False,True,accepted,,False
2024-01_reporting.csv:222982,2024-01_reporting.csv:222981,N770JM,2024-01-13,3331,MCI,2024-01-13,3323,ORD,EWR,2024-01-14T01:10:00+00:00,2024-01-14T01:50:00+00:00,40.0,2024-01-14T01:50:00+00:00,40.0,0.0,False,"(15,180]",True,False,False,True,accepted,,True
2024-01_reporting.csv:222985,2024-01_reporting.csv:222983,N770JM,2024-01-13,3678,BDL,2024-01-13,3331,ORD,MCI,2024-01-13T20:21:00+00:00,2024-01-13T21:01:00+00:00,40.0,2024-01-13T21:03:00+00:00,42.0,-2.0,False,"(15,180]",True,False,False,True,accepted,,True
2024-01_reporting.csv:222991,2024-01_reporting.csv:222993,N772MR,2024-01-13,3343,CMH,2024-01-13,3839,ORD,OKC,2024-01-13T20:18:00+00:00,2024-01-13T21:19:00+00:00,61.0,2024-01-13T20:33:00+00:00,15.0,46.0,True,"(15,180]",True,False,False,True,accepted,,True
2024-01_reporting.csv:222997,2024-01_reporting.csv:222995,N774JG,2024-01-13,3812,HPN,2024-01-13,3715,ORD,PVD,2024-01-13T21:04:00+00:00,2024-01-13T21:53:00+00:00,49.0,2024-01-13T20:55:00+00:00,-9.0,58.0,True,"(15,180]",True,False,False,True,accepted,,True
2024-01_reporting.csv:223008,2024-01_reporting.csv:223004,N779RN,2024-01-13,3790,EYW,2024-01-13,3377,ORD,FAR,2024-01-14T00:29:00+00:00,2024-01-14T16:33:00+00:00,964.0,2024-01-14T00:47:00+00:00,18.0,946.0,True,>360,True,False,False,True,accepted,,False
2024-01_reporting.csv:223012,2024-01_reporting.csv:223017,N806MD,2024-01-13,3314,PVD,2024-01-13,3479,ORD,MCI,2024-01-13T16:35:00+00:00,2024-01-13T17:16:00+00:00,41.0,2024-01-13T16:05:00+00:00,-30.0,71.0,True,"(15,180]",True,False,False,True,accepted,,True
2024-01_reporting.csv:223016,2024-01_reporting.csv:223014,N806MD,2024-01-13,3479,MCI,2024-01-13,3358,ORD,SYR,2024-01-13T21:45:00+00:00,2024-01-13T23:04:00+00:00,79.0,2024-01-13T21:00:00+00:00,-45.0,124.0,True,"(15,180]",True,False,False,True,accepted,,True
2024-01_reporting.csv:223019,2024-01_reporting.csv:223018,N809MD,2024-01-13,3792,OKC,2024-01-13,3320,ORD,SGF,2024-01-13T22:35:00+00:00,2024-01-13T23:55:00+00:00,80.0,2024-01-13T21:43:00+00:00,-52.0,132.0,True,"(15,180]",True,False,False,True,accepted,,True
2024-01_reporting.csv:223021,2024-01_reporting.csv:223020,N809MD,2024-01-13,4134,SYR,2024-01-13,3792,ORD,OKC,2024-01-13T14:50:00+00:00,2024-01-13T17:00:00+00:00,130.0,2024-01-13T16:15:00+00:00,85.0,45.0,True,"(15,180]",True,False,False,True,accepted,,True
2024-01_reporting.csv:223027,2024-01_reporting.csv:223029,N826MD,2024-01-13,3836,IAH,2024-01-13,3972,ORD,CVG,2024-01-13T21:31:00+00:00,2024-01-13T22:58:00+00:00,87.0,2024-01-13T23:00:00+00:00,89.0,-2.0,False,"(15,180]",True,False,False,True,accepted,,True
2024-01_reporting.csv:223030,2024-01_reporting.csv:223028,N826MD,2024-01-13,4135,ROC,2024-01-13,3836,ORD,IAH,2024-01-13T12:31:00+00:00,2024-01-13T15:02:00+00:00,151.0,2024-01-13T14:37:00+00:00,126.0,25.0,True,"(15,180]",True,False,False,True,accepted,,True
2024-01_reporting.csv:223038,2024-01_reporting.csv:223040,N873RW,2024-01-13,3490,BDL,2024-01-13,4074,ORD,RDU,2024-01-13T16:15:00+00:00,2024-01-13T19:09:00+00:00,174.0,2024-01-13T18:45:00+00:00,150.0,24.0,True,"(15,180]",True,False,False,True,accepted,,True
2024-01_reporting.csv:223041,2024-01_reporting.csv:223039,N873RW,2024-01-13,4074,RDU,2024-01-13,3694,ORD,CMI,2024-01-13T23:48:00+00:00,2024-01-14T02:35:00+00:00,167.0,2024-01-14T00:20:00+00:00,32.0,135.0,True,"(15,180]",True,False,False,True,accepted,,True
2024-01_reporting.csv:238853,2024-01_reporting.csv:238855,N202NN,2024-01-14,3922,BHM,2024-01-14,3972,ORD,CVG,2024-01-14T22:25:00+00:00,2024-01-14T23:45:00+00:00,80.0,2024-01-14T23:37:00+00:00,72.0,8.0,False,"(15,180]",True,False,False,True,accepted,,True
2024-01_reporting.csv:238856,2024-01_reporting.csv:238854,N202NN,2024-01-14,4002,LSE,2024-01-14,3922,ORD,BHM,2024-01-14T17:09:00+00:00,2024-01-14T17:50:00+00:00,41.0,2024-01-14T17:43:00+00:00,34.0,7.0,False,"(15,180]",True,False,False,True,accepted,,True
2024-01_reporting.csv:238934,2024-01_reporting.csv:238935,N218NN,2024-01-14,3741,SDF,2024-01-14,3786,ORD,DSM,2024-01-15T01:15:00+00:00,2024-01-15T02:29:00+00:00,74.0,2024-01-15T01:50:00+00:00,35.0,39.0,True,"(15,180]",True,False,False,True,accepted,,True
2024-01_reporting.csv:239002,2024-01_reporting.csv:239004,N233NN,2024-01-14,3380,ROC,2024-01-14,3382,ORD,BDL,2024-01-14T18:43:00+00:00,2024-01-14T19:40:00+00:00,57.0,2024-01-14T19:18:00+00:00,35.0,22.0,True,"(15,180]",True,False,False,True,accepted,,True
2024-01_reporting.csv:239003,2024-01_reporting.csv:239005,N233NN,2024-01-14,3382,BDL,2024-01-14,3578,ORD,XNA,2024-01-15T00:54:00+00:00,2024-01-15T01:58:00+00:00,64.0,2024-01-15T00:34:00+00:00,-20.0,84.0,True,"(15,180]",True,False,False,True,accepted,,True
2024-01_reporting.csv:239100,2024-01_reporting.csv:239098,N252NN,2024-01-14,3871,BOS,2024-01-14,3664,ORD,CMH,2024-01-15T01:28:00+00:00,2024-01-15T02:19:00+00:00,51.0,2024-01-14T22:45:00+00:00,-163.0,214.0,True,"(15,180]",True,False,False,True,accepted,,True
2024-01_reporting.csv:239101,2024-01_reporting.csv:239104,N253NN,2024-01-14,3418,AUS,2024-01-14,3478,ORD,BDL,2024-01-15T00:02:00+00:00,2024-01-15T01:19:00+00:00,77.0,2024-01-15T00:40:00+00:00,38.0,39.0,True,"(15,180]",True,False,False,True,accepted,,True
2024-01_reporting.csv:239294,2024-01_reporting.csv:239290,N291NN,2024-01-14,4094,CVG,2024-01-14,3322,ORD,AUS,2024-01-14T14:01:00+00:00,2024-01-14T14:48:00+00:00,47.0,2024-01-14T14:48:00+00:00,47.0,0.0,False,"(15,180]",True,False,False,True,accepted,,True
2024-01_reporting.csv:239330,2024-01_reporting.csv:239329,N304KM,2024-01-14,4088,XNA,2024-01-14,3324,ORD,SYR,2024-01-14T14:52:00+00:00,2024-01-15T04:16:00+00:00,804.0,2024-01-15T02:28:00+00:00,696.0,108.0,True,>360,True,False,False,True,accepted,,False
2024-01_reporting.csv:239349,2024-01_reporting.csv:239347,N311VE,2024-01-14,4074,RDU,2024-01-14,3648,ORD,GSO,2024-01-14T23:33:00+00:00,2024-01-15T01:14:00+00:00,101.0,2024-01-15T00:28:00+00:00,55.0,46.0,True,"(15,180]",True,False,False,True,accepted,,True
2024-01_reporting.csv:239350,2024-01_reporting.csv:239348,N311VE,2024-01-14,4174,LEX,2024-01-14,4074,ORD,RDU,2024-01-14T17:16:00+00:00,2024-01-14T18:44:00+00:00,88.0,2024-01-14T18:45:00+00:00,89.0,-1.0,False,"(15,180]",True,False,False,True,accepted,,True
2024-01_reporting.csv:239356,2024-01_reporting.csv:275004,N449YX,2024-01-14,3398,ELP,2024-01-16,3733,ORD,BOS,2024-01-15T01:15:00+00:00,2024-01-16T13:19:00+00:00,2164.0,2024-01-16T13:05:00+00:00,2150.0,14.0,False,>360,True,False,False,True,accepted,,False
2024-01_reporting.csv:239357,2024-01_reporting.csv:239358,N449YX,2024-01-14,3673,GSO,2024-01-14,3877,ORD,ELP,2024-01-14T17:01:00+00:00,2024-01-14T17:50:00+00:00,49.0,2024-01-14T17:54:00+00:00,53.0,-4.0,False,"(15,180]",True,False,False,True,accepted,,True
2024-01_reporting.csv:239373,2024-01_reporting.csv:239372,N635RW,2024-01-14,3790,EYW,2024-01-14,3499,ORD,HPN,2024-01-15T00:30:00+00:00,2024-01-15T01:15:00+00:00,45.0,2024-01-15T00:45:00+00:00,15.0,30.0,True,"(15,180]",True,False,False,True,accepted,,True
2024-01_reporting.csv:239378,2024-01_reporting.csv:239380,N636RW,2024-01-14,3572,CMH,2024-01-14,3839,ORD,OKC,2024-01-14T18:43:00+00:00,2024-01-14T20:34:00+00:00,111.0,2024-01-14T20:13:00+00:00,90.0,21.0,True,"(15,180]",True,False,False,True,accepted,,True
2024-01_reporting.csv:239379,2024-01_reporting.csv:239376,N636RW,2024-01-14,3839,OKC,2024-01-14,3323,ORD,EWR,2024-01-15T01:17:00+00:00,2024-01-15T02:29:00+00:00,72.0,2024-01-15T02:20:00+00:00,63.0,9.0,False,"(15,180]",True,False,False,True,accepted,,True
2024-01_reporting.csv:239391,2024-01_reporting.csv:239392,N643RW,2024-01-14,3744,COU,2024-01-14,3893,ORD,AVP,2024-01-14T20:11:00+00:00,2024-01-14T20:53:00+00:00,42.0,2024-01-14T20:51:00+00:00,40.0,2.0,False,"(15,180]",True,False,False,True,accepted,,True
2024-01_reporting.csv:239394,2024-01_reporting.csv:239397,N760MQ,2024-01-14,3678,BDL,2024-01-14,3770,ORD,ATW,2024-01-14T19:39:00+00:00,2024-01-14T21:33:00+00:00,114.0,2024-01-14T21:00:00+00:00,81.0,33.0,True,"(15,180]",True,False,False,True,accepted,,True
2024-01_reporting.csv:239396,2024-01_reporting.csv:239395,N760MQ,2024-01-14,3770,ATW,2024-01-14,3745,ORD,COU,2024-01-15T00:27:00+00:00,2024-01-15T01:16:00+00:00,49.0,2024-01-15T00:26:00+00:00,-1.0,50.0,True,"(15,180]",True,False,False,True,accepted,,True
2024-01_reporting.csv:239400,2024-01_reporting.csv:239398,N761RW,2024-01-14,3497,STL,2024-01-14,3384,ORD,CMH,2024-01-15T02:45:00+00:00,2024-01-15T04:13:00+00:00,88.0,2024-01-15T02:20:00+00:00,-25.0,113.0,True,"(15,180]",True,False,False,True,accepted,,True
2024-01_reporting.csv:239401,2024-01_reporting.csv:239399,N761RW,2024-01-14,3937,OMA,2024-01-14,3497,ORD,STL,2024-01-14T22:24:00+00:00,2024-01-14T23:25:00+00:00,61.0,2024-01-14T22:21:00+00:00,-3.0,64.0,True,"(15,180]",True,False,False,True,accepted,,True
2024-01_reporting.csv:239402,2024-01_reporting.csv:239405,N762DT,2024-01-14,3319,EWR,2024-01-14,3799,ORD,GRB,2024-01-14T22:46:00+00:00,2024-01-14T23:45:00+00:00,59.0,2024-01-14T22:55:00+00:00,9.0,50.0,True,"(15,180]",True,False,False,True,accepted,,True
2024-01_reporting.csv:239404,2024-01_reporting.csv:239403,N762DT,2024-01-14,3710,GSP,2024-01-14,3374,ORD,EWR,2024-01-14T16:48:00+00:00,2024-01-14T17:33:00+00:00,45.0,2024-01-14T15:50:00+00:00,-58.0,103.0,True,"(15,180]",True,False,False,True,accepted,,True
2024-01_reporting.csv:239407,2024-01_reporting.csv:239406,N762DT,2024-01-14,3876,GRB,2024-01-14,3811,ORD,OMA,2024-01-15T02:48:00+00:00,2024-01-15T03:45:00+00:00,57.0,2024-01-15T02:40:00+00:00,-8.0,65.0,True,"(15,180]",True,False,False,True,accepted,,True
2024-01_reporting.csv:239409,2024-01_reporting.csv:239410,N763CC,2024-01-14,3375,XNA,2024-01-14,3755,ORD,ICT,2024-01-15T03:06:00+00:00,2024-01-15T04:47:00+00:00,101.0,2024-01-15T02:25:00+00:00,-41.0,142.0,True,"(15,180]",True,False,False,True,accepted,,True
2024-01_reporting.csv:239419,2024-01_reporting.csv:239424,N765ST,2024-01-14,3757,ICT,2024-01-14,3955,ORD,CVG,2024-01-14T16:58:00+00:00,2024-01-14T18:05:00+00:00,67.0,2024-01-14T17:50:00+00:00,52.0,15.0,True,"(15,180]",True,False,False,True,accepted,,True
2024-01_reporting.csv:239423,2024-01_reporting.csv:239416,N765ST,2024-01-14,3955,CVG,2024-01-14,3320,ORD,SGF,2024-01-14T20:52:00+00:00,2024-01-14T21:43:00+00:00,51.0,2024-01-14T21:43:00+00:00,51.0,0.0,False,"(15,180]",True,False,False,True,accepted,,True
2024-01_reporting.csv:239431,2024-01_reporting.csv:239435,N768RD,2024-01-14,3452,CMH,2024-01-14,3836,ORD,IAH,2024-01-14T13:52:00+00:00,2024-01-14T14:37:00+00:00,45.0,2024-01-14T14:37:00+00:00,45.0,0.0,False,"(15,180]",True,False,False,True,accepted,,True
2024-01_reporting.csv:239434,2024-01_reporting.csv:239433,N768RD,2024-01-14,3836,IAH,2024-01-14,3775,ORD,BNA,2024-01-14T21:35:00+00:00,2024-01-14T22:19:00+00:00,44.0,2024-01-14T21:52:00+00:00,17.0,27.0,True,"(15,180]",True,False,False,True,accepted,,True
2024-01_reporting.csv:239437,2024-01_reporting.csv:239438,N770JM,2024-01-14,3789,EWR,2024-01-14,4156,ORD,RIC,2024-01-14T20:21:00+00:00,2024-01-14T21:07:00+00:00,46.0,2024-01-14T20:55:00+00:00,34.0,12.0,False,"(15,180]",True,False,False,True,accepted,,True
2024-01_reporting.csv:239439,2024-01_reporting.csv:239436,N770JM,2024-01-14,4156,RIC,2024-01-14,3387,ORD,MCI,2024-01-15T02:21:00+00:00,2024-01-15T03:00:00+00:00,39.0,2024-01-15T02:36:00+00:00,15.0,24.0,True,"(15,180]",True,False,False,True,accepted,,True
2024-01_reporting.csv:239447,2024-01_reporting.csv:239449,N774JG,2024-01-14,3314,PVD,2024-01-14,3808,ORD,HPN,2024-01-14T16:54:00+00:00,2024-01-14T19:20:00+00:00,146.0,2024-01-14T18:54:00+00:00,120.0,26.0,True,"(15,180]",True,False,False,True,accepted,,True
2024-01_reporting.csv:239448,2024-01_reporting.csv:239451,N774JG,2024-01-14,3808,HPN,2024-01-14,4007,ORD,ROC,2024-01-15T00:52:00+00:00,2024-01-15T01:46:00+00:00,54.0,2024-01-15T00:53:00+00:00,1.0,53.0,True,"(15,180]",True,False,False,True,accepted,,True
2024-01_reporting.csv:239452,2024-01_reporting.csv:239454,N778RH,2024-01-14,3479,MCI,2024-01-14,3707,ORD,PIT,2024-01-14T20:12:00+00:00,2024-01-14T23:45:00+00:00,213.0,2024-01-14T20:55:00+00:00,43.0,170.0,True,"(180,360]",True,False,False,True,accepted,,False
2024-01_reporting.csv:239455,2024-01_reporting.csv:239453,N778RH,2024-01-14,3707,PIT,2024-01-14,3694,ORD,CMI,2024-01-15T03:28:00+00:00,2024-01-15T04:33:00+00:00,65.0,2024-01-15T01:24:00+00:00,-124.0,189.0,True,"(15,180]",True,False,False,True,accepted,,True
2024-01_reporting.csv:239456,2024-01_reporting.csv:239459,N779RN,2024-01-14,3513,ROC,2024-01-14,3875,ORD,MSN,2024-01-15T02:57:00+00:00,2024-01-15T04:57:00+00:00,120.0,2024-01-15T02:45:00+00:00,-12.0,132.0,True,"(15,180]",True,False,False,True,accepted,,True
2024-01_reporting.csv:239457,2024-01_reporting.csv:239458,N779RN,2024-01-14,3514,FAR,2024-01-14,3543,ORD,ROC,2024-01-14T20:57:00+00:00,2024-01-14T22:31:00+00:00,94.0,2024-01-14T21:19:00+00:00,22.0,72.0,True,"(15,180]",True,False,False,True,accepted,,True
2024-01_reporting.csv:239464,2024-01_reporting.csv:239462,N806MD,2024-01-14,3715,PVD,2024-01-14,3690,ORD,CVG,2024-01-15T02:43:00+00:00,2024-01-15T04:44:00+00:00,121.0,2024-01-15T02:17:00+00:00,-26.0,147.0,True,"(15,180]",True,False,False,True,accepted,,True
2024-01_reporting.csv:239473,2024-01_reporting.csv:239472,N809MD,2024-01-14,4127,SGF,2024-01-14,3760,ORD,DSM,2024-01-14T19:08:00+00:00,2024-01-14T20:09:00+00:00,61.0,2024-01-14T19:51:00+00:00,43.0,18.0,True,"(15,180]",True,False,False,True,accepted,,True
2024-01_reporting.csv:239482,2024-01_reporting.csv:239483,N826MD,2024-01-14,3358,SYR,2024-01-14,3360,ORD,OKC,2024-01-15T01:00:00+00:00,2024-01-15T03:14:00+00:00,134.0,2024-01-15T02:43:00+00:00,103.0,31.0,True,"(15,180]",True,False,False,True,accepted,,True
2024-01_reporting.csv:239484,2024-01_reporting.csv:239481,N826MD,2024-01-14,3487,CVG,2024-01-14,3358,ORD,SYR,2024-01-14T18:26:00+00:00,2024-01-14T20:39:00+00:00,133.0,2024-01-14T20:27:00+00:00,121.0,12.0,False,"(15,180]",True,False,False,True,accepted,,True
2024-01_reporting.csv:239494,2024-01_reporting.csv:239496,N873RW,2024-01-14,3746,CMI,2024-01-14,3818,ORD,ICT,2024-01-14T18:23:00+00:00,2024-01-14T19:33:00+00:00,70.0,2024-01-14T19:18:00+00:00,55.0,15.0,True,"(15,180]",True,False,False,True,accepted,,True
2024-01_reporting.csv:239495,2024-01_reporting.csv:239492,N873RW,2024-01-14,3818,ICT,2024-01-14,3315,ORD,PVD,2024-01-15T00:04:00+00:00,2024-01-15T00:43:00+00:00,39.0,2024-01-15T00:31:00+00:00,27.0,12.0,False,"(15,180]",True,False,False,True,accepted,,True
2024-01_reporting.csv:257109,2024-01_reporting.csv:257115,N207AN,2024-01-15,3398,ELP,2024-01-15,3818,ORD,ICT,2024-01-15T21:29:00+00:00,2024-01-15T22:07:00+00:00,38.0,2024-01-15T19:18:00+00:00,-131.0,169.0,True,"(15,180]",True,False,False,True,accepted,,True
2024-01_reporting.csv:257110,2024-01_reporting.csv:257116,N207AN,2024-01-15,3609,CMI,2024-01-15,3877,ORD,ELP,2024-01-15T13:20:00+00:00,2024-01-15T14:18:00+00:00,58.0,2024-01-15T14:19:00+00:00,59.0,-1.0,False,"(15,180]",True,False,False,True,accepted,,True
2024-01_reporting.csv:257114,2024-01_reporting.csv:257111,N207AN,2024-01-15,3818,ICT,2024-01-15,3648,ORD,GSO,2024-01-16T02:50:00+00:00,2024-01-16T03:33:00+00:00,43.0,2024-01-16T00:28:00+00:00,-142.0,185.0,True,"(15,180]",True,False,False,True,accepted,,True
2024-01_reporting.csv:257136,2024-01_reporting.csv:257134,N211NN,2024-01-15,4088,XNA,2024-01-15,3733,ORD,BOS,2024-01-15T14:22:00+00:00,2024-01-15T15:46:00+00:00,84.0,2024-01-15T13:05:00+00:00,-77.0,161.0,True,"(15,180]",True,False,False,True,accepted,,True
2024-01_reporting.csv:257154,2024-01_reporting.csv:257159,N218NN,2024-01-15,3742,BHM,2024-01-15,3788,ORD,EWR,2024-01-15T18:46:00+00:00,2024-01-15T20:23:00+00:00,97.0,2024-01-15T19:51:00+00:00,65.0,32.0,True,"(15,180]",True,False,False,True,accepted,,True
2024-01_reporting.csv:257157,2024-01_reporting.csv:257155,N218NN,2024-01-15,3782,DSM,2024-01-15,3742,ORD,BHM,2024-01-15T13:37:00+00:00,2024-01-15T14:27:00+00:00,50.0,2024-01-15T14:15:00+00:00,38.0,12.0,False,"(15,180]",True,False,False,True,accepted,,True
2024-01_reporting.csv:257158,2024-01_reporting.csv:257156,N218NN,2024-01-15,3788,EWR,2024-01-15,3755,ORD,ICT,2024-01-16T02:20:00+00:00,2024-01-16T02:57:00+00:00,37.0,2024-01-16T00:31:00+00:00,-109.0,146.0,True,"(15,180]",True,False,False,True,accepted,,True
2024-01_reporting.csv:257277,2024-01_reporting.csv:257274,N240NN,2024-01-15,3871,BOS,2024-01-15,3664,ORD,CMH,2024-01-15T23:24:00+00:00,2024-01-16T00:24:00+00:00,60.0,2024-01-15T22:45:00+00:00,-39.0,99.0,True,"(15,180]",True,False,False,True,accepted,,True
2024-01_reporting.csv:257293,2024-01_reporting.csv:257296,N244NN,2024-01-15,3418,AUS,2024-01-15,3956,ORD,MSN,2024-01-16T01:23:00+00:00,2024-01-16T02:00:00+00:00,37.0,2024-01-15T23:40:00+00:00,-103.0,140.0,True,"(15,180]",True,False,False,True,accepted,,True
2024-01_reporting.csv:257337,2024-01_reporting.csv:257340,N252NN,2024-01-15,3596,STL,2024-01-15,4074,ORD,RDU,2024-01-15T18:29:00+00:00,2024-01-15T20:02:00+00:00,93.0,2024-01-15T18:45:00+00:00,16.0,77.0,True,"(15,180]",True,False,False,True,accepted,,True
2024-01_reporting.csv:257339,2024-01_reporting.csv:257336,N252NN,2024-01-15,3942,CMH,2024-01-15,3595,ORD,STL,2024-01-15T13:39:00+00:00,2024-01-15T14:32:00+00:00,53.0,2024-01-15T14:14:00+00:00,35.0,18.0,True,"(15,180]",True,False,False,True,accepted,,True
2024-01_reporting.csv:257341,2024-01_reporting.csv:257338,N252NN,2024-01-15,4074,RDU,2024-01-15,3621,ORD,GSP,2024-01-16T01:08:00+00:00,2024-01-16T02:45:00+00:00,97.0,2024-01-16T02:22:00+00:00,74.0,23.0,True,"(15,180]",True,False,False,True,accepted,,True
2024-01_reporting.csv:257343,2024-01_reporting.csv:257346,N253NN,2024-01-15,3514,FAR,2024-01-15,3715,ORD,PVD,2024-01-15T21:26:00+00:00,2024-01-15T23:11:00+00:00,105.0,2024-01-15T20:55:00+00:00,-31.0,136.0,True,"(15,180]",True,False,False,True,accepted,,True
2024-01_reporting.csv:257353,2024-01_reporting.csv:257355,N255NN,2024-01-15,3680,MSY,2024-01-15,3741,ORD,SDF,2024-01-15T21:03:00+00:00,2024-01-15T22:00:00+00:00,57.0,2024-01-15T21:28:00+00:00,25.0,32.0,True,"(15,180]",True,False,False,True,accepted,,True
2024-01_reporting.csv:257356,2024-01_reporting.csv:257352,N255NN,2024-01-15,3741,SDF,2024-01-15,3578,ORD,XNA,2024-01-16T01:09:00+00:00,2024-01-16T01:47:00+00:00,38.0,2024-01-16T00:34:00+00:00,-35.0,73.0,True,"(15,180]",True,False,False,True,accepted,,True
2024-01_reporting.csv:257498,2024-01_reporting.csv:257502,N282NN,2024-01-15,3746,CMI,2024-01-15,4084,ORD,IAH,2024-01-15T20:42:00+00:00,2024-01-15T21:46:00+00:00,64.0,2024-01-15T19:15:00+00:00,-87.0,151.0,True,"(15,180]",True,False,False,True,accepted,,True
2024-01_reporting.csv:257500,2024-01_reporting.csv:257499,N282NN,2024-01-15,3826,CVG,2024-01-15,3747,ORD,CMI,2024-01-15T15:21:00+00:00,2024-01-15T18:17:00+00:00,176.0,2024-01-15T15:55:00+00:00,34.0,142.0,True,"(15,180]",True,False,False,True,accepted,,True
2024-01_reporting.csv:257501,2024-01_reporting.csv:257497,N282NN,2024-01-15,4084,IAH,2024-01-15,3377,ORD,FAR,2024-01-16T04:14:00+00:00,2024-01-16T05:01:00+00:00,47.0,2024-01-16T00:53:00+00:00,-201.0,248.0,True,"(15,180]",True,False,False,True,accepted,,True
2024-01_reporting.csv:257589,2024-01_reporting.csv:257588,N304KM,2024-01-15,3793,FSD,2024-01-15,3358,ORD,SYR,2024-01-15T21:18:00+00:00,2024-01-15T21:58:00+00:00,40.0,2024-01-15T21:00:00+00:00,-18.0,58.0,True,"(15,180]",True,False,False,True,accepted,,True
2024-01_reporting.csv:257591,2024-01_reporting.csv:257590,N304KM,2024-01-15,4134,SYR,2024-01-15,3793,ORD,FSD,2024-01-15T14:44:00+00:00,2024-01-15T17:15:00+00:00,151.0,2024-01-15T16:05:00+00:00,81.0,70.0,True,"(15,180]",True,False,False,True,accepted,,True
2024-01_reporting.csv:257635,2024-01_reporting.csv:275017,N635RW,2024-01-15,3496,HPN,2024-01-16,3812,ORD,HPN,2024-01-15T14:38:00+00:00,2024-01-16T15:10:00+00:00,1472.0,2024-01-16T14:15:00+00:00,1417.0,55.0,True,>360,True,False,False,True,accepted,,False
2024-01_reporting.csv:257637,2024-01_reporting.csv:257640,N636RW,2024-01-15,3392,EWR,2024-01-15,3836,ORD,IAH,2024-01-15T15:24:00+00:00,2024-01-15T16:38:00+00:00,74.0,2024-01-15T15:10:00+00:00,-14.0,88.0,True,"(15,180]",True,False,False,True,accepted,,True
2024-01_reporting.csv:257639,2024-01_reporting.csv:257638,N636RW,2024-01-15,3836,IAH,2024-01-15,3690,ORD,CVG,2024-01-15T23:36:00+00:00,2024-01-16T01:44:00+00:00,128.0,2024-01-16T00:25:00+00:00,49.0,79.0,True,"(15,180]",True,False,False,True,accepted,,True
2024-01_reporting.csv:257641,2024-01_reporting.csv:257643,N637RW,2024-01-15,3744,COU,2024-01-15,3790,ORD,EYW,2024-01-15T15:08:00+00:00,2024-01-15T16:10:00+00:00,62.0,2024-01-15T16:00:00+00:00,52.0,10.0,False,"(15,180]",True,False,False,True,accepted,,True
2024-01_reporting.csv:257642,2024-01_reporting.csv:257646,N637RW,2024-01-15,3790,EYW,2024-01-15,3967,ORD,FSD,2024-01-15T23:08:00+00:00,2024-01-16T00:05:00+00:00,57.0,2024-01-15T21:36:00+00:00,-92.0,149.0,True,"(15,180]",True,False,False,True,accepted,,True
2024-01_reporting.csv:257647,2024-01_reporting.csv:257649,N643RW,2024-01-15,3416,ATL,2024-01-15,3707,ORD,PIT,2024-01-15T18:45:00+00:00,2024-01-15T19:49:00+00:00,64.0,2024-01-15T19:50:00+00:00,65.0,-1.0,False,"(15,180]",True,False,False,True,accepted,,True
2024-01_reporting.csv:257650,2024-01_reporting.csv:275029,N643RW,2024-01-15,3707,PIT,2024-01-16,3416,ORD,ATL,2024-01-15T23:35:00+00:00,2024-01-16T14:38:00+00:00,903.0,2024-01-16T14:18:00+00:00,883.0,20.0,True,>360,True,False,False,True,accepted,,False
2024-01_reporting.csv:257651,2024-01_reporting.csv:257648,N643RW,2024-01-15,3710,GSP,2024-01-15,3416,ORD,ATL,2024-01-15T13:16:00+00:00,2024-01-15T14:17:00+00:00,61.0,2024-01-15T14:18:00+00:00,62.0,-1.0,False,"(15,180]",True,False,False,True,accepted,,True
2024-01_reporting.csv:257653,2024-01_reporting.csv:291834,N644RW,2024-01-15,3845,RDU,2024-01-17,3802,ORD,STL,2024-01-15T22:13:00+00:00,2024-01-17T14:23:00+00:00,2410.0,2024-01-17T14:20:00+00:00,2407.0,3.0,False,>360,True,False,False,True,accepted,,False
2024-01_reporting.csv:257660,2024-01_reporting.csv:257663,N761RW,2024-01-15,3572,CMH,2024-01-15,3922,ORD,MEM,2024-01-15T14:45:00+00:00,2024-01-15T17:33:00+00:00,168.0,2024-01-15T15:50:00+00:00,65.0,103.0,True,"(15,180]",True,False,False,True,accepted,,True
2024-01_reporting.csv:257662,2024-01_reporting.csv:257661,N761RW,2024-01-15,3922,MEM,2024-01-15,3817,ORD,LIT,2024-01-16T01:54:00+00:00,2024-01-16T02:34:00+00:00,40.0,2024-01-15T21:17:00+00:00,-277.0,317.0,True,"(15,180]",True,False,False,True,accepted,,True
2024-01_reporting.csv:257664,2024-01_reporting.csv:257667,N762DT,2024-01-15,3364,OMA,2024-01-15,3812,ORD,HPN,2024-01-15T13:17:00+00:00,2024-01-15T14:59:00+00:00,102.0,2024-01-15T14:15:00+00:00,58.0,44.0,True,"(15,180]",True,False,False,True,accepted,,True
2024-01_reporting.csv:257666,2024-01_reporting.csv:257665,N762DT,2024-01-15,3812,HPN,2024-01-15,3382,ORD,BDL,2024-01-15T20:08:00+00:00,2024-01-15T20:47:00+00:00,39.0,2024-01-15T20:30:00+00:00,22.0,17.0,True,"(15,180]",True,False,False,True,accepted,,True
2024-01_reporting.csv:257678,2024-01_reporting.csv:257680,N765ST,2024-01-15,3789,EWR,2024-01-15,3811,ORD,OMA,2024-01-15T20:11:00+00:00,2024-01-15T21:31:00+00:00,80.0,2024-01-15T21:31:00+00:00,80.0,0.0,False,"(15,180]",True,False,False,True,accepted,,True
2024-01_reporting.csv:257687,2024-01_reporting.csv:257689,N770JM,2024-01-15,3369,MCI,2024-01-15,3679,ORD,BWI,2024-01-15T13:56:00+00:00,2024-01-15T14:59:00+00:00,63.0,2024-01-15T14:35:00+00:00,39.0,24.0,True,"(15,180]",True,False,False,True,accepted,,True
2024-01_reporting.csv:257688,2024-01_reporting.csv:257691,N770JM,2024-01-15,3679,BWI,2024-01-15,3890,ORD,MSP,2024-01-15T20:09:00+00:00,2024-01-15T20:46:00+00:00,37.0,2024-01-15T20:06:00+00:00,-3.0,40.0,True,"(15,180]",True,False,False,True,accepted,,True
2024-01_reporting.csv:257690,2024-01_reporting.csv:257692,N770JM,2024-01-15,3862,MSP,2024-01-15,4007,ORD,ROC,2024-01-16T00:06:00+00:00,2024-01-16T01:04:00+00:00,58.0,2024-01-16T00:53:00+00:00,47.0,11.0,False,"(15,180]",True,False,False,True,accepted,,True
2024-01_reporting.csv:257699,2024-01_reporting.csv:257704,N774JG,2024-01-15,3467,IND,2024-01-15,3972,ORD,CVG,2024-01-16T00:47:00+00:00,2024-01-16T01:26:00+00:00,39.0,2024-01-15T23:00:00+00:00,-107.0,146.0,True,"(15,180]",True,False,False,True,accepted,,True
2024-01_reporting.csv:257702,2024-01_reporting.csv:257700,N774JG,2024-01-15,3932,IND,2024-01-15,3467,ORD,IND,2024-01-15T18:56:00+00:00,2024-01-15T21:34:00+00:00,158.0,2024-01-15T19:26:00+00:00,30.0,128.0,True,"(15,180]",True,False,False,True,accepted,,True
2024-01_reporting.csv:257705,2024-01_reporting.csv:257703,N774JG,2024-01-15,4072,ROC,2024-01-15,3932,ORD,IND,2024-01-15T13:49:00+00:00,2024-01-15T15:43:00+00:00,114.0,2024-01-15T14:36:00+00:00,47.0,67.0,True,"(15,180]",True,False,False,True,accepted,,True
2024-01_reporting.csv:257716,2024-01_reporting.csv:257717,N779RN,2024-01-15,3375,XNA,2024-01-15,3799,ORD,GRB,2024-01-16T01:30:00+00:00,2024-01-16T02:19:00+00:00,49.0,2024-01-15T22:52:00+00:00,-158.0,207.0,True,"(15,180]",True,False,False,True,accepted,,True
2024-01_reporting.csv:257718,2024-01_reporting.csv:257715,N779RN,2024-01-15,3842,MSN,2024-01-15,3375,ORD,XNA,2024-01-15T18:46:00+00:00,2024-01-15T19:31:00+00:00,45.0,2024-01-15T19:29:00+00:00,43.0,2.0,False,"(15,180]",True,False,False,True,accepted,,True
2024-01_reporting.csv:257720,2024-01_reporting.csv:257719,N783LC,2024-01-15,3808,HPN,2024-01-15,3786,ORD,DSM,2024-01-16T01:53:00+00:00,2024-01-16T03:13:00+00:00,80.0,2024-01-16T00:25:00+00:00,-88.0,168.0,True,"(15,180]",True,False,False,True,accepted,,True
2024-01_reporting.csv:257723,2024-01_reporting.csv:257724,N806MD,2024-01-15,3678,BDL,2024-01-15,3839,ORD,OKC,2024-01-15T19:50:00+00:00,2024-01-15T20:44:00+00:00,54.0,2024-01-15T20:39:00+00:00,49.0,5.0,False,"(15,180]",True,False,False,True,accepted,,True
2024-01_reporting.csv:257725,2024-01_reporting.csv:257722,N806MD,2024-01-15,4094,CVG,2024-01-15,3493,ORD,BDL,2024-01-15T13:10:00+00:00,2024-01-15T14:37:00+00:00,87.0,2024-01-15T14:22:00+00:00,72.0,15.0,True,"(15,180]",True,False,False,True,accepted,,True
2024-01_reporting.csv:257727,2024-01_reporting.csv:257726,N809MD,2024-01-15,3410,GRR,2024-01-15,3317,ORD,MCI,2024-01-15T17:34:00+00:00,2024-01-15T19:21:00+00:00,107.0,2024-01-15T17:51:00+00:00,17.0,90.0,True,"(15,180]",True,False,False,True,accepted,,True
2024-01_reporting.csv:257729,2024-01_reporting.csv:257730,N809MD,2024-01-15,3479,MCI,2024-01-15,3945,ORD,MEM,2024-01-15T23:55:00+00:00,2024-01-16T01:24:00+00:00,89.0,2024-01-16T00:20:00+00:00,25.0,64.0,True,"(15,180]",True,False,False,True,accepted,,True
2024-01_reporting.csv:257731,2024-01_reporting.csv:257728,N809MD,2024-01-15,4129,SGF,2024-01-15,3410,ORD,GRR,2024-01-15T13:48:00+00:00,2024-01-15T14:41:00+00:00,53.0,2024-01-15T14:24:00+00:00,36.0,17.0,True,"(15,180]",True,False,False,True,accepted,,True
2024-01_reporting.csv:257735,2024-01_reporting.csv:257732,N821MD,2024-01-15,3497,STL,2024-01-15,3384,ORD,CMH,2024-01-16T02:02:00+00:00,2024-01-16T02:41:00+00:00,39.0,2024-01-16T00:20:00+00:00,-102.0,141.0,True,"(15,180]",True,False,False,True,accepted,,True
2024-01_reporting.csv:257740,2024-01_reporting.csv:257741,N826MD,2024-01-15,3367,OKC,2024-01-15,3380,ORD,ROC,2024-01-15T13:17:00+00:00,2024-01-15T14:50:00+00:00,93.0,2024-01-15T14:19:00+00:00,62.0,31.0,True,"(15,180]",True,False,False,True,accepted,,True
2024-01_reporting.csv:257742,2024-01_reporting.csv:257745,N826MD,2024-01-15,3380,ROC,2024-01-15,3760,ORD,DSM,2024-01-15T19:07:00+00:00,2024-01-15T20:22:00+00:00,75.0,2024-01-15T19:51:00+00:00,44.0,31.0,True,"(15,180]",True,False,False,True,accepted,,True
2024-01_reporting.csv:257744,2024-01_reporting.csv:257743,N826MD,2024-01-15,3760,DSM,2024-01-15,3694,ORD,CMI,2024-01-16T01:16:00+00:00,2024-01-16T01:58:00+00:00,42.0,2024-01-16T00:20:00+00:00,-56.0,98.0,True,"(15,180]",True,False,False,True,accepted,,True
2024-01_reporting.csv:257753,2024-01_reporting.csv:257761,N873RW,2024-01-15,3314,PVD,2024-01-15,3937,ORD,OMA,2024-01-15T15:18:00+00:00,2024-01-15T17:56:00+00:00,158.0,2024-01-15T16:10:00+00:00,52.0,106.0,True,"(15,180]",True,False,False,True,accepted,,True
2024-01_reporting.csv:257758,2024-01_reporting.csv:257754,N873RW,2024-01-15,3833,CID,2024-01-15,3387,ORD,MCI,2024-01-16T02:37:00+00:00,2024-01-16T03:24:00+00:00,47.0,2024-01-16T02:36:00+00:00,-1.0,48.0,True,"(15,180]",True,False,False,True,accepted,,True
2024-01_reporting.csv:257760,2024-01_reporting.csv:257759,N873RW,2024-01-15,3937,OMA,2024-01-15,3833,ORD,CID,2024-01-15T22:26:00+00:00,2024-01-15T23:22:00+00:00,56.0,2024-01-15T20:52:00+00:00,-94.0,150.0,True,"(15,180]",True,False,False,True,accepted,,True
2024-01_reporting.csv:257763,2024-01_reporting.csv:257762,N874RW,2024-01-15,3792,OKC,2024-01-15,3320,ORD,SGF,2024-01-15T20:32:00+00:00,2024-01-15T21:40:00+00:00,68.0,2024-01-15T21:43:00+00:00,71.0,-3.0,False,"(15,180]",True,False,False,True,accepted,,True
2024-01_reporting.csv:274564,2024-01_reporting.csv:274560,N207AN,2024-01-16,3673,GSO,2024-01-16,3322,ORD,AUS,2024-01-16T13:19:00+00:00,2024-01-16T14:53:00+00:00,94.0,2024-01-16T14:35:00+00:00,76.0,18.0,True,"(15,180]",True,False,False,True,accepted,,True
2024-01_reporting.csv:274582,2024-01_reporting.csv:274579,N211NN,2024-01-16,3871,BOS,2024-01-16,3621,ORD,GSP,2024-01-16T23:30:00+00:00,2024-01-17T00:48:00+00:00,78.0,2024-01-17T00:52:00+00:00,82.0,-4.0,False,"(15,180]",True,False,False,True,accepted,,True
2024-01_reporting.csv:274610,2024-01_reporting.csv:274612,N218NN,2024-01-16,3757,ICT,2024-01-16,3793,ORD,FSD,2024-01-16T14:45:00+00:00,2024-01-16T17:43:00+00:00,178.0,2024-01-16T16:10:00+00:00,85.0,93.0,True,"(15,180]",True,False,False,True,accepted,,True
2024-01_reporting.csv:274611,2024-01_reporting.csv:274609,N218NN,2024-01-16,3793,FSD,2024-01-16,3648,ORD,GSO,2024-01-16T22:16:00+00:00,2024-01-17T00:55:00+00:00,159.0,2024-01-17T00:28:00+00:00,132.0,27.0,True,"(15,180]",True,False,False,True,accepted,,True
2024-01_reporting.csv:274705,2024-01_reporting.csv:274708,N240NN,2024-01-16,3398,ELP,2024-01-16,3972,ORD,CVG,2024-01-16T21:42:00+00:00,2024-01-16T22:59:00+00:00,77.0,2024-01-16T23:00:00+00:00,78.0,-1.0,False,"(15,180]",True,False,False,True,accepted,,True
2024-01_reporting.csv:274707,2024-01_reporting.csv:274706,N240NN,2024-01-16,3942,CMH,2024-01-16,3877,ORD,ELP,2024-01-16T13:52:00+00:00,2024-01-16T14:54:00+00:00,62.0,2024-01-16T14:19:00+00:00,27.0,35.0,True,"(15,180]",True,False,False,True,accepted,,True
2024-01_reporting.csv:274721,2024-01_reporting.csv:274724,N244NN,2024-01-16,3792,OKC,2024-01-16,3956,ORD,MSN,2024-01-16T21:21:00+00:00,2024-01-16T23:21:00+00:00,120.0,2024-01-16T22:51:00+00:00,90.0,30.0,True,"(15,180]",True,False,False,True,accepted,,True
2024-01_reporting.csv:274723,2024-01_reporting.csv:274722,N244NN,2024-01-16,3842,MSN,2024-01-16,3792,ORD,OKC,2024-01-16T15:49:00+00:00,2024-01-16T16:28:00+00:00,39.0,2024-01-16T16:15:00+00:00,26.0,13.0,False,"(15,180]",True,False,False,True,accepted,,True
2024-01_reporting.csv:274726,2024-01_reporting.csv:274727,N245NN,2024-01-16,3418,AUS,2024-01-16,3499,ORD,HPN,2024-01-16T23:39:00+00:00,2024-01-17T01:10:00+00:00,91.0,2024-01-17T00:45:00+00:00,66.0,25.0,True,"(15,180]",True,False,False,True,accepted,,True
2024-01_reporting.csv:274762,2024-01_reporting.csv:274765,N253NN,2024-01-16,3314,PVD,2024-01-16,3937,ORD,OMA,2024-01-16T15:51:00+00:00,2024-01-16T16:50:00+00:00,59.0,2024-01-16T16:09:00+00:00,18.0,41.0,True,"(15,180]",True,False,False,True,accepted,,True
2024-01_reporting.csv:274764,2024-01_reporting.csv:274763,N253NN,2024-01-16,3937,OMA,2024-01-16,3320,ORD,SGF,2024-01-16T20:13:00+00:00,2024-01-16T21:43:00+00:00,90.0,2024-01-16T21:43:00+00:00,90.0,0.0,False,"(15,180]",True,False,False,True,accepted,,True
2024-01_reporting.csv:274859,2024-01_reporting.csv:274862,N272NN,2024-01-16,3680,MSY,2024-01-16,3967,ORD,FSD,2024-01-16T19:44:00+00:00,2024-01-16T21:37:00+00:00,113.0,2024-01-16T21:36:00+00:00,112.0,1.0,False,"(15,180]",True,False,False,True,accepted,,True
2024-01_reporting.csv:274907,2024-01_reporting.csv:274911,N282NN,2024-01-16,3723,FAR,2024-01-16,3932,ORD,IND,2024-01-16T13:19:00+00:00,2024-01-16T17:37:00+00:00,258.0,2024-01-16T15:29:00+00:00,130.0,128.0,True,"(180,360]",True,False,False,True,accepted,,False
2024-01_reporting.csv:274910,2024-01_reporting.csv:274909,N282NN,2024-01-16,3932,IND,2024-01-16,3760,ORD,DSM,2024-01-16T20:02:00+00:00,2024-01-16T20:41:00+00:00,39.0,2024-01-16T19:51:00+00:00,-11.0,50.0,True,"(15,180]",True,False,False,True,accepted,,True
2024-01_reporting.csv:274973,2024-01_reporting.csv:274975,N304KM,2024-01-16,3845,RDU,2024-01-16,3931,ORD,MSP,2024-01-16T21:01:00+00:00,2024-01-16T21:40:00+00:00,39.0,2024-01-16T20:51:00+00:00,-10.0,49.0,True,"(15,180]",True,False,False,True,accepted,,True
2024-01_reporting.csv:274974,2024-01_reporting.csv:291773,N304KM,2024-01-16,3931,MSP,2024-01-17,3733,ORD,BOS,2024-01-17T01:03:00+00:00,2024-01-17T13:06:00+00:00,723.0,2024-01-17T13:05:00+00:00,722.0,1.0,False,>360,True,False,False,True,accepted,,False
2024-01_reporting.csv:274976,2024-01_reporting.csv:274972,N304KM,2024-01-16,4134,SYR,2024-01-16,3845,ORD,RDU,2024-01-16T14:39:00+00:00,2024-01-16T16:15:00+00:00,96.0,2024-01-16T16:00:00+00:00,81.0,15.0,True,"(15,180]",True,False,False,True,accepted,,True
2024-01_reporting.csv:275016,2024-01_reporting.csv:275015,N635RW,2024-01-16,3812,HPN,2024-01-16,3715,ORD,PVD,2024-01-16T20:18:00+00:00,2024-01-16T20:59:00+00:00,41.0,2024-01-16T20:55:00+00:00,37.0,4.0,False,"(15,180]",True,False,False,True,accepted,,True
2024-01_reporting.csv:275018,2024-01_reporting.csv:275021,N636RW,2024-01-16,3343,CMH,2024-01-16,4074,ORD,RDU,2024-01-16T17:56:00+00:00,2024-01-16T18:51:00+00:00,55.0,2024-01-16T18:45:00+00:00,49.0,6.0,False,"(15,180]",True,False,False,True,accepted,,True
2024-01_reporting.csv:275022,2024-01_reporting.csv:275020,N636RW,2024-01-16,4074,RDU,2024-01-16,4007,ORD,ROC,2024-01-17T00:01:00+00:00,2024-01-17T00:48:00+00:00,47.0,2024-01-17T00:53:00+00:00,52.0,-5.0,False,"(15,180]",True,False,False,True,accepted,,True
2024-01_reporting.csv:275023,2024-01_reporting.csv:275019,N636RW,2024-01-16,4094,CVG,2024-01-16,3343,ORD,CMH,2024-01-16T13:43:00+00:00,2024-01-16T14:36:00+00:00,53.0,2024-01-16T14:14:00+00:00,31.0,22.0,True,"(15,180]",True,False,False,True,accepted,,True
2024-01_reporting.csv:275024,2024-01_reporting.csv:275027,N637RW,2024-01-16,3679,BWI,2024-01-16,3839,ORD,OKC,2024-01-16T20:14:00+00:00,2024-01-16T20:57:00+00:00,43.0,2024-01-16T20:48:00+00:00,34.0,9.0,False,"(15,180]",True,False,False,True,accepted,,True
2024-01_reporting.csv:275026,2024-01_reporting.csv:275025,N637RW,2024-01-16,3739,FSD,2024-01-16,3679,ORD,BWI,2024-01-16T14:26:00+00:00,2024-01-16T15:07:00+00:00,41.0,2024-01-16T14:35:00+00:00,9.0,32.0,True,"(15,180]",True,False,False,True,accepted,,True
2024-01_reporting.csv:275028,2024-01_reporting.csv:275031,N643RW,2024-01-16,3416,ATL,2024-01-16,3917,ORD,LEX,2024-01-16T19:00:00+00:00,2024-01-16T20:07:00+00:00,67.0,2024-01-16T20:00:00+00:00,60.0,7.0,False,"(15,180]",True,False,False,True,accepted,,True
2024-01_reporting.csv:275030,2024-01_reporting.csv:275032,N643RW,2024-01-16,3917,LEX,2024-01-16,3945,ORD,MEM,2024-01-16T23:14:00+00:00,2024-01-17T00:22:00+00:00,68.0,2024-01-17T00:20:00+00:00,66.0,2.0,False,"(15,180]",True,False,False,True,accepted,,True
2024-01_reporting.csv:275037,2024-01_reporting.csv:275040,N761RW,2024-01-16,3656,LIT,2024-01-16,3936,ORD,MSN,2024-01-16T16:43:00+00:00,2024-01-16T18:47:00+00:00,124.0,2024-01-16T16:09:00+00:00,-34.0,158.0,True,"(15,180]",True,False,False,True,accepted,,True
2024-01_reporting.csv:275039,2024-01_reporting.csv:275038,N761RW,2024-01-16,3936,MSN,2024-01-16,3817,ORD,LIT,2024-01-16T21:51:00+00:00,2024-01-16T22:38:00+00:00,47.0,2024-01-16T21:17:00+00:00,-34.0,81.0,True,"(15,180]",True,False,False,True,accepted,,True
2024-01_reporting.csv:275041,2024-01_reporting.csv:275044,N762DT,2024-01-16,3490,BDL,2024-01-16,3747,ORD,CMI,2024-01-16T15:03:00+00:00,2024-01-16T16:29:00+00:00,86.0,2024-01-16T15:55:00+00:00,52.0,34.0,True,"(15,180]",True,False,False,True,accepted,,True
2024-01_reporting.csv:275043,2024-01_reporting.csv:275046,N762DT,2024-01-16,3746,CMI,2024-01-16,3818,ORD,ICT,2024-01-16T18:50:00+00:00,2024-01-16T19:26:00+00:00,36.0,2024-01-16T19:18:00+00:00,28.0,8.0,False,"(15,180]",True,False,False,True,accepted,,True
2024-01_reporting.csv:275045,2024-01_reporting.csv:275042,N762DT,2024-01-16,3818,ICT,2024-01-16,3694,ORD,CMI,2024-01-16T23:53:00+00:00,2024-01-17T00:41:00+00:00,48.0,2024-01-17T00:20:00+00:00,27.0,21.0,True,"(15,180]",True,False,False,True,accepted,,True
2024-01_reporting.csv:275047,2024-01_reporting.csv:275050,N763CC,2024-01-16,3514,FAR,2024-01-16,3811,ORD,OMA,2024-01-16T23:15:00+00:00,2024-01-17T00:29:00+00:00,74.0,2024-01-17T00:32:00+00:00,77.0,-3.0,False,"(15,180]",True,False,False,True,accepted,,True
2024-01_reporting.csv:275049,2024-01_reporting.csv:275048,N763CC,2024-01-16,3744,COU,2024-01-16,3514,ORD,FAR,2024-01-16T15:48:00+00:00,2024-01-16T18:37:00+00:00,169.0,2024-01-16T15:50:00+00:00,2.0,167.0,True,"(15,180]",True,False,False,True,accepted,,True
2024-01_reporting.csv:275060,2024-01_reporting.csv:275062,N765ST,2024-01-16,3364,OMA,2024-01-16,3479,ORD,MCI,2024-01-16T15:31:00+00:00,2024-01-16T16:10:00+00:00,39.0,2024-01-16T16:05:00+00:00,34.0,5.0,False,"(15,180]",True,False,False,True,accepted,,True
2024-01_reporting.csv:275061,2024-01_reporting.csv:275059,N765ST,2024-01-16,3479,MCI,2024-01-16,3358,ORD,SYR,2024-01-16T21:27:00+00:00,2024-01-16T22:28:00+00:00,61.0,2024-01-16T21:00:00+00:00,-27.0,88.0,True,"(15,180]",True,False,False,True,accepted,,True
2024-01_reporting.csv:275067,2024-01_reporting.csv:275070,N770JM,2024-01-16,3375,XNA,2024-01-16,3690,ORD,CVG,2024-01-16T23:43:00+00:00,2024-01-17T00:54:00+00:00,71.0,2024-01-17T00:35:00+00:00,52.0,19.0,True,"(15,180]",True,False,False,True,accepted,,True
2024-01_reporting.csv:275069,2024-01_reporting.csv:275066,N770JM,2024-01-16,3611,XNA,2024-01-16,3375,ORD,XNA,2024-01-16T18:38:00+00:00,2024-01-16T19:27:00+00:00,49.0,2024-01-16T19:29:00+00:00,51.0,-2.0,False,"(15,180]",True,False,False,True,accepted,,True
2024-01_reporting.csv:275071,2024-01_reporting.csv:275068,N770JM,2024-01-16,4072,ROC,2024-01-16,3581,ORD,XNA,2024-01-16T12:35:00+00:00,2024-01-16T14:09:00+00:00,94.0,2024-01-16T14:14:00+00:00,99.0,-5.0,False,"(15,180]",True,False,False,True,accepted,,True
2024-01_reporting.csv:275074,2024-01_reporting.csv:275073,N771JV,2024-01-16,3609,CMI,2024-01-16,3493,ORD,BDL,2024-01-16T12:56:00+00:00,2024-01-16T14:50:00+00:00,114.0,2024-01-16T14:22:00+00:00,86.0,28.0,True,"(15,180]",True,False,False,True,accepted,,True
2024-01_reporting.csv:275075,2024-01_reporting.csv:275078,N771JV,2024-01-16,3678,BDL,2024-01-16,3833,ORD,CID,2024-01-16T20:16:00+00:00,2024-01-16T20:51:00+00:00,35.0,2024-01-16T20:52:00+00:00,36.0,-1.0,False,"(15,180]",True,False,False,True,accepted,,True
2024-01_reporting.csv:275077,2024-01_reporting.csv:275072,N771JV,2024-01-16,3833,CID,2024-01-16,3377,ORD,FAR,2024-01-17T00:08:00+00:00,2024-01-17T00:43:00+00:00,35.0,2024-01-17T00:47:00+00:00,39.0,-4.0,False,"(15,180]",True,False,False,True,accepted,,True
2024-01_reporting.csv:275085,2024-01_reporting.csv:275087,N774JG,2024-01-16,3826,CVG,2024-01-16,3836,ORD,IAH,2024-01-16T15:42:00+00:00,2024-01-16T17:10:00+00:00,88.0,2024-01-16T16:05:00+00:00,23.0,65.0,True,"(15,180]",True,False,False,True,accepted,,True
2024-01_reporting.csv:275086,2024-01_reporting.csv:275084,N774JG,2024-01-16,3836,IAH,2024-01-16,3799,ORD,GRB,2024-01-16T22:52:00+00:00,2024-01-16T23:53:00+00:00,61.0,2024-01-16T22:52:00+00:00,0.0,61.0,True,"(15,180]",True,False,False,True,accepted,,True
2024-01_reporting.csv:275100,2024-01_reporting.csv:275099,N779RN,2024-01-16,3790,EYW,2024-01-16,3755,ORD,ICT,2024-01-17T00:02:00+00:00,2024-01-17T00:34:00+00:00,32.0,2024-01-17T00:31:00+00:00,29.0,3.0,False,"(15,180]",True,False,False,True,accepted,,True
2024-01_reporting.csv:275102,2024-01_reporting.csv:275101,N779RN,2024-01-16,3815,GRB,2024-01-16,3790,ORD,EYW,2024-01-16T15:37:00+00:00,2024-01-16T16:38:00+00:00,61.0,2024-01-16T16:05:00+00:00,28.0,33.0,True,"(15,180]",True,False,False,True,accepted,,True
2024-01_reporting.csv:275106,2024-01_reporting.csv:275108,N783LC,2024-01-16,3707,PIT,2024-01-16,3786,ORD,DSM,2024-01-16T23:28:00+00:00,2024-01-17T00:24:00+00:00,56.0,2024-01-17T00:25:00+00:00,57.0,-1.0,False,"(15,180]",True,False,False,True,accepted,,True
2024-01_reporting.csv:275107,2024-01_reporting.csv:275105,N783LC,2024-01-16,3782,DSM,2024-01-16,3707,ORD,PIT,2024-01-16T16:50:00+00:00,2024-01-16T19:58:00+00:00,188.0,2024-01-16T19:30:00+00:00,160.0,28.0,True,"(180,360]",True,False,False,True,accepted,,False
2024-01_reporting.csv:275109,2024-01_reporting.csv:275112,N806MD,2024-01-16,3319,EWR,2024-01-16,3745,ORD,COU,2024-01-16T22:03:00+00:00,2024-01-17T00:28:00+00:00,145.0,2024-01-17T00:26:00+00:00,143.0,2.0,False,"(15,180]",True,False,False,True,accepted,,True
2024-01_reporting.csv:275110,2024-01_reporting.csv:275111,N806MD,2024-01-16,3367,OKC,2024-01-16,3374,ORD,EWR,2024-01-16T15:07:00+00:00,2024-01-16T15:50:00+00:00,43.0,2024-01-16T15:50:00+00:00,43.0,0.0,False,"(15,180]",True,False,False,True,accepted,,True
2024-01_reporting.csv:275114,2024-01_reporting.csv:275118,N809MD,2024-01-16,3742,MEM,2024-01-16,3808,ORD,HPN,2024-01-16T18:22:00+00:00,2024-01-16T19:15:00+00:00,53.0,2024-01-16T18:54:00+00:00,32.0,21.0,True,"(15,180]",True,False,False,True,accepted,,True
2024-01_reporting.csv:275117,2024-01_reporting.csv:275113,N809MD,2024-01-16,3808,HPN,2024-01-16,3387,ORD,MCI,2024-01-17T01:22:00+00:00,2024-01-17T02:36:00+00:00,74.0,2024-01-17T02:36:00+00:00,74.0,0.0,False,"(15,180]",True,False,False,True,accepted,,True
2024-01_reporting.csv:275131,2024-01_reporting.csv:275132,N873RW,2024-01-16,3369,MCI,2024-01-16,3380,ORD,ROC,2024-01-16T13:36:00+00:00,2024-01-16T14:53:00+00:00,77.0,2024-01-16T14:19:00+00:00,43.0,34.0,True,"(15,180]",True,False,False,True,accepted,,True
2024-01_reporting.csv:275133,2024-01_reporting.csv:275135,N873RW,2024-01-16,3380,ROC,2024-01-16,3788,ORD,EWR,2024-01-16T19:13:00+00:00,2024-01-16T20:17:00+00:00,64.0,2024-01-16T19:59:00+00:00,46.0,18.0,True,"(15,180]",True,False,False,True,accepted,,True
2024-01_reporting.csv:275134,2024-01_reporting.csv:275130,N873RW,2024-01-16,3788,EWR,2024-01-16,3323,ORD,EWR,2024-01-17T01:52:00+00:00,2024-01-17T02:47:00+00:00,55.0,2024-01-17T02:20:00+00:00,28.0,27.0,True,"(15,180]",True,False,False,True,accepted,,True
2024-01_reporting.csv:275136,2024-01_reporting.csv:275138,N874RW,2024-01-16,3456,GRR,2024-01-16,3664,ORD,CMH,2024-01-16T22:31:00+00:00,2024-01-16T23:20:00+00:00,49.0,2024-01-16T22:45:00+00:00,14.0,35.0,True,"(15,180]",True,False,False,True,accepted,,True
2024-01_reporting.csv:275140,2024-01_reporting.csv:275137,N874RW,2024-01-16,3802,STL,2024-01-16,3456,ORD,GRR,2024-01-16T17:59:00+00:00,2024-01-16T19:33:00+00:00,94.0,2024-01-16T19:32:00+00:00,93.0,1.0,False,"(15,180]",True,False,False,True,accepted,,True
2024-01_reporting.csv:275141,2024-01_reporting.csv:275139,N874RW,2024-01-16,4129,SGF,2024-01-16,3802,ORD,STL,2024-01-16T14:00:00+00:00,2024-01-16T14:40:00+00:00,40.0,2024-01-16T14:20:00+00:00,20.0,20.0,True,"(15,180]",True,False,False,True,accepted,,True
2024-01_reporting.csv:291353,2024-01_reporting.csv:291348,N210NN,2024-01-17,4129,SGF,2024-01-17,3322,ORD,AUS,2024-01-17T13:09:00+00:00,2024-01-17T14:33:00+00:00,84.0,2024-01-17T14:35:00+00:00,86.0,-2.0,False,"(15,180]",True,False,False,True,accepted,,True
2024-01_reporting.csv:291356,2024-01_reporting.csv:291357,N211NN,2024-01-17,3871,BOS,2024-01-17,4007,ORD,ROC,2024-01-17T23:41:00+00:00,2024-01-18T01:06:00+00:00,85.0,2024-01-18T00:53:00+00:00,72.0,13.0,False,"(15,180]",True,False,False,True,accepted,,True
2024-01_reporting.csv:291385,2024-01_reporting.csv:291387,N218NN,2024-01-17,3456,GRR,2024-01-17,3664,ORD,CMH,2024-01-17T22:08:00+00:00,2024-01-17T22:43:00+00:00,35.0,2024-01-17T22:45:00+00:00,37.0,-2.0,False,"(15,180]",True,False,False,True,accepted,,True
2024-01_reporting.csv:291388,2024-01_reporting.csv:291390,N218NN,2024-01-17,3673,GSO,2024-01-17,3936,ORD,MSN,2024-01-17T14:50:00+00:00,2024-01-17T16:07:00+00:00,77.0,2024-01-17T16:09:00+00:00,79.0,-2.0,False,"(15,180]",True,False,False,True,accepted,,True
2024-01_reporting.csv:291389,2024-01_reporting.csv:291386,N218NN,2024-01-17,3936,MSN,2024-01-17,3456,ORD,GRR,2024-01-17T18:24:00+00:00,2024-01-17T19:31:00+00:00,67.0,2024-01-17T19:32:00+00:00,68.0,-1.0,False,"(15,180]",True,False,False,True,accepted,,True
2024-01_reporting.csv:291493,2024-01_reporting.csv:291497,N240NN,2024-01-17,3680,MSY,2024-01-17,3760,ORD,DSM,2024-01-17T21:53:00+00:00,2024-01-17T22:29:00+00:00,36.0,2024-01-17T19:51:00+00:00,-122.0,158.0,True,"(15,180]",True,False,False,True,accepted,,True
2024-01_reporting.csv:291496,2024-01_reporting.csv:291492,N240NN,2024-01-17,3760,DSM,2024-01-17,3621,ORD,GSP,2024-01-18T02:35:00+00:00,2024-01-18T03:18:00+00:00,43.0,2024-01-18T00:52:00+00:00,-103.0,146.0,True,"(15,180]",True,False,False,True,accepted,,True
2024-01_reporting.csv:291498,2024-01_reporting.csv:291494,N240NN,2024-01-17,3826,CVG,2024-01-17,3680,ORD,MSY,2024-01-17T14:59:00+00:00,2024-01-17T16:10:00+00:00,71.0,2024-01-17T16:10:00+00:00,71.0,0.0,False,"(15,180]",True,False,False,True,accepted,,True
2024-01_reporting.csv:291509,2024-01_reporting.csv:291508,N244NN,2024-01-17,3842,MSN,2024-01-17,3836,ORD,IAH,2024-01-17T13:12:00+00:00,2024-01-17T16:05:00+00:00,173.0,2024-01-17T16:05:00+00:00,173.0,0.0,False,"(15,180]",True,False,False,True,accepted,,True
2024-01_reporting.csv:291511,2024-01_reporting.csv:291513,N245NN,2024-01-17,3496,HPN,2024-01-17,3747,ORD,CMI,2024-01-17T15:09:00+00:00,2024-01-17T15:51:00+00:00,42.0,2024-01-17T15:55:00+00:00,46.0,-4.0,False,"(15,180]",True,False,False,True,accepted,,True
2024-01_reporting.csv:291512,2024-01_reporting.csv:291515,N245NN,2024-01-17,3746,CMI,2024-01-17,3818,ORD,ICT,2024-01-17T18:07:00+00:00,2024-01-17T19:15:00+00:00,68.0,2024-01-17T19:18:00+00:00,71.0,-3.0,False,"(15,180]",True,False,False,True,accepted,,True
2024-01_reporting.csv:291514,2024-01_reporting.csv:291516,N245NN,2024-01-17,3818,ICT,2024-01-17,3945,ORD,MEM,2024-01-17T23:26:00+00:00,2024-01-18T00:24:00+00:00,58.0,2024-01-18T00:20:00+00:00,54.0,4.0,False,"(15,180]",True,False,False,True,accepted,,True
2024-01_reporting.csv:291651,2024-01_reporting.csv:291652,N272NN,2024-01-17,3398,ELP,2024-01-17,3497,ORD,STL,2024-01-17T21:29:00+00:00,2024-01-17T22:16:00+00:00,47.0,2024-01-17T20:11:00+00:00,-78.0,125.0,True,"(15,180]",True,False,False,True,accepted,,True
2024-01_reporting.csv:291654,2024-01_reporting.csv:291655,N272NN,2024-01-17,3739,FSD,2024-01-17,3877,ORD,ELP,2024-01-17T13:13:00+00:00,2024-01-17T14:18:00+00:00,65.0,2024-01-17T14:19:00+00:00,66.0,-1.0,False,"(15,180]",True,False,False,True,accepted,,True
2024-01_reporting.csv:291683,2024-01_reporting.csv:291686,N279MQ,2024-01-17,3418,AUS,2024-01-17,3648,ORD,GSO,2024-01-17T23:44:00+00:00,2024-01-18T00:25:00+00:00,41.0,2024-01-18T00:28:00+00:00,44.0,-3.0,False,"(15,180]",True,False,False,True,accepted,,True
2024-01_reporting.csv:291721,2024-01_reporting.csv:291724,N287NN,2024-01-17,3932,IND,2024-01-17,4084,ORD,IAH,2024-01-17T18:03:00+00:00,2024-01-17T19:14:00+00:00,71.0,2024-01-17T19:15:00+00:00,72.0,-1.0,False,"(15,180]",True,False,False,True,accepted,,True
2024-01_reporting.csv:291723,2024-01_reporting.csv:291720,N287NN,2024-01-17,4084,IAH,2024-01-17,3690,ORD,CVG,2024-01-18T01:13:00+00:00,2024-01-18T02:01:00+00:00,48.0,2024-01-18T00:35:00+00:00,-38.0,86.0,True,"(15,180]",True,False,False,True,accepted,,True
2024-01_reporting.csv:291725,2024-01_reporting.csv:291722,N287NN,2024-01-17,4088,XNA,2024-01-17,3932,ORD,IND,2024-01-17T13:07:00+00:00,2024-01-17T15:26:00+00:00,139.0,2024-01-17T15:29:00+00:00,142.0,-3.0,False,"(15,180]",True,False,False,True,accepted,,True
2024-01_reporting.csv:291811,2024-01_reporting.csv:291814,N635RW,2024-01-17,3314,PVD,2024-01-17,3792,ORD,OKC,2024-01-17T14:52:00+00:00,2024-01-17T16:17:00+00:00,85.0,2024-01-17T16:15:00+00:00,83.0,2.0,False,"(15,180]",True,False,False,True,accepted,,True
2024-01_reporting.csv:291813,2024-01_reporting.csv:291812,N635RW,2024-01-17,3792,OKC,2024-01-17,3320,ORD,SGF,2024-01-17T21:20:00+00:00,2024-01-17T21:58:00+00:00,38.0,2024-01-17T21:43:00+00:00,23.0,15.0,True,"(15,180]",True,False,False,True,accepted,,True
2024-01_reporting.csv:291816,2024-01_reporting.csv:291819,N636RW,2024-01-17,3611,XNA,2024-01-17,4074,ORD,RDU,2024-01-17T18:27:00+00:00,2024-01-17T19:17:00+00:00,50.0,2024-01-17T18:45:00+00:00,18.0,32.0,True,"(15,180]",True,False,False,True,accepted,,True
2024-01_reporting.csv:291818,2024-01_reporting.csv:291815,N636RW,2024-01-17,4072,ROC,2024-01-17,3581,ORD,XNA,2024-01-17T12:45:00+00:00,2024-01-17T14:12:00+00:00,87.0,2024-01-17T14:14:00+00:00,89.0,-2.0,False,"(15,180]",True,False,False,True,accepted,,True
2024-01_reporting.csv:291820,2024-01_reporting.csv:291817,N636RW,2024-01-17,4074,RDU,2024-01-17,3786,ORD,DSM,2024-01-18T00:35:00+00:00,2024-01-18T01:18:00+00:00,43.0,2024-01-18T00:25:00+00:00,-10.0,53.0,True,"(15,180]",True,False,False,True,accepted,,True
2024-01_reporting.csv:291821,2024-01_reporting.csv:291826,N637RW,2024-01-17,3367,OKC,2024-01-17,3937,ORD,OMA,2024-01-17T14:54:00+00:00,2024-01-17T16:06:00+00:00,72.0,2024-01-17T16:09:00+00:00,75.0,-3.0,False,"(15,180]",True,False,False,True,accepted,,True
2024-01_reporting.csv:291823,2024-01_reporting.csv:291822,N637RW,2024-01-17,3862,MSP,2024-01-17,3755,ORD,ICT,2024-01-17T23:59:00+00:00,2024-01-18T02:41:00+00:00,162.0,2024-01-18T00:31:00+00:00,32.0,130.0,True,"(15,180]",True,False,False,True,accepted,,True
2024-01_reporting.csv:291825,2024-01_reporting.csv:291824,N637RW,2024-01-17,3937,OMA,2024-01-17,3890,ORD,MSP,2024-01-17T19:59:00+00:00,2024-01-17T20:39:00+00:00,40.0,2024-01-17T20:37:00+00:00,38.0,2.0,False,"(15,180]",True,False,False,True,accepted,,True
2024-01_reporting.csv:291828,2024-01_reporting.csv:291830,N643RW,2024-01-17,3742,MEM,2024-01-17,3808,ORD,HPN,2024-01-17T17:55:00+00:00,2024-01-17T18:53:00+00:00,58.0,2024-01-17T18:54:00+00:00,59.0,-1.0,False,"(15,180]",True,False,False,True,accepted,,True
2024-01_reporting.csv:291829,2024-01_reporting.csv:291827,N643RW,2024-01-17,3808,HPN,2024-01-17,3377,ORD,FAR,2024-01-18T00:03:00+00:00,2024-01-18T00:46:00+00:00,43.0,2024-01-18T00:47:00+00:00,44.0,-1.0,False,"(15,180]",True,False,False,True,accepted,,True
2024-01_reporting.csv:291832,2024-01_reporting.csv:291833,N644RW,2024-01-17,3707,PIT,2024-01-17,3745,ORD,COU,2024-01-17T23:06:00+00:00,2024-01-18T00:20:00+00:00,74.0,2024-01-18T00:26:00+00:00,80.0,-6.0,False,"(15,180]",True,False,False,True,accepted,,True
2024-01_reporting.csv:291835,2024-01_reporting.csv:291831,N644RW,2024-01-17,3802,STL,2024-01-17,3707,ORD,PIT,2024-01-17T17:45:00+00:00,2024-01-17T19:24:00+00:00,99.0,2024-01-17T19:26:00+00:00,101.0,-2.0,False,"(15,180]",True,False,False,True,accepted,,True
2024-01_reporting.csv:291839,2024-01_reporting.csv:291841,N761RW,2024-01-17,3656,LIT,2024-01-17,3812,ORD,HPN,2024-01-17T13:50:00+00:00,2024-01-17T14:37:00+00:00,47.0,2024-01-17T14:15:00+00:00,25.0,22.0,True,"(15,180]",True,False,False,True,accepted,,True
2024-01_reporting.csv:291840,2024-01_reporting.csv:291838,N761RW,2024-01-17,3812,HPN,2024-01-17,3382,ORD,BDL,2024-01-17T20:12:00+00:00,2024-01-17T20:56:00+00:00,44.0,2024-01-17T20:27:00+00:00,15.0,29.0,True,"(15,180]",True,False,False,True,accepted,,True
2024-01_reporting.csv:291843,2024-01_reporting.csv:291845,N762DT,2024-01-17,3609,CMI,2024-01-17,3679,ORD,BWI,2024-01-17T12:56:00+00:00,2024-01-17T14:58:00+00:00,122.0,2024-01-17T14:35:00+00:00,99.0,23.0,True,"(15,180]",True,False,False,True,accepted,,True
2024-01_reporting.csv:291844,2024-01_reporting.csv:291847,N762DT,2024-01-17,3679,BWI,2024-01-17,3788,ORD,EWR,2024-01-17T19:46:00+00:00,2024-01-17T20:26:00+00:00,40.0,2024-01-17T19:57:00+00:00,11.0,29.0,True,"(15,180]",True,False,False,True,accepted,,True
2024-01_reporting.csv:291846,2024-01_reporting.csv:291842,N762DT,2024-01-17,3788,EWR,2024-01-17,3323,ORD,EWR,2024-01-18T01:33:00+00:00,2024-01-18T02:19:00+00:00,46.0,2024-01-18T02:20:00+00:00,47.0,-1.0,False,"(15,180]",True,False,False,True,accepted,,True
2024-01_reporting.csv:291848,2024-01_reporting.csv:291850,N763CC,2024-01-17,3364,OMA,2024-01-17,3479,ORD,MCI,2024-01-17T15:08:00+00:00,2024-01-17T16:01:00+00:00,53.0,2024-01-17T16:05:00+00:00,57.0,-4.0,False,"(15,180]",True,False,False,True,accepted,,True
2024-01_reporting.csv:291849,2024-01_reporting.csv:291851,N763CC,2024-01-17,3479,MCI,2024-01-17,3839,ORD,OKC,2024-01-17T19:32:00+00:00,2024-01-17T20:43:00+00:00,71.0,2024-01-17T20:48:00+00:00,76.0,-5.0,False,"(15,180]",True,False,False,True,accepted,,True
2024-01_reporting.csv:291859,2024-01_reporting.csv:291860,N765ST,2024-01-17,3845,RDU,2024-01-17,3967,ORD,FSD,2024-01-17T20:46:00+00:00,2024-01-17T22:00:00+00:00,74.0,2024-01-17T21:36:00+00:00,50.0,24.0,True,"(15,180]",True,False,False,True,accepted,,True
2024-01_reporting.csv:291861,2024-01_reporting.csv:291858,N765ST,2024-01-17,4134,SYR,2024-01-17,3845,ORD,RDU,2024-01-17T15:04:00+00:00,2024-01-17T15:59:00+00:00,55.0,2024-01-17T16:00:00+00:00,56.0,-1.0,False,"(15,180]",True,False,False,True,accepted,,True
2024-01_reporting.csv:291867,2024-01_reporting.csv:291869,N768RD,2024-01-17,3416,ATL,2024-01-17,3499,ORD,HPN,2024-01-17T22:22:00+00:00,2024-01-18T00:43:00+00:00,141.0,2024-01-18T00:45:00+00:00,143.0,-2.0,False,"(15,180]",True,False,False,True,accepted,,True
2024-01_reporting.csv:291870,2024-01_reporting.csv:291874,N769KW,2024-01-17,3343,CMH,2024-01-17,3467,ORD,IND,2024-01-17T17:19:00+00:00,2024-01-17T19:22:00+00:00,123.0,2024-01-17T19:26:00+00:00,127.0,-4.0,False,"(15,180]",True,False,False,True,accepted,,True
2024-01_reporting.csv:291873,2024-01_reporting.csv:291875,N769KW,2024-01-17,3467,IND,2024-01-17,3799,ORD,GRB,2024-01-17T22:00:00+00:00,2024-01-17T22:57:00+00:00,57.0,2024-01-17T22:52:00+00:00,52.0,5.0,False,"(15,180]",True,False,False,True,accepted,,True
2024-01_reporting.csv:291876,2024-01_reporting.csv:291872,N769KW,2024-01-17,3815,GRB,2024-01-17,3387,ORD,MCI,2024-01-18T02:38:00+00:00,2024-01-18T03:28:00+00:00,50.0,2024-01-18T02:36:00+00:00,-2.0,52.0,True,"(15,180]",True,False,False,True,accepted,,True
2024-01_reporting.csv:291878,2024-01_reporting.csv:291881,N770JM,2024-01-17,3678,BDL,2024-01-17,3833,ORD,CID,2024-01-17T20:07:00+00:00,2024-01-17T21:03:00+00:00,56.0,2024-01-17T20:52:00+00:00,45.0,11.0,False,"(15,180]",True,False,False,True,accepted,,True
2024-01_reporting.csv:291880,2024-01_reporting.csv:291879,N770JM,2024-01-17,3833,CID,2024-01-17,3811,ORD,OMA,2024-01-17T23:42:00+00:00,2024-01-18T00:32:00+00:00,50.0,2024-01-18T00:32:00+00:00,50.0,0.0,False,"(15,180]",True,False,False,True,accepted,,True
2024-01_reporting.csv:291882,2024-01_reporting.csv:291877,N770JM,2024-01-17,4094,CVG,2024-01-17,3493,ORD,BDL,2024-01-17T13:38:00+00:00,2024-01-17T14:29:00+00:00,51.0,2024-01-17T14:22:00+00:00,44.0,7.0,False,"(15,180]",True,False,False,True,accepted,,True
2024-01_reporting.csv:291883,2024-01_reporting.csv:309747,N771JV,2024-01-17,3723,FAR,2024-01-18,3343,ORD,CMH,2024-01-17T12:51:00+00:00,2024-01-18T14:10:00+00:00,1519.0,2024-01-18T14:14:00+00:00,1523.0,-4.0,False,>360,True,False,False,True,accepted,,False
2024-01_reporting.csv:291901,2024-01_reporting.csv:291903,N779RN,2024-01-17,3757,ICT,2024-01-17,3790,ORD,EYW,2024-01-17T14:45:00+00:00,2024-01-17T15:59:00+00:00,74.0,2024-01-17T16:05:00+00:00,80.0,-6.0,False,"(15,180]",True,False,False,True,accepted,,True
2024-01_reporting.csv:291902,2024-01_reporting.csv:291900,N779RN,2024-01-17,3790,EYW,2024-01-17,3694,ORD,CMI,2024-01-17T23:39:00+00:00,2024-01-18T00:18:00+00:00,39.0,2024-01-18T00:20:00+00:00,41.0,-2.0,False,"(15,180]",True,False,False,True,accepted,,True
2024-01_reporting.csv:291905,2024-01_reporting.csv:291907,N783LC,2024-01-17,3782,DSM,2024-01-17,3922,ORD,BHM,2024-01-17T15:00:00+00:00,2024-01-17T16:03:00+00:00,63.0,2024-01-17T15:50:00+00:00,50.0,13.0,False,"(15,180]",True,False,False,True,accepted,,True
2024-01_reporting.csv:291906,2024-01_reporting.csv:291904,N783LC,2024-01-17,3922,BHM,2024-01-17,3715,ORD,PVD,2024-01-17T20:19:00+00:00,2024-01-17T21:05:00+00:00,46.0,2024-01-17T20:55:00+00:00,36.0,10.0,False,"(15,180]",True,False,False,True,accepted,,True
2024-01_reporting.csv:291914,2024-01_reporting.csv:291917,N809MD,2024-01-17,3369,MCI,2024-01-17,3380,ORD,ROC,2024-01-17T13:25:00+00:00,2024-01-17T14:17:00+00:00,52.0,2024-01-17T14:19:00+00:00,54.0,-2.0,False,"(15,180]",True,False,False,True,accepted,,True
2024-01_reporting.csv:291916,2024-01_reporting.csv:291919,N809MD,2024-01-17,3375,XNA,2024-01-17,3578,ORD,XNA,2024-01-17T23:47:00+00:00,2024-01-18T00:30:00+00:00,43.0,2024-01-18T00:34:00+00:00,47.0,-4.0,False,"(15,180]",True,False,False,True,accepted,,True
2024-01_reporting.csv:291918,2024-01_reporting.csv:291915,N809MD,2024-01-17,3380,ROC,2024-01-17,3375,ORD,XNA,2024-01-17T18:21:00+00:00,2024-01-17T19:25:00+00:00,64.0,2024-01-17T19:30:00+00:00,69.0,-5.0,False,"(15,180]",True,False,False,True,accepted,,True
2024-01_reporting.csv:291920,2024-01_reporting.csv:291922,N821MD,2024-01-17,3572,CMH,2024-01-17,3793,ORD,FSD,2024-01-17T15:41:00+00:00,2024-01-17T16:22:00+00:00,41.0,2024-01-17T16:10:00+00:00,29.0,12.0,False,"(15,180]",True,False,False,True,accepted,,True
2024-01_reporting.csv:291921,2024-01_reporting.csv:309800,N821MD,2024-01-17,3793,FSD,2024-01-18,3581,ORD,XNA,2024-01-18T00:00:00+00:00,2024-01-18T15:06:00+00:00,906.0,2024-01-18T14:14:00+00:00,854.0,52.0,True,>360,True,False,False,True,accepted,,False
2024-01_reporting.csv:291923,2024-01_reporting.csv:291926,N868RW,2024-01-17,3514,FAR,2024-01-17,3817,ORD,LIT,2024-01-18T00:03:00+00:00,2024-01-18T00:46:00+00:00,43.0,2024-01-17T21:17:00+00:00,-166.0,209.0,True,"(15,180]",True,False,False,True,accepted,,True
2024-01_reporting.csv:291925,2024-01_reporting.csv:291924,N868RW,2024-01-17,3744,COU,2024-01-17,3514,ORD,FAR,2024-01-17T14:44:00+00:00,2024-01-17T17:47:00+00:00,183.0,2024-01-17T15:50:00+00:00,66.0,117.0,True,"(180,360]",True,False,False,True,accepted,,False
2024-01_reporting.csv:291927,2024-01_reporting.csv:291931,N873RW,2024-01-17,3319,EWR,2024-01-17,3972,ORD,CVG,2024-01-17T21:10:00+00:00,2024-01-17T22:56:00+00:00,106.0,2024-01-17T23:00:00+00:00,110.0,-4.0,False,"(15,180]",True,False,False,True,accepted,,True
2024-01_reporting.csv:291929,2024-01_reporting.csv:291928,N873RW,2024-01-17,3392,EWR,2024-01-17,3374,ORD,EWR,2024-01-17T15:29:00+00:00,2024-01-17T16:02:00+00:00,33.0,2024-01-17T15:50:00+00:00,21.0,12.0,False,"(15,180]",True,False,False,True,accepted,,True
2024-01_reporting.csv:291933,2024-01_reporting.csv:291932,N874RW,2024-01-17,3789,EWR,2024-01-17,3358,ORD,SYR,2024-01-17T19:59:00+00:00,2024-01-17T20:57:00+00:00,58.0,2024-01-17T21:00:00+00:00,61.0,-3.0,False,"(15,180]",True,False,False,True,accepted,,True
2024-01_reporting.csv:291935,2024-01_reporting.csv:291934,N874RW,2024-01-17,3942,CMH,2024-01-17,3789,ORD,EWR,2024-01-17T13:19:00+00:00,2024-01-17T14:33:00+00:00,74.0,2024-01-17T14:30:00+00:00,71.0,3.0,False,"(15,180]",True,False,False,True,accepted,,True
2024-01_reporting.csv:309169,2024-01_reporting.csv:309167,N211NN,2024-01-18,4072,ROC,2024-01-18,3733,ORD,BOS,2024-01-18T12:42:00+00:00,2024-01-18T13:21:00+00:00,39.0,2024-01-18T13:05:00+00:00,23.0,16.0,True,"(15,180]",True,False,False,True,accepted,,True
2024-01_reporting.csv:309235,2024-01_reporting.csv:309236,N225NN,2024-01-18,3673,GSO,2024-01-18,4074,ORD,RDU,2024-01-18T13:33:00+00:00,2024-01-18T18:54:00+00:00,321.0,2024-01-18T18:45:00+00:00,312.0,9.0,False,"(180,360]",True,False,False,True,accepted,,False
2024-01_reporting.csv:309237,2024-01_reporting.csv:309234,N225NN,2024-01-18,4074,RDU,2024-01-18,3377,ORD,FAR,2024-01-18T23:35:00+00:00,2024-01-19T03:19:00+00:00,224.0,2024-01-19T03:20:00+00:00,225.0,-1.0,False,"(180,360]",True,False,False,True,accepted,,False
2024-01_reporting.csv:309318,2024-01_reporting.csv:309322,N240NN,2024-01-18,3680,MSY,2024-01-18,3769,ORD,ATL,2024-01-18T20:03:00+00:00,2024-01-18T20:52:00+00:00,49.0,2024-01-18T20:53:00+00:00,50.0,-1.0,False,"(15,180]",True,False,False,True,accepted,,True
2024-01_reporting.csv:309320,2024-01_reporting.csv:309319,N240NN,2024-01-18,3710,GSP,2024-01-18,3680,ORD,MSY,2024-01-18T13:24:00+00:00,2024-01-18T14:39:00+00:00,75.0,2024-01-18T14:30:00+00:00,66.0,9.0,False,"(15,180]",True,False,False,True,accepted,,True
2024-01_reporting.csv:309321,2024-01_reporting.csv:309323,N240NN,2024-01-18,3769,ATL,2024-01-18,3786,ORD,DSM,2024-01-19T01:08:00+00:00,2024-01-19T01:48:00+00:00,40.0,2024-01-19T01:50:00+00:00,42.0,-2.0,False,"(15,180]",True,False,False,True,accepted,,True
2024-01_reporting.csv:309339,2024-01_reporting.csv:309340,N244NN,2024-01-18,3398,ELP,2024-01-18,3648,ORD,GSO,2024-01-18T21:13:00+00:00,2024-01-19T00:23:00+00:00,190.0,2024-01-19T00:28:00+00:00,195.0,-5.0,False,"(180,360]",True,False,False,True,accepted,,False
2024-01_reporting.csv:309341,2024-01_reporting.csv:309342,N244NN,2024-01-18,3842,MSN,2024-01-18,3877,ORD,ELP,2024-01-18T13:09:00+00:00,2024-01-18T14:17:00+00:00,68.0,2024-01-18T14:19:00+00:00,70.0,-2.0,False,"(15,180]",True,False,False,True,accepted,,True
2024-01_reporting.csv:309343,2024-01_reporting.csv:309345,N245NN,2024-01-18,3742,MEM,2024-01-18,3839,ORD,OKC,2024-01-18T19:10:00+00:00,2024-01-18T20:10:00+00:00,60.0,2024-01-18T20:13:00+00:00,63.0,-3.0,False,"(15,180]",True,False,False,True,accepted,,True
2024-01_reporting.csv:309344,2024-01_reporting.csv:309346,N245NN,2024-01-18,3839,OKC,2024-01-18,3945,ORD,MEM,2024-01-19T01:04:00+00:00,2024-01-19T02:30:00+00:00,86.0,2024-01-19T02:31:00+00:00,87.0,-1.0,False,"(15,180]",True,False,False,True,accepted,,True
2024-01_reporting.csv:309403,2024-01_reporting.csv:309402,N257NN,2024-01-18,3418,AUS,2024-01-18,3315,ORD,PVD,2024-01-18T23:23:00+00:00,2024-01-19T00:28:00+00:00,65.0,2024-01-19T00:31:00+00:00,68.0,-3.0,False,"(15,180]",True,False,False,True,accepted,,True
2024-01_reporting.csv:309413,2024-01_reporting.csv:309415,N259NN,2024-01-18,3934,BNA,2024-01-18,4084,ORD,IAH,2024-01-18T18:11:00+00:00,2024-01-18T19:13:00+00:00,62.0,2024-01-18T19:15:00+00:00,64.0,-2.0,False,"(15,180]",True,False,False,True,accepted,,True
2024-01_reporting.csv:309414,2024-01_reporting.csv:309411,N259NN,2024-01-18,4084,IAH,2024-01-18,3755,ORD,ICT,2024-01-19T01:10:00+00:00,2024-01-19T02:22:00+00:00,72.0,2024-01-19T02:25:00+00:00,75.0,-3.0,False,"(15,180]",True,False,False,True,accepted,,True
2024-01_reporting.csv:309483,2024-01_reporting.csv:309480,N271NN,2024-01-18,3942,CMH,2024-01-18,3322,ORD,AUS,2024-01-18T13:28:00+00:00,2024-01-18T14:34:00+00:00,66.0,2024-01-18T14:35:00+00:00,67.0,-1.0,False,"(15,180]",True,False,False,True,accepted,,True
2024-01_reporting.csv:309487,2024-01_reporting.csv:309484,N272NN,2024-01-18,3871,BOS,2024-01-18,3578,ORD,XNA,2024-01-18T23:40:00+00:00,2024-01-19T00:38:00+00:00,58.0,2024-01-19T00:35:00+00:00,55.0,3.0,False,"(15,180]",True,False,False,True,accepted,,True
2024-01_reporting.csv:309567,2024-01_reporting.csv:309565,N287NN,2024-01-18,4094,CVG,2024-01-18,3851,ORD,BNA,2024-01-18T13:27:00+00:00,2024-01-18T14:59:00+00:00,92.0,2024-01-18T14:35:00+00:00,68.0,24.0,True,"(15,180]",True,False,False,True,accepted,,True
2024-01_reporting.csv:309580,2024-01_reporting.csv:309584,N290NN,2024-01-18,3497,STL,2024-01-18,3621,ORD,GSP,2024-01-19T01:26:00+00:00,2024-01-19T02:17:00+00:00,51.0,2024-01-19T02:22:00+00:00,56.0,-5.0,False,"(15,180]",True,False,False,True,accepted,,True
2024-01_reporting.csv:309581,2024-01_reporting.csv:309579,N290NN,2024-01-18,3514,FAR,2024-01-18,3497,ORD,STL,2024-01-18T21:11:00+00:00,2024-01-18T22:20:00+00:00,69.0,2024-01-18T22:21:00+00:00,70.0,-1.0,False,"(15,180]",True,False,False,True,accepted,,True
2024-01_reporting.csv:309583,2024-01_reporting.csv:309582,N290NN,2024-01-18,3572,CMH,2024-01-18,3514,ORD,FAR,2024-01-18T15:11:00+00:00,2024-01-18T16:56:00+00:00,105.0,2024-01-18T15:50:00+00:00,39.0,66.0,True,"(15,180]",True,False,False,True,accepted,,True
2024-01_reporting.csv:309668,2024-01_reporting.csv:309670,N635RW,2024-01-18,3380,ROC,2024-01-18,3715,ORD,PVD,2024-01-18T18:46:00+00:00,2024-01-18T19:48:00+00:00,62.0,2024-01-18T19:50:00+00:00,64.0,-2.0,False,"(15,180]",True,False,False,True,accepted,,True
2024-01_reporting.csv:309671,2024-01_reporting.csv:309669,N635RW,2024-01-18,3715,PVD,2024-01-18,3384,ORD,CMH,2024-01-19T01:15:00+00:00,2024-01-19T02:19:00+00:00,64.0,2024-01-19T02:20:00+00:00,65.0,-1.0,False,"(15,180]",True,False,False,True,accepted,,True
2024-01_reporting.csv:309672,2024-01_reporting.csv:309667,N635RW,2024-01-18,4129,SGF,2024-01-18,3380,ORD,ROC,2024-01-18T12:46:00+00:00,2024-01-18T14:18:00+00:00,92.0,2024-01-18T14:19:00+00:00,93.0,-1.0,False,"(15,180]",True,False,False,True,accepted,,True
2024-01_reporting.csv:309674,2024-01_reporting.csv:309678,N636RW,2024-01-18,3782,DSM,2024-01-18,3936,ORD,MSN,2024-01-18T15:18:00+00:00,2024-01-18T16:30:00+00:00,72.0,2024-01-18T16:10:00+00:00,52.0,20.0,True,"(15,180]",True,False,False,True,accepted,,True
2024-01_reporting.csv:309675,2024-01_reporting.csv:309673,N636RW,2024-01-18,3818,ICT,2024-01-18,3499,ORD,HPN,2024-01-18T23:44:00+00:00,2024-01-19T00:41:00+00:00,57.0,2024-01-19T00:45:00+00:00,61.0,-4.0,False,"(15,180]",True,False,False,True,accepted,,True
2024-01_reporting.csv:309677,2024-01_reporting.csv:309676,N636RW,2024-01-18,3936,MSN,2024-01-18,3818,ORD,ICT,2024-01-18T18:56:00+00:00,2024-01-18T19:36:00+00:00,40.0,2024-01-18T19:18:00+00:00,22.0,18.0,True,"(15,180]",True,False,False,True,accepted,,True
2024-01_reporting.csv:309679,2024-01_reporting.csv:309682,N637RW,2024-01-18,3319,EWR,2024-01-18,3878,ORD,GRB,2024-01-18T21:38:00+00:00,2024-01-19T03:32:00+00:00,354.0,2024-01-19T03:35:00+00:00,357.0,-3.0,False,"(180,360]",True,False,False,True,accepted,,False
2024-01_reporting.csv:309681,2024-01_reporting.csv:309680,N637RW,2024-01-18,3757,ICT,2024-01-18,3374,ORD,EWR,2024-01-18T14:46:00+00:00,2024-01-18T16:20:00+00:00,94.0,2024-01-18T15:50:00+00:00,64.0,30.0,True,"(15,180]",True,False,False,True,accepted,,True
2024-01_reporting.csv:309684,2024-01_reporting.csv:309688,N643RW,2024-01-18,3416,ATL,2024-01-18,3788,ORD,EWR,2024-01-18T19:03:00+00:00,2024-01-18T20:01:00+00:00,58.0,2024-01-18T19:57:00+00:00,54.0,4.0,False,"(15,180]",True,False,False,True,accepted,,True
2024-01_reporting.csv:309686,2024-01_reporting.csv:309685,N643RW,2024-01-18,3723,FAR,2024-01-18,3416,ORD,ATL,2024-01-18T13:21:00+00:00,2024-01-18T14:18:00+00:00,57.0,2024-01-18T14:18:00+00:00,57.0,0.0,False,"(15,180]",True,False,False,True,accepted,,True
2024-01_reporting.csv:309687,2024-01_reporting.csv:309683,N643RW,2024-01-18,3788,EWR,2024-01-18,3324,ORD,SYR,2024-01-19T01:24:00+00:00,2024-01-19T02:28:00+00:00,64.0,2024-01-19T02:24:00+00:00,60.0,4.0,False,"(15,180]",True,False,False,True,accepted,,True
2024-01_reporting.csv:309690,2024-01_reporting.csv:309692,N644RW,2024-01-18,3707,PIT,2024-01-18,3750,ORD,FSD,2024-01-19T00:53:00+00:00,2024-01-19T03:43:00+00:00,170.0,2024-01-19T03:40:00+00:00,167.0,3.0,False,"(15,180]",True,False,False,True,accepted,,True
2024-01_reporting.csv:309691,2024-01_reporting.csv:309689,N644RW,2024-01-18,3744,COU,2024-01-18,3707,ORD,PIT,2024-01-18T14:43:00+00:00,2024-01-18T20:54:00+00:00,371.0,2024-01-18T20:55:00+00:00,372.0,-1.0,False,>360,True,False,False,True,accepted,,False
2024-01_reporting.csv:309696,2024-01_reporting.csv:309701,N761RW,2024-01-18,3382,BDL,2024-01-18,4007,ORD,ROC,2024-01-19T00:53:00+00:00,2024-01-19T01:34:00+00:00,41.0,2024-01-19T01:25:00+00:00,32.0,9.0,False,"(15,180]",True,False,False,True,accepted,,True
2024-01_reporting.csv:309698,2024-01_reporting.csv:309700,N761RW,2024-01-18,3490,BDL,2024-01-18,3747,ORD,CMI,2024-01-18T15:43:00+00:00,2024-01-18T16:09:00+00:00,26.0,2024-01-18T15:55:00+00:00,12.0,14.0,False,"(15,180]",True,False,False,True,accepted,,True
2024-01_reporting.csv:309699,2024-01_reporting.csv:309697,N761RW,2024-01-18,3746,CMI,2024-01-18,3382,ORD,BDL,2024-01-18T18:49:00+00:00,2024-01-18T19:34:00+00:00,45.0,2024-01-18T19:19:00+00:00,30.0,15.0,True,"(15,180]",True,False,False,True,accepted,,True
2024-01_reporting.csv:309702,2024-01_reporting.csv:309707,N762DT,2024-01-18,3392,EWR,2024-01-18,3922,ORD,BHM,2024-01-18T15:28:00+00:00,2024-01-18T15:59:00+00:00,31.0,2024-01-18T15:50:00+00:00,22.0,9.0,False,"(15,180]",True,False,False,True,accepted,,True
2024-01_reporting.csv:309703,2024-01_reporting.csv:309704,N762DT,2024-01-18,3669,AVP,2024-01-18,3811,ORD,OMA,2024-01-19T01:12:00+00:00,2024-01-19T02:38:00+00:00,86.0,2024-01-19T02:40:00+00:00,88.0,-2.0,False,"(15,180]",True,False,False,True,accepted,,True
2024-01_reporting.csv:309706,2024-01_reporting.csv:309705,N762DT,2024-01-18,3922,BHM,2024-01-18,3893,ORD,AVP,2024-01-18T20:09:00+00:00,2024-01-18T20:48:00+00:00,39.0,2024-01-18T20:51:00+00:00,42.0,-3.0,False,"(15,180]",True,False,False,True,accepted,,True
2024-01_reporting.csv:309709,2024-01_reporting.csv:309711,N763CC,2024-01-18,3320,SGF,2024-01-18,3690,ORD,CVG,2024-01-19T01:33:00+00:00,2024-01-19T02:37:00+00:00,64.0,2024-01-19T02:17:00+00:00,44.0,20.0,True,"(15,180]",True,False,False,True,accepted,,True
2024-01_reporting.csv:309710,2024-01_reporting.csv:309713,N763CC,2024-01-18,3367,OKC,2024-01-18,3792,ORD,OKC,2024-01-18T15:31:00+00:00,2024-01-18T16:16:00+00:00,45.0,2024-01-18T16:15:00+00:00,44.0,1.0,False,"(15,180]",True,False,False,True,accepted,,True
2024-01_reporting.csv:309712,2024-01_reporting.csv:309708,N763CC,2024-01-18,3792,OKC,2024-01-18,3320,ORD,SGF,2024-01-18T21:05:00+00:00,2024-01-18T21:49:00+00:00,44.0,2024-01-18T21:43:00+00:00,38.0,6.0,False,"(15,180]",True,False,False,True,accepted,,True
2024-01_reporting.csv:309715,2024-01_reporting.csv:309716,N764JD,2024-01-18,3609,CMI,2024-01-18,3802,ORD,STL,2024-01-18T13:30:00+00:00,2024-01-18T14:14:00+00:00,44.0,2024-01-18T14:19:00+00:00,49.0,-5.0,False,"(15,180]",True,False,False,True,accepted,,True
2024-01_reporting.csv:309717,2024-01_reporting.csv:309719,N764JD,2024-01-18,3802,STL,2024-01-18,3808,ORD,HPN,2024-01-18T18:07:00+00:00,2024-01-18T18:48:00+00:00,41.0,2024-01-18T18:54:00+00:00,47.0,-6.0,False,"(15,180]",True,False,False,True,accepted,,True
2024-01_reporting.csv:309718,2024-01_reporting.csv:309714,N764JD,2024-01-18,3808,HPN,2024-01-18,3362,ORD,SGF,2024-01-18T23:41:00+00:00,2024-01-19T02:01:00+00:00,140.0,2024-01-19T00:55:00+00:00,74.0,66.0,True,"(15,180]",True,False,False,True,accepted,,True
2024-01_reporting.csv:309720,2024-01_reporting.csv:309722,N765ST,2024-01-18,3467,IND,2024-01-18,3694,ORD,CMI,2024-01-19T00:53:00+00:00,2024-01-19T04:12:00+00:00,199.0,2024-01-19T00:20:00+00:00,-33.0,232.0,True,"(180,360]",True,False,False,True,accepted,,False
2024-01_reporting.csv:309723,2024-01_reporting.csv:309725,N765ST,2024-01-18,3739,FSD,2024-01-18,3932,ORD,IND,2024-01-18T12:48:00+00:00,2024-01-18T15:29:00+00:00,161.0,2024-01-18T15:29:00+00:00,161.0,0.0,False,"(15,180]",True,False,False,True,accepted,,True
2024-01_reporting.csv:309724,2024-01_reporting.csv:309721,N765ST,2024-01-18,3932,IND,2024-01-18,3467,ORD,IND,2024-01-18T18:04:00+00:00,2024-01-18T19:52:00+00:00,108.0,2024-01-18T19:26:00+00:00,82.0,26.0,True,"(15,180]",True,False,False,True,accepted,,True
2024-01_reporting.csv:309731,2024-01_reporting.csv:309733,N768RD,2024-01-18,3496,HPN,2024-01-18,3790,ORD,EYW,2024-01-18T15:31:00+00:00,2024-01-18T16:14:00+00:00,43.0,2024-01-18T16:05:00+00:00,34.0,9.0,False,"(15,180]",True,False,False,True,accepted,,True
2024-01_reporting.csv:309732,2024-01_reporting.csv:309730,N768RD,2024-01-18,3790,EYW,2024-01-18,3478,ORD,BDL,2024-01-18T23:23:00+00:00,2024-01-19T00:38:00+00:00,75.0,2024-01-19T00:40:00+00:00,77.0,-2.0,False,"(15,180]",True,False,False,True,accepted,,True
2024-01_reporting.csv:309735,2024-01_reporting.csv:309738,N769KW,2024-01-18,3369,MCI,2024-01-18,3493,ORD,BDL,2024-01-18T13:21:00+00:00,2024-01-18T14:19:00+00:00,58.0,2024-01-18T14:22:00+00:00,61.0,-3.0,False,"(15,180]",True,False,False,True,accepted,,True
2024-01_reporting.csv:309737,2024-01_reporting.csv:309734,N769KW,2024-01-18,3375,XNA,2024-01-18,3360,ORD,OKC,2024-01-19T01:14:00+00:00,2024-01-19T02:42:00+00:00,88.0,2024-01-19T02:43:00+00:00,89.0,-1.0,False,"(15,180]",True,False,False,True,accepted,,True
2024-01_reporting.csv:309739,2024-01_reporting.csv:309736,N769KW,2024-01-18,3678,BDL,2024-01-18,3375,ORD,XNA,2024-01-18T20:26:00+00:00,2024-01-18T21:22:00+00:00,56.0,2024-01-18T21:22:00+00:00,56.0,0.0,False,"(15,180]",True,False,False,True,accepted,,True
2024-01_reporting.csv:309740,2024-01_reporting.csv:309743,N770JM,2024-01-18,3364,OMA,2024-01-18,3789,ORD,EWR,2024-01-18T13:32:00+00:00,2024-01-18T14:29:00+00:00,57.0,2024-01-18T14:30:00+00:00,58.0,-1.0,False,"(15,180]",True,False,False,True,accepted,,True
2024-01_reporting.csv:309742,2024-01_reporting.csv:309744,N770JM,2024-01-18,3789,EWR,2024-01-18,4156,ORD,RIC,2024-01-18T19:48:00+00:00,2024-01-18T20:54:00+00:00,66.0,2024-01-18T20:55:00+00:00,67.0,-1.0,False,"(15,180]",True,False,False,True,accepted,,True
2024-01_reporting.csv:309745,2024-01_reporting.csv:309741,N770JM,2024-01-18,4156,RIC,2024-01-18,3387,ORD,MCI,2024-01-19T01:30:00+00:00,2024-01-19T02:36:00+00:00,66.0,2024-01-19T02:36:00+00:00,66.0,0.0,False,"(15,180]",True,False,False,True,accepted,,True
2024-01_reporting.csv:309746,2024-01_reporting.csv:309749,N771JV,2024-01-18,3343,CMH,2024-01-18,3456,ORD,GRR,2024-01-18T17:19:00+00:00,2024-01-18T19:29:00+00:00,130.0,2024-01-18T19:32:00+00:00,133.0,-3.0,False,"(15,180]",True,False,False,True,accepted,,True
2024-01_reporting.csv:309748,2024-01_reporting.csv:309751,N771JV,2024-01-18,3456,GRR,2024-01-18,3956,ORD,MSN,2024-01-18T22:50:00+00:00,2024-01-18T23:19:00+00:00,29.0,2024-01-18T23:17:00+00:00,27.0,2.0,False,"(15,180]",True,False,False,True,accepted,,True
2024-01_reporting.csv:309750,2024-01_reporting.csv:328425,N771JV,2024-01-18,3956,MSN,2024-01-19,3808,ORD,HPN,2024-01-19T02:10:00+00:00,2024-01-19T19:22:00+00:00,1032.0,2024-01-19T18:54:00+00:00,1004.0,28.0,True,>360,True,False,False,True,accepted,,False
2024-01_reporting.csv:309759,2024-01_reporting.csv:309758,N774JG,2024-01-18,3479,MCI,2024-01-18,3323,ORD,EWR,2024-01-18T21:50:00+00:00,2024-01-19T02:30:00+00:00,280.0,2024-01-19T02:30:00+00:00,280.0,0.0,False,"(180,360]",True,False,False,True,accepted,,False
2024-01_reporting.csv:309761,2024-01_reporting.csv:309760,N774JG,2024-01-18,3815,GRB,2024-01-18,3479,ORD,MCI,2024-01-18T15:20:00+00:00,2024-01-18T18:23:00+00:00,183.0,2024-01-18T16:05:00+00:00,45.0,138.0,True,"(180,360]",True,False,False,True,accepted,,False
2024-01_reporting.csv:309782,2024-01_reporting.csv:309785,N783LC,2024-01-18,3314,PVD,2024-01-18,3845,ORD,RDU,2024-01-18T15:10:00+00:00,2024-01-18T15:59:00+00:00,49.0,2024-01-18T16:00:00+00:00,50.0,-1.0,False,"(15,180]",True,False,False,True,accepted,,True
2024-01_reporting.csv:309786,2024-01_reporting.csv:309784,N783LC,2024-01-18,3845,RDU,2024-01-18,3799,ORD,GRB,2024-01-18T21:34:00+00:00,2024-01-18T22:47:00+00:00,73.0,2024-01-18T22:52:00+00:00,78.0,-5.0,False,"(15,180]",True,False,False,True,accepted,,True
2024-01_reporting.csv:309787,2024-01_reporting.csv:309783,N783LC,2024-01-18,3876,GRB,2024-01-18,3695,ORD,LIT,2024-01-19T02:13:00+00:00,2024-01-19T03:43:00+00:00,90.0,2024-01-19T02:25:00+00:00,12.0,78.0,True,"(15,180]",True,False,False,True,accepted,,True
2024-01_reporting.csv:309794,2024-01_reporting.csv:309797,N809MD,2024-01-18,3679,BWI,2024-01-18,3760,ORD,DSM,2024-01-18T19:01:00+00:00,2024-01-18T20:12:00+00:00,71.0,2024-01-18T19:51:00+00:00,50.0,21.0,True,"(15,180]",True,False,False,True,accepted,,True
2024-01_reporting.csv:309796,2024-01_reporting.csv:309798,N809MD,2024-01-18,3760,DSM,2024-01-18,3972,ORD,CVG,2024-01-19T00:33:00+00:00,2024-01-19T01:18:00+00:00,45.0,2024-01-18T23:37:00+00:00,-56.0,101.0,True,"(15,180]",True,False,False,True,accepted,,True
2024-01_reporting.csv:309799,2024-01_reporting.csv:309795,N809MD,2024-01-18,4088,XNA,2024-01-18,3679,ORD,BWI,2024-01-18T13:04:00+00:00,2024-01-18T14:48:00+00:00,104.0,2024-01-18T14:35:00+00:00,91.0,13.0,False,"(15,180]",True,False,False,True,accepted,,True
2024-01_reporting.csv:309803,2024-01_reporting.csv:328469,N821MD,2024-01-18,3741,SDF,2024-01-19,3317,ORD,MCI,2024-01-19T01:53:00+00:00,2024-01-19T17:55:00+00:00,962.0,2024-01-19T17:51:00+00:00,958.0,4.0,False,>360,True,False,False,True,accepted,,False
2024-01_reporting.csv:309807,2024-01_reporting.csv:309810,N826MD,2024-01-18,3358,SYR,2024-01-18,3875,ORD,MSN,2024-01-19T00:53:00+00:00,2024-01-19T02:49:00+00:00,116.0,2024-01-19T02:45:00+00:00,112.0,4.0,False,"(15,180]",True,False,False,True,accepted,,True
2024-01_reporting.csv:309808,2024-01_reporting.csv:309806,N826MD,2024-01-18,3812,HPN,2024-01-18,3358,ORD,SYR,2024-01-18T19:40:00+00:00,2024-01-18T20:28:00+00:00,48.0,2024-01-18T20:27:00+00:00,47.0,1.0,False,"(15,180]",True,False,False,True,accepted,,True
2024-01_reporting.csv:309811,2024-01_reporting.csv:309814,N868RW,2024-01-18,3656,LIT,2024-01-18,3836,ORD,IAH,2024-01-18T13:40:00+00:00,2024-01-18T15:36:00+00:00,116.0,2024-01-18T14:37:00+00:00,57.0,59.0,True,"(15,180]",True,False,False,True,accepted,,True
2024-01_reporting.csv:309813,2024-01_reporting.csv:309812,N868RW,2024-01-18,3836,IAH,2024-01-18,3664,ORD,CMH,2024-01-18T22:17:00+00:00,2024-01-18T22:52:00+00:00,35.0,2024-01-18T22:45:00+00:00,28.0,7.0,False,"(15,180]",True,False,False,True,accepted,,True
2024-01_reporting.csv:309819,2024-01_reporting.csv:309818,N873RW,2024-01-18,3826,CVG,2024-01-18,3793,ORD,FSD,2024-01-18T15:08:00+00:00,2024-01-18T16:03:00+00:00,55.0,2024-01-18T16:05:00+00:00,57.0,-2.0,False,"(15,180]",True,False,False,True,accepted,,True
2024-01_reporting.csv:309821,2024-01_reporting.csv:309820,N874RW,2024-01-18,3770,ATW,2024-01-18,3745,ORD,COU,2024-01-18T23:33:00+00:00,2024-01-19T00:23:00+00:00,50.0,2024-01-19T00:26:00+00:00,53.0,-3.0,False,"(15,180]",True,False,False,True,accepted,,True
2024-01_reporting.csv:309823,2024-01_reporting.csv:309822,N874RW,2024-01-18,3937,OMA,2024-01-18,3770,ORD,ATW,2024-01-18T20:05:00+00:00,2024-01-18T20:56:00+00:00,51.0,2024-01-18T21:00:00+00:00,55.0,-4.0,False,"(15,180]",True,False,False,True,accepted,,True
2024-01_reporting.csv:309825,2024-01_reporting.csv:309824,N874RW,2024-01-18,4134,SYR,2024-01-18,3937,ORD,OMA,2024-01-18T15:29:00+00:00,2024-01-18T16:07:00+00:00,38.0,2024-01-18T16:10:00+00:00,41.0,-3.0,False,"(15,180]",True,False,False,True,accepted,,True
2024-01_reporting.csv:327786,2024-01_reporting.csv:327789,N201NN,2024-01-19,3934,BNA,2024-01-19,4084,ORD,IAH,2024-01-19T19:09:00+00:00,2024-01-19T19:52:00+00:00,43.0,2024-01-19T19:15:00+00:00,6.0,37.0,True,"(15,180]",True,False,False,True,accepted,,True
2024-01_reporting.csv:327788,2024-01_reporting.csv:327787,N201NN,2024-01-19,4084,IAH,2024-01-19,3974,ORD,CID,2024-01-20T01:24:00+00:00,2024-01-20T02:21:00+00:00,57.0,2024-01-20T02:28:00+00:00,64.0,-7.0,False,"(15,180]",True,False,False,True,accepted,,True
2024-01_reporting.csv:327830,2024-01_reporting.csv:327827,N211NN,2024-01-19,3871,BOS,2024-01-19,3578,ORD,XNA,2024-01-19T23:00:00+00:00,2024-01-20T00:39:00+00:00,99.0,2024-01-20T00:34:00+00:00,94.0,5.0,False,"(15,180]",True,False,False,True,accepted,,True
2024-01_reporting.csv:327890,2024-01_reporting.csv:327894,N225NN,2024-01-19,3723,FAR,2024-01-19,3932,ORD,IND,2024-01-19T13:16:00+00:00,2024-01-19T14:51:00+00:00,95.0,2024-01-19T14:36:00+00:00,80.0,15.0,True,"(15,180]",True,False,False,True,accepted,,True
2024-01_reporting.csv:327891,2024-01_reporting.csv:327889,N225NN,2024-01-19,3760,DSM,2024-01-19,3499,ORD,HPN,2024-01-20T00:45:00+00:00,2024-01-20T01:21:00+00:00,36.0,2024-01-20T00:45:00+00:00,0.0,36.0,True,"(15,180]",True,False,False,True,accepted,,True
2024-01_reporting.csv:327893,2024-01_reporting.csv:327892,N225NN,2024-01-19,3932,IND,2024-01-19,3760,ORD,DSM,2024-01-19T18:33:00+00:00,2024-01-19T19:50:00+00:00,77.0,2024-01-19T19:51:00+00:00,78.0,-1.0,False,"(15,180]",True,False,False,True,accepted,,True
2024-01_reporting.csv:327976,2024-01_reporting.csv:327975,N240NN,2024-01-19,3782,DSM,2024-01-19,3733,ORD,BOS,2024-01-19T12:52:00+00:00,2024-01-19T13:31:00+00:00,39.0,2024-01-19T13:05:00+00:00,13.0,26.0,True,"(15,180]",True,False,False,True,accepted,,True
2024-01_reporting.csv:328000,2024-01_reporting.csv:327997,N244NN,2024-01-19,3673,GSO,2024-01-19,3322,ORD,AUS,2024-01-19T13:32:00+00:00,2024-01-19T15:15:00+00:00,103.0,2024-01-19T14:35:00+00:00,63.0,40.0,True,"(15,180]",True,False,False,True,accepted,,True
2024-01_reporting.csv:328003,2024-01_reporting.csv:328007,N245NN,2024-01-19,3559,MEM,2024-01-19,3793,ORD,FSD,2024-01-19T15:28:00+00:00,2024-01-19T16:20:00+00:00,52.0,2024-01-19T15:59:00+00:00,31.0,21.0,True,"(15,180]",True,False,False,True,accepted,,True
2024-01_reporting.csv:328005,2024-01_reporting.csv:328008,N245NN,2024-01-19,3707,PIT,2024-01-19,4007,ORD,ROC,2024-01-20T01:53:00+00:00,2024-01-20T03:06:00+00:00,73.0,2024-01-20T01:25:00+00:00,-28.0,101.0,True,"(15,180]",True,False,False,True,accepted,,True
2024-01_reporting.csv:328006,2024-01_reporting.csv:328004,N245NN,2024-01-19,3793,FSD,2024-01-19,3707,ORD,PIT,2024-01-19T20:30:00+00:00,2024-01-19T21:26:00+00:00,56.0,2024-01-19T20:55:00+00:00,25.0,31.0,True,"(15,180]",True,False,False,True,accepted,,True
2024-01_reporting.csv:328064,2024-01_reporting.csv:328067,N257NN,2024-01-19,3314,PVD,2024-01-19,3836,ORD,IAH,2024-01-19T14:48:00+00:00,2024-01-19T15:35:00+00:00,47.0,2024-01-19T15:10:00+00:00,22.0,25.0,True,"(15,180]",True,False,False,True,accepted,,True
2024-01_reporting.csv:328066,2024-01_reporting.csv:328065,N257NN,2024-01-19,3836,IAH,2024-01-19,3799,ORD,GRB,2024-01-19T22:08:00+00:00,2024-01-19T23:41:00+00:00,93.0,2024-01-19T22:52:00+00:00,44.0,49.0,True,"(15,180]",True,False,False,True,accepted,,True
2024-01_reporting.csv:328068,2024-01_reporting.csv:328069,N257NN,2024-01-19,3876,GRB,2024-01-19,3878,ORD,GRB,2024-01-20T02:38:00+00:00,2024-01-20T03:34:00+00:00,56.0,2024-01-20T03:35:00+00:00,57.0,-1.0,False,"(15,180]",True,False,False,True,accepted,,True
2024-01_reporting.csv:328114,2024-01_reporting.csv:328116,N266NN,2024-01-19,3680,MSY,2024-01-19,3741,ORD,SDF,2024-01-19T20:29:00+00:00,2024-01-19T21:28:00+00:00,59.0,2024-01-19T21:28:00+00:00,59.0,0.0,False,"(15,180]",True,False,False,True,accepted,,True
2024-01_reporting.csv:328117,2024-01_reporting.csv:328119,N266NN,2024-01-19,3741,SDF,2024-01-19,3811,ORD,OMA,2024-01-20T01:16:00+00:00,2024-01-20T03:12:00+00:00,116.0,2024-01-20T02:40:00+00:00,84.0,32.0,True,"(15,180]",True,False,False,True,accepted,,True
2024-01_reporting.csv:328118,2024-01_reporting.csv:328115,N266NN,2024-01-19,3757,ICT,2024-01-19,3680,ORD,MSY,2024-01-19T13:43:00+00:00,2024-01-19T15:00:00+00:00,77.0,2024-01-19T14:30:00+00:00,47.0,30.0,True,"(15,180]",True,False,False,True,accepted,,True
2024-01_reporting.csv:328153,2024-01_reporting.csv:328151,N272NN,2024-01-19,4088,XNA,2024-01-19,3851,ORD,BNA,2024-01-19T13:19:00+00:00,2024-01-19T14:48:00+00:00,89.0,2024-01-19T14:35:00+00:00,76.0,13.0,False,"(15,180]",True,False,False,True,accepted,,True
2024-01_reporting.csv:328249,2024-01_reporting.csv:328250,N290NN,2024-01-19,3398,ELP,2024-01-19,3555,ORD,STL,2024-01-19T22:03:00+00:00,2024-01-19T22:48:00+00:00,45.0,2024-01-19T22:21:00+00:00,18.0,27.0,True,"(15,180]",True,False,False,True,accepted,,True
2024-01_reporting.csv:328251,2024-01_reporting.csv:328254,N290NN,2024-01-19,3555,STL,2024-01-19,3975,ORD,LEX,2024-01-20T01:55:00+00:00,2024-01-20T02:50:00+00:00,55.0,2024-01-20T02:20:00+00:00,25.0,30.0,True,"(15,180]",True,False,False,True,accepted,,True
2024-01_reporting.csv:328252,2024-01_reporting.csv:328253,N290NN,2024-01-19,3710,GSP,2024-01-19,3877,ORD,ELP,2024-01-19T13:09:00+00:00,2024-01-19T14:43:00+00:00,94.0,2024-01-19T14:19:00+00:00,70.0,24.0,True,"(15,180]",True,False,False,True,accepted,,True
2024-01_reporting.csv:328288,2024-01_reporting.csv:328290,N302RN,2024-01-19,3418,AUS,2024-01-19,3648,ORD,GSO,2024-01-19T23:42:00+00:00,2024-01-20T00:31:00+00:00,49.0,2024-01-20T00:28:00+00:00,46.0,3.0,False,"(15,180]",True,False,False,True,accepted,,True
2024-01_reporting.csv:328342,2024-01_reporting.csv:328344,N635RW,2024-01-19,3572,CMH,2024-01-19,3937,ORD,OMA,2024-01-19T15:22:00+00:00,2024-01-19T16:22:00+00:00,60.0,2024-01-19T16:10:00+00:00,48.0,12.0,False,"(15,180]",True,False,False,True,accepted,,True
2024-01_reporting.csv:328343,2024-01_reporting.csv:328345,N635RW,2024-01-19,3937,OMA,2024-01-19,4156,ORD,RIC,2024-01-19T20:24:00+00:00,2024-01-19T21:36:00+00:00,72.0,2024-01-19T20:55:00+00:00,31.0,41.0,True,"(15,180]",True,False,False,True,accepted,,True
2024-01_reporting.csv:328346,2024-01_reporting.csv:328341,N635RW,2024-01-19,4156,RIC,2024-01-19,3323,ORD,EWR,2024-01-20T02:04:00+00:00,2024-01-20T03:11:00+00:00,67.0,2024-01-20T02:20:00+00:00,16.0,51.0,True,"(15,180]",True,False,False,True,accepted,,True
2024-01_reporting.csv:328348,2024-01_reporting.csv:328349,N636RW,2024-01-19,3496,HPN,2024-01-19,3595,ORD,STL,2024-01-19T14:23:00+00:00,2024-01-19T14:58:00+00:00,35.0,2024-01-19T14:14:00+00:00,-9.0,44.0,True,"(15,180]",True,False,False,True,accepted,,True
2024-01_reporting.csv:328350,2024-01_reporting.csv:328352,N636RW,2024-01-19,3596,STL,2024-01-19,3818,ORD,ICT,2024-01-19T18:33:00+00:00,2024-01-19T19:17:00+00:00,44.0,2024-01-19T19:20:00+00:00,47.0,-3.0,False,"(15,180]",True,False,False,True,accepted,,True
2024-01_reporting.csv:328351,2024-01_reporting.csv:328347,N636RW,2024-01-19,3818,ICT,2024-01-19,3362,ORD,SGF,2024-01-19T23:49:00+00:00,2024-01-20T01:53:00+00:00,124.0,2024-01-20T00:55:00+00:00,66.0,58.0,True,"(15,180]",True,False,False,True,accepted,,True
2024-01_reporting.csv:328354,2024-01_reporting.csv:328356,N637RW,2024-01-19,3380,ROC,2024-01-19,3972,ORD,CVG,2024-01-19T21:47:00+00:00,2024-01-19T23:47:00+00:00,120.0,2024-01-19T23:37:00+00:00,110.0,10.0,False,"(15,180]",True,False,False,True,accepted,,True
2024-01_reporting.csv:328355,2024-01_reporting.csv:328353,N637RW,2024-01-19,3815,GRB,2024-01-19,3380,ORD,ROC,2024-01-19T12:55:00+00:00,2024-01-19T14:14:00+00:00,79.0,2024-01-19T14:19:00+00:00,84.0,-5.0,False,"(15,180]",True,False,False,True,accepted,,True
2024-01_reporting.csv:328364,2024-01_reporting.csv:328368,N644RW,2024-01-19,3742,BHM,2024-01-19,3775,ORD,BNA,2024-01-19T21:14:00+00:00,2024-01-19T21:49:00+00:00,35.0,2024-01-19T21:52:00+00:00,38.0,-3.0,False,"(15,180]",True,False,False,True,accepted,,True
2024-01_reporting.csv:328367,2024-01_reporting.csv:328366,N644RW,2024-01-19,3775,BNA,2024-01-19,3755,ORD,ICT,2024-01-20T01:34:00+00:00,2024-01-20T02:27:00+00:00,53.0,2024-01-20T02:25:00+00:00,51.0,2.0,False,"(15,180]",True,False,False,True,accepted,,True
2024-01_reporting.csv:328376,2024-01_reporting.csv:328377,N761RW,2024-01-19,3497,STL,2024-01-19,3690,ORD,CVG,2024-01-20T00:12:00+00:00,2024-01-20T03:59:00+00:00,227.0,2024-01-20T02:17:00+00:00,125.0,102.0,True,"(180,360]",True,False,False,True,accepted,,False
2024-01_reporting.csv:328379,2024-01_reporting.csv:328375,N761RW,2024-01-19,3803,SDF,2024-01-19,3497,ORD,STL,2024-01-19T20:00:00+00:00,2024-01-19T20:46:00+00:00,46.0,2024-01-19T19:15:00+00:00,-45.0,91.0,True,"(15,180]",True,False,False,True,accepted,,True
2024-01_reporting.csv:328380,2024-01_reporting.csv:328378,N761RW,2024-01-19,4072,ROC,2024-01-19,3803,ORD,SDF,2024-01-19T14:27:00+00:00,2024-01-19T15:28:00+00:00,61.0,2024-01-19T14:44:00+00:00,17.0,44.0,True,"(15,180]",True,False,False,True,accepted,,True
2024-01_reporting.csv:328381,2024-01_reporting.csv:328383,N762DT,2024-01-19,3364,OMA,2024-01-19,3410,ORD,GRR,2024-01-19T13:50:00+00:00,2024-01-19T14:51:00+00:00,61.0,2024-01-19T14:24:00+00:00,34.0,27.0,True,"(15,180]",True,False,False,True,accepted,,True
2024-01_reporting.csv:328382,2024-01_reporting.csv:345438,N762DT,2024-01-19,3410,GRR,2024-01-20,3812,ORD,HPN,2024-01-19T18:06:00+00:00,2024-01-20T14:13:00+00:00,1207.0,2024-01-20T14:15:00+00:00,1209.0,-2.0,False,>360,True,False,False,True,accepted,,False
2024-01_reporting.csv:328385,2024-01_reporting.csv:328386,N763CC,2024-01-19,3358,SYR,2024-01-19,3387,ORD,MCI,2024-01-20T02:17:00+00:00,2024-01-20T02:48:00+00:00,31.0,2024-01-20T02:36:00+00:00,19.0,12.0,False,"(15,180]",True,False,False,True,accepted,,True
2024-01_reporting.csv:328387,2024-01_reporting.csv:328384,N763CC,2024-01-19,3746,CMI,2024-01-19,3358,ORD,SYR,2024-01-19T19:45:00+00:00,2024-01-19T21:02:00+00:00,77.0,2024-01-19T20:27:00+00:00,42.0,35.0,True,"(15,180]",True,False,False,True,accepted,,True
2024-01_reporting.csv:328389,2024-01_reporting.csv:328388,N763CC,2024-01-19,4094,CVG,2024-01-19,3747,ORD,CMI,2024-01-19T16:13:00+00:00,2024-01-19T16:53:00+00:00,40.0,2024-01-19T15:55:00+00:00,-18.0,58.0,True,"(15,180]",True,False,False,True,accepted,,True
2024-01_reporting.csv:328390,2024-01_reporting.csv:328392,N764JD,2024-01-19,3382,BDL,2024-01-19,3478,ORD,BDL,2024-01-20T00:37:00+00:00,2024-01-20T01:36:00+00:00,59.0,2024-01-20T00:40:00+00:00,3.0,56.0,True,"(15,180]",True,False,False,True,accepted,,True
2024-01_reporting.csv:328394,2024-01_reporting.csv:328391,N764JD,2024-01-19,3604,XNA,2024-01-19,3382,ORD,BDL,2024-01-19T18:40:00+00:00,2024-01-19T19:18:00+00:00,38.0,2024-01-19T19:19:00+00:00,39.0,-1.0,False,"(15,180]",True,False,False,True,accepted,,True
2024-01_reporting.csv:328395,2024-01_reporting.csv:328393,N764JD,2024-01-19,4129,SGF,2024-01-19,3581,ORD,XNA,2024-01-19T12:54:00+00:00,2024-01-19T14:10:00+00:00,76.0,2024-01-19T14:14:00+00:00,80.0,-4.0,False,"(15,180]",True,False,False,True,accepted,,True
2024-01_reporting.csv:328397,2024-01_reporting.csv:328396,N765ST,2024-01-19,3609,CMI,2024-01-19,3493,ORD,BDL,2024-01-19T13:01:00+00:00,2024-01-19T15:02:00+00:00,121.0,2024-01-19T14:22:00+00:00,81.0,40.0,True,"(15,180]",True,False,False,True,accepted,,True
2024-01_reporting.csv:328398,2024-01_reporting.csv:328400,N765ST,2024-01-19,3678,BDL,2024-01-19,3956,ORD,MSN,2024-01-19T23:17:00+00:00,2024-01-20T00:28:00+00:00,71.0,2024-01-19T23:17:00+00:00,0.0,71.0,True,"(15,180]",True,False,False,True,accepted,,True
2024-01_reporting.csv:328399,2024-01_reporting.csv:362569,N765ST,2024-01-19,3956,MSN,2024-01-21,3792,ORD,OKC,2024-01-20T05:34:00+00:00,2024-01-21T16:21:00+00:00,2087.0,2024-01-21T15:50:00+00:00,2056.0,31.0,True,>360,True,False,False,True,accepted,,False
2024-01_reporting.csv:328409,2024-01_reporting.csv:433083,N768RD,2024-01-19,3320,SGF,2024-01-25,3581,ORD,XNA,2024-01-20T01:11:00+00:00,2024-01-25T14:13:00+00:00,7982.0,2024-01-25T14:14:00+00:00,7983.0,-1.0,False,>360,True,False,False,True,accepted,,False
2024-01_reporting.csv:328410,2024-01_reporting.csv:328411,N768RD,2024-01-19,3490,BDL,2024-01-19,3845,ORD,RDU,2024-01-19T15:09:00+00:00,2024-01-19T15:58:00+00:00,49.0,2024-01-19T16:00:00+00:00,51.0,-2.0,False,"(15,180]",True,False,False,True,accepted,,True
2024-01_reporting.csv:328412,2024-01_reporting.csv:328408,N768RD,2024-01-19,3845,RDU,2024-01-19,3320,ORD,SGF,2024-01-19T20:56:00+00:00,2024-01-19T21:44:00+00:00,48.0,2024-01-19T21:43:00+00:00,47.0,1.0,False,"(15,180]",True,False,False,True,accepted,,True
2024-01_reporting.csv:328413,2024-01_reporting.csv:328417,N769KW,2024-01-19,3367,OKC,2024-01-19,3789,ORD,EWR,2024-01-19T13:46:00+00:00,2024-01-19T14:45:00+00:00,59.0,2024-01-19T14:30:00+00:00,44.0,15.0,True,"(15,180]",True,False,False,True,accepted,,True
2024-01_reporting.csv:328415,2024-01_reporting.csv:328414,N769KW,2024-01-19,3669,AVP,2024-01-19,3498,ORD,LSE,2024-01-20T02:25:00+00:00,2024-01-20T03:27:00+00:00,62.0,2024-01-20T02:32:00+00:00,7.0,55.0,True,"(15,180]",True,False,False,True,accepted,,True
2024-01_reporting.csv:328416,2024-01_reporting.csv:328418,N769KW,2024-01-19,3789,EWR,2024-01-19,3893,ORD,AVP,2024-01-19T20:34:00+00:00,2024-01-19T21:09:00+00:00,35.0,2024-01-19T20:51:00+00:00,17.0,18.0,True,"(15,180]",True,False,False,True,accepted,,True
2024-01_reporting.csv:328419,2024-01_reporting.csv:328422,N770JM,2024-01-19,3369,MCI,2024-01-19,3812,ORD,HPN,2024-01-19T13:50:00+00:00,2024-01-19T14:40:00+00:00,50.0,2024-01-19T14:15:00+00:00,25.0,25.0,True,"(15,180]",True,False,False,True,accepted,,True
2024-01_reporting.csv:328421,2024-01_reporting.csv:328420,N770JM,2024-01-19,3812,HPN,2024-01-19,3664,ORD,CMH,2024-01-19T22:08:00+00:00,2024-01-19T22:45:00+00:00,37.0,2024-01-19T22:45:00+00:00,37.0,0.0,False,"(15,180]",True,False,False,True,accepted,,True
2024-01_reporting.csv:328424,2024-01_reporting.csv:328423,N771JV,2024-01-19,3808,HPN,2024-01-19,3786,ORD,DSM,2024-01-20T00:57:00+00:00,2024-01-20T01:50:00+00:00,53.0,2024-01-20T01:50:00+00:00,53.0,0.0,False,"(15,180]",True,False,False,True,accepted,,True
2024-01_reporting.csv:328433,2024-01_reporting.csv:328438,N774JG,2024-01-19,3392,EWR,2024-01-19,3922,ORD,MEM,2024-01-19T14:48:00+00:00,2024-01-19T16:22:00+00:00,94.0,2024-01-19T15:50:00+00:00,62.0,32.0,True,"(15,180]",True,False,False,True,accepted,,True
2024-01_reporting.csv:328435,2024-01_reporting.csv:328434,N774JG,2024-01-19,3770,ATW,2024-01-19,3694,ORD,CMI,2024-01-20T00:23:00+00:00,2024-01-20T03:38:00+00:00,195.0,2024-01-20T00:20:00+00:00,-3.0,198.0,True,"(180,360]",True,False,False,True,accepted,,False
2024-01_reporting.csv:328437,2024-01_reporting.csv:328436,N774JG,2024-01-19,3922,MEM,2024-01-19,3770,ORD,ATW,2024-01-19T20:56:00+00:00,2024-01-19T21:40:00+00:00,44.0,2024-01-19T21:00:00+00:00,4.0,40.0,True,"(15,180]",True,False,False,True,accepted,,True
2024-01_reporting.csv:328456,2024-01_reporting.csv:328458,N783LC,2024-01-19,3656,LIT,2024-01-19,3679,ORD,BWI,2024-01-19T13:28:00+00:00,2024-01-19T14:42:00+00:00,74.0,2024-01-19T14:35:00+00:00,67.0,7.0,False,"(15,180]",True,False,False,True,accepted,,True
2024-01_reporting.csv:328457,2024-01_reporting.csv:328460,N783LC,2024-01-19,3679,BWI,2024-01-19,3769,ORD,ATL,2024-01-19T20:00:00+00:00,2024-01-19T21:37:00+00:00,97.0,2024-01-19T20:53:00+00:00,53.0,44.0,True,"(15,180]",True,False,False,True,accepted,,True
2024-01_reporting.csv:328459,2024-01_reporting.csv:328455,N783LC,2024-01-19,3769,ATL,2024-01-19,3384,ORD,CMH,2024-01-20T01:52:00+00:00,2024-01-20T02:32:00+00:00,40.0,2024-01-20T02:20:00+00:00,28.0,12.0,False,"(15,180]",True,False,False,True,accepted,,True
2024-01_reporting.csv:328466,2024-01_reporting.csv:328467,N809MD,2024-01-19,3826,CVG,2024-01-19,4074,ORD,RDU,2024-01-19T17:56:00+00:00,2024-01-19T18:45:00+00:00,49.0,2024-01-19T18:45:00+00:00,49.0,0.0,False,"(15,180]",True,False,False,True,accepted,,True
2024-01_reporting.csv:328468,2024-01_reporting.csv:328465,N809MD,2024-01-19,4074,RDU,2024-01-19,3315,ORD,PVD,2024-01-20T00:02:00+00:00,2024-01-20T01:29:00+00:00,87.0,2024-01-20T00:31:00+00:00,29.0,58.0,True,"(15,180]",True,False,False,True,accepted,,True
2024-01_reporting.csv:328470,2024-01_reporting.csv:328472,N821MD,2024-01-19,3479,MCI,2024-01-19,3788,ORD,EWR,2024-01-19T22:00:00+00:00,2024-01-19T23:04:00+00:00,64.0,2024-01-19T19:57:00+00:00,-123.0,187.0,True,"(15,180]",True,False,False,True,accepted,,True
2024-01_reporting.csv:328471,2024-01_reporting.csv:345498,N821MD,2024-01-19,3788,EWR,2024-01-20,3343,ORD,CMH,2024-01-20T05:51:00+00:00,2024-01-20T14:28:00+00:00,517.0,2024-01-20T14:14:00+00:00,503.0,14.0,False,>360,True,False,False,True,accepted,,False
2024-01_reporting.csv:328473,2024-01_reporting.csv:328476,N826MD,2024-01-19,3416,ATL,2024-01-19,3715,ORD,PVD,2024-01-19T18:52:00+00:00,2024-01-19T20:05:00+00:00,73.0,2024-01-19T19:50:00+00:00,58.0,15.0,True,"(15,180]",True,False,False,True,accepted,,True
2024-01_reporting.csv:328477,2024-01_reporting.csv:328475,N826MD,2024-01-19,3715,PVD,2024-01-19,3621,ORD,GSP,2024-01-20T01:23:00+00:00,2024-01-20T02:22:00+00:00,59.0,2024-01-20T02:19:00+00:00,56.0,3.0,False,"(15,180]",True,False,False,True,accepted,,True
2024-01_reporting.csv:328478,2024-01_reporting.csv:328474,N826MD,2024-01-19,3842,MSN,2024-01-19,3416,ORD,ATL,2024-01-19T13:28:00+00:00,2024-01-19T14:14:00+00:00,46.0,2024-01-19T14:18:00+00:00,50.0,-4.0,False,"(15,180]",True,False,False,True,accepted,,True
2024-01_reporting.csv:328481,2024-01_reporting.csv:328483,N868RW,2024-01-19,3688,PIT,2024-01-19,3839,ORD,OKC,2024-01-19T19:41:00+00:00,2024-01-19T20:36:00+00:00,55.0,2024-01-19T20:13:00+00:00,32.0,23.0,True,"(15,180]",True,False,False,True,accepted,,True
2024-01_reporting.csv:328482,2024-01_reporting.csv:328479,N868RW,2024-01-19,3839,OKC,2024-01-19,3324,ORD,SYR,2024-01-20T01:39:00+00:00,2024-01-20T02:22:00+00:00,43.0,2024-01-20T02:24:00+00:00,45.0,-2.0,False,"(15,180]",True,False,False,True,accepted,,True
2024-01_reporting.csv:328484,2024-01_reporting.csv:328480,N868RW,2024-01-19,3942,CMH,2024-01-19,3688,ORD,PIT,2024-01-19T14:07:00+00:00,2024-01-19T15:19:00+00:00,72.0,2024-01-19T14:14:00+00:00,7.0,65.0,True,"(15,180]",True,False,False,True,accepted,,True
2024-01_reporting.csv:328487,2024-01_reporting.csv:328485,N873RW,2024-01-19,3513,ROC,2024-01-19,3377,ORD,FAR,2024-01-20T02:18:00+00:00,2024-01-20T03:28:00+00:00,70.0,2024-01-20T03:20:00+00:00,62.0,8.0,False,"(15,180]",True,False,False,True,accepted,,True
2024-01_reporting.csv:328493,2024-01_reporting.csv:328491,N874RW,2024-01-19,3375,XNA,2024-01-19,3360,ORD,OKC,2024-01-20T01:36:00+00:00,2024-01-20T03:06:00+00:00,90.0,2024-01-20T02:43:00+00:00,67.0,23.0,True,"(15,180]",True,False,False,True,accepted,,True
2024-01_reporting.csv:328494,2024-01_reporting.csv:328492,N874RW,2024-01-19,3514,FAR,2024-01-19,3375,ORD,XNA,2024-01-19T20:46:00+00:00,2024-01-19T21:20:00+00:00,34.0,2024-01-19T21:22:00+00:00,36.0,-2.0,False,"(15,180]",True,False,False,True,accepted,,True
2024-01_reporting.csv:328496,2024-01_reporting.csv:328495,N874RW,2024-01-19,3744,COU,2024-01-19,3514,ORD,FAR,2024-01-19T15:11:00+00:00,2024-01-19T15:54:00+00:00,43.0,2024-01-19T15:50:00+00:00,39.0,4.0,False,"(15,180]",True,False,False,True,accepted,,True
2024-01_reporting.csv:344940,2024-01_reporting.csv:344942,N206NN,2024-01-20,3398,ELP,2024-01-20,3632,ORD,CMH,2024-01-20T17:53:00+00:00,2024-01-20T18:43:00+00:00,50.0,2024-01-20T18:50:00+00:00,57.0,-7.0,False,"(15,180]",True,False,False,True,accepted,,True
2024-01_reporting.csv:344941,2024-01_reporting.csv:344943,N206NN,2024-01-20,3632,CMH,2024-01-20,3648,ORD,GSO,2024-01-20T21:50:00+00:00,2024-01-21T00:20:00+00:00,150.0,2024-01-21T00:28:00+00:00,158.0,-8.0,False,"(15,180]",True,False,False,True,accepted,,True
2024-01_reporting.csv:344968,2024-01_reporting.csv:344967,N211NN,2024-01-20,3950,CLE,2024-01-20,3877,ORD,ELP,2024-01-20T17:25:00+00:00,2024-01-20T19:36:00+00:00,131.0,2024-01-20T19:30:00+00:00,125.0,6.0,False,"(15,180]",True,False,False,True,accepted,,True
2024-01_reporting.csv:344970,2024-01_reporting.csv:344969,N211NN,2024-01-20,4088,XNA,2024-01-20,3950,ORD,CLE,2024-01-20T13:09:00+00:00,2024-01-20T14:09:00+00:00,60.0,2024-01-20T14:22:00+00:00,73.0,-13.0,False,"(15,180]",True,False,False,True,accepted,,True
2024-01_reporting.csv:345028,2024-01_reporting.csv:345027,N225NN,2024-01-20,3496,HPN,2024-01-20,3485,ORD,RDU,2024-01-20T14:09:00+00:00,2024-01-20T16:23:00+00:00,134.0,2024-01-20T16:15:00+00:00,126.0,8.0,False,"(15,180]",True,False,False,True,accepted,,True
2024-01_reporting.csv:345126,2024-01_reporting.csv:345128,N245NN,2024-01-20,3871,BOS,2024-01-20,3931,ORD,MSP,2024-01-20T18:56:00+00:00,2024-01-20T20:27:00+00:00,91.0,2024-01-20T20:30:00+00:00,94.0,-3.0,False,"(15,180]",True,False,False,True,accepted,,True
2024-01_reporting.csv:345127,2024-01_reporting.csv:362192,N245NN,2024-01-20,3931,MSP,2024-01-21,3323,ORD,EWR,2024-01-20T23:46:00+00:00,2024-01-22T03:51:00+00:00,1685.0,2024-01-22T02:20:00+00:00,1594.0,91.0,True,>360,True,False,False,True,accepted,,False
2024-01_reporting.csv:345129,2024-01_reporting.csv:345125,N245NN,2024-01-20,4072,ROC,2024-01-20,3733,ORD,BOS,2024-01-20T12:29:00+00:00,2024-01-20T13:15:00+00:00,46.0,2024-01-20T13:15:00+00:00,46.0,0.0,False,"(15,180]",True,False,False,True,accepted,,True
2024-01_reporting.csv:345177,2024-01_reporting.csv:345176,N257NN,2024-01-20,3790,EYW,2024-01-20,3384,ORD,CMH,2024-01-20T23:49:00+00:00,2024-01-21T00:32:00+00:00,43.0,2024-01-21T00:35:00+00:00,46.0,-3.0,False,"(15,180]",True,False,False,True,accepted,,True
2024-01_reporting.csv:345179,2024-01_reporting.csv:345178,N257NN,2024-01-20,3815,GRB,2024-01-20,3790,ORD,EYW,2024-01-20T15:30:00+00:00,2024-01-20T16:34:00+00:00,64.0,2024-01-20T16:05:00+00:00,35.0,29.0,True,"(15,180]",True,False,False,True,accepted,,True
2024-01_reporting.csv:345212,2024-01_reporting.csv:345215,N266NN,2024-01-20,3348,HDN,2024-01-20,3578,ORD,XNA,2024-01-20T22:37:00+00:00,2024-01-21T00:32:00+00:00,115.0,2024-01-21T00:34:00+00:00,117.0,-2.0,False,"(15,180]",True,False,False,True,accepted,,True
2024-01_reporting.csv:345214,2024-01_reporting.csv:345213,N266NN,2024-01-20,3364,OMA,2024-01-20,3348,ORD,HDN,2024-01-20T15:13:00+00:00,2024-01-20T15:51:00+00:00,38.0,2024-01-20T15:50:00+00:00,37.0,1.0,False,"(15,180]",True,False,False,True,accepted,,True
2024-01_reporting.csv:345355,2024-01_reporting.csv:345358,N302RN,2024-01-20,3416,ATL,2024-01-20,3707,ORD,PIT,2024-01-20T18:53:00+00:00,2024-01-20T19:45:00+00:00,52.0,2024-01-20T19:50:00+00:00,57.0,-5.0,False,"(15,180]",True,False,False,True,accepted,,True
2024-01_reporting.csv:345357,2024-01_reporting.csv:345356,N302RN,2024-01-20,3673,GSO,2024-01-20,3416,ORD,ATL,2024-01-20T13:43:00+00:00,2024-01-20T14:18:00+00:00,35.0,2024-01-20T14:18:00+00:00,35.0,0.0,False,"(15,180]",True,False,False,True,accepted,,True
2024-01_reporting.csv:345359,2024-01_reporting.csv:345360,N302RN,2024-01-20,3707,PIT,2024-01-20,4007,ORD,ROC,2024-01-20T23:18:00+00:00,2024-01-21T00:29:00+00:00,71.0,2024-01-21T00:33:00+00:00,75.0,-4.0,False,"(15,180]",True,False,False,True,accepted,,True
2024-01_reporting.csv:345388,2024-01_reporting.csv:362499,N312BT,2024-01-20,3375,XNA,2024-01-21,3733,ORD,BOS,2024-01-20T23:26:00+00:00,2024-01-21T13:05:00+00:00,819.0,2024-01-21T13:05:00+00:00,819.0,0.0,False,>360,True,False,False,True,accepted,,False
2024-01_reporting.csv:345389,2024-01_reporting.csv:345387,N312BT,2024-01-20,3744,COU,2024-01-20,3375,ORD,XNA,2024-01-20T17:05:00+00:00,2024-01-20T19:27:00+00:00,142.0,2024-01-20T19:29:00+00:00,144.0,-2.0,False,"(15,180]",True,False,False,True,accepted,,True
2024-01_reporting.csv:345391,2024-01_reporting.csv:345390,N449YX,2024-01-20,3514,FAR,2024-01-20,3382,ORD,BDL,2024-01-20T19:59:00+00:00,2024-01-20T21:09:00+00:00,70.0,2024-01-20T21:10:00+00:00,71.0,-1.0,False,"(15,180]",True,False,False,True,accepted,,True
2024-01_reporting.csv:345393,2024-01_reporting.csv:345392,N449YX,2024-01-20,3739,FSD,2024-01-20,3514,ORD,FAR,2024-01-20T13:13:00+00:00,2024-01-20T15:43:00+00:00,150.0,2024-01-20T15:50:00+00:00,157.0,-7.0,False,"(15,180]",True,False,False,True,accepted,,True
2024-01_reporting.csv:345404,2024-01_reporting.csv:345406,N635RW,2024-01-20,3392,EWR,2024-01-20,3793,ORD,FSD,2024-01-20T15:30:00+00:00,2024-01-20T16:16:00+00:00,46.0,2024-01-20T16:05:00+00:00,35.0,11.0,False,"(15,180]",True,False,False,True,accepted,,True
2024-01_reporting.csv:345405,2024-01_reporting.csv:345403,N635RW,2024-01-20,3793,FSD,2024-01-20,3358,ORD,SYR,2024-01-20T20:05:00+00:00,2024-01-20T20:59:00+00:00,54.0,2024-01-20T21:00:00+00:00,55.0,-1.0,False,"(15,180]",True,False,False,True,accepted,,True
2024-01_reporting.csv:345407,2024-01_reporting.csv:345409,N636RW,2024-01-20,3836,IAH,2024-01-20,3972,ORD,CVG,2024-01-20T21:38:00+00:00,2024-01-20T22:56:00+00:00,78.0,2024-01-20T23:00:00+00:00,82.0,-4.0,False,"(15,180]",True,False,False,True,accepted,,True
2024-01_reporting.csv:345410,2024-01_reporting.csv:345408,N636RW,2024-01-20,4129,SGF,2024-01-20,3836,ORD,IAH,2024-01-20T13:12:00+00:00,2024-01-20T14:37:00+00:00,85.0,2024-01-20T14:37:00+00:00,85.0,0.0,False,"(15,180]",True,False,False,True,accepted,,True
2024-01_reporting.csv:345411,2024-01_reporting.csv:345413,N637RW,2024-01-20,3319,EWR,2024-01-20,3799,ORD,GRB,2024-01-20T21:20:00+00:00,2024-01-20T22:47:00+00:00,87.0,2024-01-20T22:52:00+00:00,92.0,-5.0,False,"(15,180]",True,False,False,True,accepted,,True
2024-01_reporting.csv:345414,2024-01_reporting.csv:345412,N637RW,2024-01-20,3826,CVG,2024-01-20,3374,ORD,EWR,2024-01-20T15:22:00+00:00,2024-01-20T15:54:00+00:00,32.0,2024-01-20T15:50:00+00:00,28.0,4.0,False,"(15,180]",True,False,False,True,accepted,,True
2024-01_reporting.csv:345423,2024-01_reporting.csv:362534,N644RW,2024-01-20,3845,RDU,2024-01-21,3679,ORD,BWI,2024-01-20T22:44:00+00:00,2024-01-21T14:33:00+00:00,949.0,2024-01-21T14:35:00+00:00,951.0,-2.0,False,>360,True,False,False,True,accepted,,False
2024-01_reporting.csv:345434,2024-01_reporting.csv:345436,N762DT,2024-01-20,3760,DSM,2024-01-20,3786,ORD,DSM,2024-01-20T23:23:00+00:00,2024-01-21T00:35:00+00:00,72.0,2024-01-21T00:25:00+00:00,62.0,10.0,False,"(15,180]",True,False,False,True,accepted,,True
2024-01_reporting.csv:345437,2024-01_reporting.csv:345435,N762DT,2024-01-20,3812,HPN,2024-01-20,3760,ORD,DSM,2024-01-20T19:20:00+00:00,2024-01-20T20:06:00+00:00,46.0,2024-01-20T19:51:00+00:00,31.0,15.0,True,"(15,180]",True,False,False,True,accepted,,True
2024-01_reporting.csv:345441,2024-01_reporting.csv:345443,N764JD,2024-01-20,3490,BDL,2024-01-20,3747,ORD,CMI,2024-01-20T15:11:00+00:00,2024-01-20T15:50:00+00:00,39.0,2024-01-20T15:55:00+00:00,44.0,-5.0,False,"(15,180]",True,False,False,True,accepted,,True
2024-01_reporting.csv:345442,2024-01_reporting.csv:345444,N764JD,2024-01-20,3746,CMI,2024-01-20,3839,ORD,OKC,2024-01-20T18:31:00+00:00,2024-01-20T20:27:00+00:00,116.0,2024-01-20T20:33:00+00:00,122.0,-6.0,False,"(15,180]",True,False,False,True,accepted,,True
2024-01_reporting.csv:345451,2024-01_reporting.csv:345453,N769KW,2024-01-20,4002,LSE,2024-01-20,4160,ORD,MSN,2024-01-20T16:44:00+00:00,2024-01-20T17:47:00+00:00,63.0,2024-01-20T15:55:00+00:00,-49.0,112.0,True,"(15,180]",True,False,False,True,accepted,,True
2024-01_reporting.csv:345452,2024-01_reporting.csv:345450,N769KW,2024-01-20,4160,MSN,2024-01-20,3499,ORD,HPN,2024-01-20T20:19:00+00:00,2024-01-21T00:45:00+00:00,266.0,2024-01-21T00:45:00+00:00,266.0,0.0,False,"(180,360]",True,False,False,True,accepted,,False
2024-01_reporting.csv:345455,2024-01_reporting.csv:345454,N770JM,2024-01-20,3680,MSY,2024-01-20,3664,ORD,CMH,2024-01-20T21:44:00+00:00,2024-01-20T22:41:00+00:00,57.0,2024-01-20T22:45:00+00:00,61.0,-4.0,False,"(15,180]",True,False,False,True,accepted,,True
2024-01_reporting.csv:345457,2024-01_reporting.csv:345456,N770JM,2024-01-20,3942,CMH,2024-01-20,3680,ORD,MSY,2024-01-20T14:10:00+00:00,2024-01-20T16:02:00+00:00,112.0,2024-01-20T16:05:00+00:00,115.0,-3.0,False,"(15,180]",True,False,False,True,accepted,,True
2024-01_reporting.csv:345458,2024-01_reporting.csv:345460,N771JV,2024-01-20,3782,DSM,2024-01-20,3792,ORD,OKC,2024-01-20T15:58:00+00:00,2024-01-20T16:29:00+00:00,31.0,2024-01-20T16:15:00+00:00,17.0,14.0,False,"(15,180]",True,False,False,True,accepted,,True
2024-01_reporting.csv:345459,2024-01_reporting.csv:345461,N771JV,2024-01-20,3792,OKC,2024-01-20,4003,ORD,LSE,2024-01-20T21:02:00+00:00,2024-01-20T22:22:00+00:00,80.0,2024-01-20T22:26:00+00:00,84.0,-4.0,False,"(15,180]",True,False,False,True,accepted,,True
2024-01_reporting.csv:345462,2024-01_reporting.csv:345467,N774JG,2024-01-20,3417,DTW,2024-01-20,3811,ORD,OMA,2024-01-20T23:35:00+00:00,2024-01-21T00:29:00+00:00,54.0,2024-01-21T00:32:00+00:00,57.0,-3.0,False,"(15,180]",True,False,False,True,accepted,,True
2024-01_reporting.csv:345464,2024-01_reporting.csv:345466,N774JG,2024-01-20,3609,CMI,2024-01-20,3679,ORD,BWI,2024-01-20T13:58:00+00:00,2024-01-20T14:41:00+00:00,43.0,2024-01-20T14:35:00+00:00,37.0,6.0,False,"(15,180]",True,False,False,True,accepted,,True
2024-01_reporting.csv:345465,2024-01_reporting.csv:345463,N774JG,2024-01-20,3679,BWI,2024-01-20,3417,ORD,DTW,2024-01-20T18:59:00+00:00,2024-01-20T20:17:00+00:00,78.0,2024-01-20T20:21:00+00:00,82.0,-4.0,False,"(15,180]",True,False,False,True,accepted,,True
2024-01_reporting.csv:345483,2024-01_reporting.csv:345485,N783LC,2024-01-20,3380,ROC,2024-01-20,3967,ORD,FSD,2024-01-20T20:22:00+00:00,2024-01-20T21:32:00+00:00,70.0,2024-01-20T21:36:00+00:00,74.0,-4.0,False,"(15,180]",True,False,False,True,accepted,,True
2024-01_reporting.csv:345484,2024-01_reporting.csv:345482,N783LC,2024-01-20,3572,CMH,2024-01-20,3380,ORD,ROC,2024-01-20T14:58:00+00:00,2024-01-20T15:54:00+00:00,56.0,2024-01-20T16:00:00+00:00,62.0,-6.0,False,"(15,180]",True,False,False,True,accepted,,True
2024-01_reporting.csv:345491,2024-01_reporting.csv:345496,N809MD,2024-01-20,3314,PVD,2024-01-20,3479,ORD,MCI,2024-01-20T14:28:00+00:00,2024-01-20T16:05:00+00:00,97.0,2024-01-20T16:05:00+00:00,97.0,0.0,False,"(15,180]",True,False,False,True,accepted,,True
2024-01_reporting.csv:345493,2024-01_reporting.csv:345492,N809MD,2024-01-20,3331,MCI,2024-01-20,3323,ORD,EWR,2024-01-21T00:51:00+00:00,2024-01-21T01:44:00+00:00,53.0,2024-01-21T01:50:00+00:00,59.0,-6.0,False,"(15,180]",True,False,False,True,accepted,,True
2024-01_reporting.csv:345495,2024-01_reporting.csv:345494,N809MD,2024-01-20,3479,MCI,2024-01-20,3331,ORD,MCI,2024-01-20T19:42:00+00:00,2024-01-20T21:03:00+00:00,81.0,2024-01-20T21:03:00+00:00,81.0,0.0,False,"(15,180]",True,False,False,True,accepted,,True
2024-01_reporting.csv:345497,2024-01_reporting.csv:345500,N821MD,2024-01-20,3343,CMH,2024-01-20,4074,ORD,RDU,2024-01-20T17:24:00+00:00,2024-01-20T18:45:00+00:00,81.0,2024-01-20T18:45:00+00:00,81.0,0.0,False,"(15,180]",True,False,False,True,accepted,,True
2024-01_reporting.csv:345501,2024-01_reporting.csv:345499,N821MD,2024-01-20,4074,RDU,2024-01-20,3621,ORD,GSP,2024-01-20T23:18:00+00:00,2024-01-21T00:48:00+00:00,90.0,2024-01-21T00:52:00+00:00,94.0,-4.0,False,"(15,180]",True,False,False,True,accepted,,True
2024-01_reporting.csv:345503,2024-01_reporting.csv:345505,N826MD,2024-01-20,3678,BDL,2024-01-20,3715,ORD,PVD,2024-01-20T19:33:00+00:00,2024-01-20T20:52:00+00:00,79.0,2024-01-20T20:55:00+00:00,82.0,-3.0,False,"(15,180]",True,False,False,True,accepted,,True
2024-01_reporting.csv:345504,2024-01_reporting.csv:345502,N826MD,2024-01-20,3710,GSP,2024-01-20,3493,ORD,BDL,2024-01-20T13:51:00+00:00,2024-01-20T14:31:00+00:00,40.0,2024-01-20T14:22:00+00:00,31.0,9.0,False,"(15,180]",True,False,False,True,accepted,,True
2024-01_reporting.csv:345507,2024-01_reporting.csv:345508,N868RW,2024-01-20,3497,STL,2024-01-20,3745,ORD,COU,2024-01-20T23:30:00+00:00,2024-01-21T01:21:00+00:00,111.0,2024-01-21T00:26:00+00:00,56.0,55.0,True,"(15,180]",True,False,False,True,accepted,,True
2024-01_reporting.csv:345510,2024-01_reporting.csv:345506,N868RW,2024-01-20,3870,STL,2024-01-20,3497,ORD,STL,2024-01-20T19:16:00+00:00,2024-01-20T20:17:00+00:00,61.0,2024-01-20T19:57:00+00:00,41.0,20.0,True,"(15,180]",True,False,False,True,accepted,,True
2024-01_reporting.csv:345511,2024-01_reporting.csv:345509,N868RW,2024-01-20,4134,SYR,2024-01-20,3870,ORD,STL,2024-01-20T14:49:00+00:00,2024-01-20T15:51:00+00:00,62.0,2024-01-20T15:52:00+00:00,63.0,-1.0,False,"(15,180]",True,False,False,True,accepted,,True
2024-01_reporting.csv:345513,2024-01_reporting.csv:345514,N873RW,2024-01-20,3723,FAR,2024-01-20,3802,ORD,STL,2024-01-20T13:12:00+00:00,2024-01-20T15:12:00+00:00,120.0,2024-01-20T14:45:00+00:00,93.0,27.0,True,"(15,180]",True,False,False,True,accepted,,True
2024-01_reporting.csv:345515,2024-01_reporting.csv:345517,N873RW,2024-01-20,3802,STL,2024-01-20,3818,ORD,ICT,2024-01-20T17:58:00+00:00,2024-01-20T19:14:00+00:00,76.0,2024-01-20T19:15:00+00:00,77.0,-1.0,False,"(15,180]",True,False,False,True,accepted,,True
2024-01_reporting.csv:345516,2024-01_reporting.csv:345512,N873RW,2024-01-20,3818,ICT,2024-01-20,3694,ORD,CMI,2024-01-20T23:31:00+00:00,2024-01-21T00:18:00+00:00,47.0,2024-01-21T00:20:00+00:00,49.0,-2.0,False,"(15,180]",True,False,False,True,accepted,,True
2024-01_reporting.csv:345519,2024-01_reporting.csv:345521,N874RW,2024-01-20,3367,OKC,2024-01-20,3937,ORD,OMA,2024-01-20T16:14:00+00:00,2024-01-20T17:10:00+00:00,56.0,2024-01-20T16:10:00+00:00,-4.0,60.0,True,"(15,180]",True,False,False,True,accepted,,True
2024-01_reporting.csv:345520,2024-01_reporting.csv:345518,N874RW,2024-01-20,3937,OMA,2024-01-20,3320,ORD,SGF,2024-01-20T20:39:00+00:00,2024-01-20T21:36:00+00:00,57.0,2024-01-20T21:43:00+00:00,64.0,-7.0,False,"(15,180]",True,False,False,True,accepted,,True
2024-01_reporting.csv:361968,2024-01_reporting.csv:361970,N204NN,2024-01-21,3934,BNA,2024-01-21,4084,ORD,IAH,2024-01-21T18:18:00+00:00,2024-01-21T19:14:00+00:00,56.0,2024-01-21T19:15:00+00:00,57.0,-1.0,False,"(15,180]",True,False,False,True,accepted,,True
2024-01_reporting.csv:361977,2024-01_reporting.csv:361979,N206NN,2024-01-21,3673,GSO,2024-01-21,3680,ORD,MSY,2024-01-21T13:53:00+00:00,2024-01-21T14:36:00+00:00,43.0,2024-01-21T14:30:00+00:00,37.0,6.0,False,"(15,180]",True,False,False,True,accepted,,True
2024-01_reporting.csv:361978,2024-01_reporting.csv:361980,N206NN,2024-01-21,3680,MSY,2024-01-21,3741,ORD,SDF,2024-01-21T20:19:00+00:00,2024-01-21T21:52:00+00:00,93.0,2024-01-21T21:28:00+00:00,69.0,24.0,True,"(15,180]",True,False,False,True,accepted,,True
2024-01_reporting.csv:361981,2024-01_reporting.csv:361982,N206NN,2024-01-21,3741,SDF,2024-01-21,3755,ORD,ICT,2024-01-22T01:20:00+00:00,2024-01-22T02:22:00+00:00,62.0,2024-01-22T02:25:00+00:00,65.0,-3.0,False,"(15,180]",True,False,False,True,accepted,,True
2024-01_reporting.csv:362253,2024-01_reporting.csv:362257,N257NN,2024-01-21,3572,CMH,2024-01-21,3937,ORD,OMA,2024-01-21T15:01:00+00:00,2024-01-21T16:10:00+00:00,69.0,2024-01-21T16:10:00+00:00,69.0,0.0,False,"(15,180]",True,False,False,True,accepted,,True
2024-01_reporting.csv:362255,2024-01_reporting.csv:362252,N257NN,2024-01-21,3707,PIT,2024-01-21,3362,ORD,SGF,2024-01-22T00:21:00+00:00,2024-01-22T00:56:00+00:00,35.0,2024-01-22T00:55:00+00:00,34.0,1.0,False,"(15,180]",True,False,False,True,accepted,,True
2024-01_reporting.csv:362256,2024-01_reporting.csv:362254,N257NN,2024-01-21,3937,OMA,2024-01-21,3707,ORD,PIT,2024-01-21T19:54:00+00:00,2024-01-21T20:49:00+00:00,55.0,2024-01-21T20:55:00+00:00,61.0,-6.0,False,"(15,180]",True,False,False,True,accepted,,True
2024-01_reporting.csv:362259,2024-01_reporting.csv:362263,N258NN,2024-01-21,3385,CID,2024-01-21,3581,ORD,XNA,2024-01-21T13:49:00+00:00,2024-01-21T14:17:00+00:00,28.0,2024-01-21T14:14:00+00:00,25.0,3.0,False,"(15,180]",True,False,False,True,accepted,,True
2024-01_reporting.csv:362261,2024-01_reporting.csv:362265,N258NN,2024-01-21,3456,GRR,2024-01-21,3799,ORD,GRB,2024-01-21T21:44:00+00:00,2024-01-21T22:47:00+00:00,63.0,2024-01-21T22:52:00+00:00,68.0,-5.0,False,"(15,180]",True,False,False,True,accepted,,True
2024-01_reporting.csv:362264,2024-01_reporting.csv:362262,N258NN,2024-01-21,3611,XNA,2024-01-21,3456,ORD,GRR,2024-01-21T18:23:00+00:00,2024-01-21T19:34:00+00:00,71.0,2024-01-21T19:32:00+00:00,69.0,2.0,False,"(15,180]",True,False,False,True,accepted,,True
2024-01_reporting.csv:362275,2024-01_reporting.csv:362277,N260NN,2024-01-21,3312,LEX,2024-01-21,3374,ORD,EWR,2024-01-21T13:57:00+00:00,2024-01-21T15:49:00+00:00,112.0,2024-01-21T15:50:00+00:00,113.0,-1.0,False,"(15,180]",True,False,False,True,accepted,,True
2024-01_reporting.csv:362276,2024-01_reporting.csv:362279,N260NN,2024-01-21,3319,EWR,2024-01-21,3543,ORD,ROC,2024-01-21T20:43:00+00:00,2024-01-21T21:24:00+00:00,41.0,2024-01-21T21:19:00+00:00,36.0,5.0,False,"(15,180]",True,False,False,True,accepted,,True
2024-01_reporting.csv:362278,2024-01_reporting.csv:380804,N260NN,2024-01-21,3513,ROC,2024-01-22,3877,ORD,ELP,2024-01-22T01:41:00+00:00,2024-01-22T14:40:00+00:00,779.0,2024-01-22T14:19:00+00:00,758.0,21.0,True,>360,True,False,False,True,accepted,,False
2024-01_reporting.csv:362308,2024-01_reporting.csv:362304,N266NN,2024-01-21,4088,XNA,2024-01-21,3322,ORD,AUS,2024-01-21T13:14:00+00:00,2024-01-21T14:47:00+00:00,93.0,2024-01-21T14:48:00+00:00,94.0,-1.0,False,"(15,180]",True,False,False,True,accepted,,True
2024-01_reporting.csv:362309,2024-01_reporting.csv:362312,N267NN,2024-01-21,3418,AUS,2024-01-21,3578,ORD,XNA,2024-01-21T23:39:00+00:00,2024-01-22T00:35:00+00:00,56.0,2024-01-22T00:34:00+00:00,55.0,1.0,False,"(15,180]",True,False,False,True,accepted,,True
2024-01_reporting.csv:362330,2024-01_reporting.csv:362331,N271NN,2024-01-21,3757,ICT,2024-01-21,3851,ORD,BNA,2024-01-21T14:30:00+00:00,2024-01-21T15:10:00+00:00,40.0,2024-01-21T14:35:00+00:00,5.0,35.0,True,"(15,180]",True,False,False,True,accepted,,True
2024-01_reporting.csv:362351,2024-01_reporting.csv:362348,N275NN,2024-01-21,3871,BOS,2024-01-21,3648,ORD,GSO,2024-01-21T23:06:00+00:00,2024-01-22T00:25:00+00:00,79.0,2024-01-22T00:28:00+00:00,82.0,-3.0,False,"(15,180]",True,False,False,True,accepted,,True
2024-01_reporting.csv:362367,2024-01_reporting.csv:362365,N279MQ,2024-01-21,3715,PVD,2024-01-21,3384,ORD,CMH,2024-01-22T01:57:00+00:00,2024-01-22T02:31:00+00:00,34.0,2024-01-22T02:20:00+00:00,23.0,11.0,False,"(15,180]",True,False,False,True,accepted,,True
2024-01_reporting.csv:362368,2024-01_reporting.csv:362370,N279MQ,2024-01-21,3723,FAR,2024-01-21,3789,ORD,EWR,2024-01-21T12:58:00+00:00,2024-01-21T14:29:00+00:00,91.0,2024-01-21T14:30:00+00:00,92.0,-1.0,False,"(15,180]",True,False,False,True,accepted,,True
2024-01_reporting.csv:362369,2024-01_reporting.csv:362366,N279MQ,2024-01-21,3789,EWR,2024-01-21,3715,ORD,PVD,2024-01-21T19:42:00+00:00,2024-01-21T20:54:00+00:00,72.0,2024-01-21T19:50:00+00:00,8.0,64.0,True,"(15,180]",True,False,False,True,accepted,,True
2024-01_reporting.csv:362461,2024-01_reporting.csv:362462,N302RN,2024-01-21,3398,ELP,2024-01-21,3497,ORD,STL,2024-01-21T21:15:00+00:00,2024-01-21T22:20:00+00:00,65.0,2024-01-21T22:21:00+00:00,66.0,-1.0,False,"(15,180]",True,False,False,True,accepted,,True
2024-01_reporting.csv:362463,2024-01_reporting.csv:362464,N302RN,2024-01-21,3497,STL,2024-01-21,3695,ORD,LIT,2024-01-22T01:41:00+00:00,2024-01-22T02:18:00+00:00,37.0,2024-01-22T02:25:00+00:00,44.0,-7.0,False,"(15,180]",True,False,False,True,accepted,,True
2024-01_reporting.csv:362466,2024-01_reporting.csv:362465,N302RN,2024-01-21,4072,ROC,2024-01-21,3877,ORD,ELP,2024-01-21T12:37:00+00:00,2024-01-21T14:34:00+00:00,117.0,2024-01-21T14:19:00+00:00,102.0,15.0,True,"(15,180]",True,False,False,True,accepted,,True
2024-01_reporting.csv:362501,2024-01_reporting.csv:362502,N449YX,2024-01-21,3490,BDL,2024-01-21,3845,ORD,RDU,2024-01-21T14:39:00+00:00,2024-01-21T15:59:00+00:00,80.0,2024-01-21T16:00:00+00:00,81.0,-1.0,False,"(15,180]",True,False,False,True,accepted,,True
2024-01_reporting.csv:362511,2024-01_reporting.csv:362514,N635RW,2024-01-21,3380,STL,2024-01-21,3788,ORD,EWR,2024-01-21T18:51:00+00:00,2024-01-21T19:53:00+00:00,62.0,2024-01-21T19:57:00+00:00,66.0,-4.0,False,"(15,180]",True,False,False,True,accepted,,True
2024-01_reporting.csv:362513,2024-01_reporting.csv:362512,N635RW,2024-01-21,3788,EWR,2024-01-21,3786,ORD,DSM,2024-01-22T01:02:00+00:00,2024-01-22T01:46:00+00:00,44.0,2024-01-22T01:50:00+00:00,48.0,-4.0,False,"(15,180]",True,False,False,True,accepted,,True
2024-01_reporting.csv:362515,2024-01_reporting.csv:362510,N635RW,2024-01-21,4134,SYR,2024-01-21,3380,ORD,STL,2024-01-21T14:53:00+00:00,2024-01-21T15:49:00+00:00,56.0,2024-01-21T15:52:00+00:00,59.0,-3.0,False,"(15,180]",True,False,False,True,accepted,,True
2024-01_reporting.csv:362517,2024-01_reporting.csv:362516,N636RW,2024-01-21,3790,EYW,2024-01-21,3478,ORD,BDL,2024-01-21T23:24:00+00:00,2024-01-22T00:38:00+00:00,74.0,2024-01-22T00:40:00+00:00,76.0,-2.0,False,"(15,180]",True,False,False,True,accepted,,True
2024-01_reporting.csv:362519,2024-01_reporting.csv:362518,N636RW,2024-01-21,3826,CVG,2024-01-21,3790,ORD,EYW,2024-01-21T15:20:00+00:00,2024-01-21T16:03:00+00:00,43.0,2024-01-21T16:05:00+00:00,45.0,-2.0,False,"(15,180]",True,False,False,True,accepted,,True
2024-01_reporting.csv:362520,2024-01_reporting.csv:362525,N637RW,2024-01-21,3382,BDL,2024-01-21,4007,ORD,ROC,2024-01-22T00:15:00+00:00,2024-01-22T01:20:00+00:00,65.0,2024-01-22T01:25:00+00:00,70.0,-5.0,False,"(15,180]",True,False,False,True,accepted,,True
2024-01_reporting.csv:362522,2024-01_reporting.csv:362521,N637RW,2024-01-21,3746,CMI,2024-01-21,3382,ORD,BDL,2024-01-21T18:12:00+00:00,2024-01-21T19:18:00+00:00,66.0,2024-01-21T19:19:00+00:00,67.0,-1.0,False,"(15,180]",True,False,False,True,accepted,,True
2024-01_reporting.csv:362524,2024-01_reporting.csv:362523,N637RW,2024-01-21,3815,GRB,2024-01-21,3747,ORD,CMI,2024-01-21T15:21:00+00:00,2024-01-21T15:53:00+00:00,32.0,2024-01-21T15:55:00+00:00,34.0,-2.0,False,"(15,180]",True,False,False,True,accepted,,True
2024-01_reporting.csv:362528,2024-01_reporting.csv:362526,N643RW,2024-01-21,3669,AVP,2024-01-21,3324,ORD,SYR,2024-01-22T01:02:00+00:00,2024-01-22T02:28:00+00:00,86.0,2024-01-22T02:28:00+00:00,86.0,0.0,False,"(15,180]",True,False,False,True,accepted,,True
2024-01_reporting.csv:362529,2024-01_reporting.csv:362530,N643RW,2024-01-21,3678,BDL,2024-01-21,3893,ORD,AVP,2024-01-21T19:38:00+00:00,2024-01-21T20:50:00+00:00,72.0,2024-01-21T20:51:00+00:00,73.0,-1.0,False,"(15,180]",True,False,False,True,accepted,,True
2024-01_reporting.csv:362531,2024-01_reporting.csv:362527,N643RW,2024-01-21,4094,CVG,2024-01-21,3493,ORD,BDL,2024-01-21T13:42:00+00:00,2024-01-21T14:21:00+00:00,39.0,2024-01-21T14:22:00+00:00,40.0,-1.0,False,"(15,180]",True,False,False,True,accepted,,True
2024-01_reporting.csv:362533,2024-01_reporting.csv:362536,N644RW,2024-01-21,3679,BWI,2024-01-21,3839,ORD,OKC,2024-01-21T19:06:00+00:00,2024-01-21T20:28:00+00:00,82.0,2024-01-21T20:13:00+00:00,67.0,15.0,True,"(15,180]",True,False,False,True,accepted,,True
2024-01_reporting.csv:362535,2024-01_reporting.csv:362532,N644RW,2024-01-21,3839,OKC,2024-01-21,3621,ORD,GSP,2024-01-22T01:09:00+00:00,2024-01-22T02:26:00+00:00,77.0,2024-01-22T02:30:00+00:00,81.0,-4.0,False,"(15,180]",True,False,False,True,accepted,,True
2024-01_reporting.csv:362551,2024-01_reporting.csv:362553,N762DT,2024-01-21,3375,XNA,2024-01-21,3875,ORD,MSN,2024-01-22T01:43:00+00:00,2024-01-22T02:45:00+00:00,62.0,2024-01-22T02:45:00+00:00,62.0,0.0,False,"(15,180]",True,False,False,True,accepted,,True
2024-01_reporting.csv:362552,2024-01_reporting.csv:362555,N762DT,2024-01-21,3782,DSM,2024-01-21,3922,ORD,BHM,2024-01-21T15:00:00+00:00,2024-01-21T15:51:00+00:00,51.0,2024-01-21T15:50:00+00:00,50.0,1.0,False,"(15,180]",True,False,False,True,accepted,,True
2024-01_reporting.csv:362554,2024-01_reporting.csv:362550,N762DT,2024-01-21,3922,BHM,2024-01-21,3375,ORD,XNA,2024-01-21T21:09:00+00:00,2024-01-21T21:44:00+00:00,35.0,2024-01-21T21:22:00+00:00,13.0,22.0,True,"(15,180]",True,False,False,True,accepted,,True
2024-01_reporting.csv:362556,2024-01_reporting.csv:362558,N763CC,2024-01-21,3369,MCI,2024-01-21,3416,ORD,ATL,2024-01-21T13:06:00+00:00,2024-01-21T14:31:00+00:00,85.0,2024-01-21T14:18:00+00:00,72.0,13.0,False,"(15,180]",True,False,False,True,accepted,,True
2024-01_reporting.csv:362559,2024-01_reporting.csv:362561,N764JD,2024-01-21,3367,OKC,2024-01-21,3479,ORD,MCI,2024-01-21T14:56:00+00:00,2024-01-21T15:59:00+00:00,63.0,2024-01-21T16:05:00+00:00,69.0,-6.0,False,"(15,180]",True,False,False,True,accepted,,True
2024-01_reporting.csv:362560,2024-01_reporting.csv:362563,N764JD,2024-01-21,3479,MCI,2024-01-21,3769,ORD,ATL,2024-01-21T19:32:00+00:00,2024-01-21T21:03:00+00:00,91.0,2024-01-21T20:53:00+00:00,81.0,10.0,False,"(15,180]",True,False,False,True,accepted,,True
2024-01_reporting.csv:362562,2024-01_reporting.csv:362564,N764JD,2024-01-21,3769,ATL,2024-01-21,3945,ORD,MEM,2024-01-22T01:24:00+00:00,2024-01-22T02:28:00+00:00,64.0,2024-01-22T02:31:00+00:00,67.0,-3.0,False,"(15,180]",True,False,False,True,accepted,,True
2024-01_reporting.csv:362566,2024-01_reporting.csv:362567,N765ST,2024-01-21,3358,SYR,2024-01-21,3750,ORD,FSD,2024-01-22T02:36:00+00:00,2024-01-22T03:34:00+00:00,58.0,2024-01-22T03:40:00+00:00,64.0,-6.0,False,"(15,180]",True,False,False,True,accepted,,True
2024-01_reporting.csv:362568,2024-01_reporting.csv:362565,N765ST,2024-01-21,3792,OKC,2024-01-21,3358,ORD,SYR,2024-01-21T21:02:00+00:00,2024-01-21T21:54:00+00:00,52.0,2024-01-21T20:27:00+00:00,-35.0,87.0,True,"(15,180]",True,False,False,True,accepted,,True
2024-01_reporting.csv:362578,2024-01_reporting.csv:362577,N769KW,2024-01-21,3739,FSD,2024-01-21,3664,ORD,CMH,2024-01-21T20:46:00+00:00,2024-01-21T22:39:00+00:00,113.0,2024-01-21T22:45:00+00:00,119.0,-6.0,False,"(15,180]",True,False,False,True,accepted,,True
2024-01_reporting.csv:362580,2024-01_reporting.csv:362581,N770JM,2024-01-21,3320,SGF,2024-01-21,3811,ORD,OMA,2024-01-22T02:04:00+00:00,2024-01-22T02:55:00+00:00,51.0,2024-01-22T02:40:00+00:00,36.0,15.0,True,"(15,180]",True,False,False,True,accepted,,True
2024-01_reporting.csv:362582,2024-01_reporting.csv:362579,N770JM,2024-01-21,3836,IAH,2024-01-21,3320,ORD,SGF,2024-01-21T21:18:00+00:00,2024-01-21T22:04:00+00:00,46.0,2024-01-21T21:43:00+00:00,25.0,21.0,True,"(15,180]",True,False,False,True,accepted,,True
2024-01_reporting.csv:362584,2024-01_reporting.csv:362583,N770JM,2024-01-21,3942,CMH,2024-01-21,3836,ORD,IAH,2024-01-21T14:49:00+00:00,2024-01-21T15:20:00+00:00,31.0,2024-01-21T14:37:00+00:00,-12.0,43.0,True,"(15,180]",True,False,False,True,accepted,,True
2024-01_reporting.csv:362585,2024-01_reporting.csv:362588,N771JV,2024-01-21,3793,FSD,2024-01-21,4156,ORD,RIC,2024-01-21T21:08:00+00:00,2024-01-21T21:45:00+00:00,37.0,2024-01-21T20:55:00+00:00,-13.0,50.0,True,"(15,180]",True,False,False,True,accepted,,True
2024-01_reporting.csv:362587,2024-01_reporting.csv:362586,N771JV,2024-01-21,4002,LSE,2024-01-21,3793,ORD,FSD,2024-01-21T15:06:00+00:00,2024-01-21T15:59:00+00:00,53.0,2024-01-21T15:59:00+00:00,53.0,0.0,False,"(15,180]",True,False,False,True,accepted,,True
2024-01_reporting.csv:362591,2024-01_reporting.csv:362593,N774JG,2024-01-21,3364,OMA,2024-01-21,3802,ORD,STL,2024-01-21T13:16:00+00:00,2024-01-21T14:16:00+00:00,60.0,2024-01-21T14:19:00+00:00,63.0,-3.0,False,"(15,180]",True,False,False,True,accepted,,True
2024-01_reporting.csv:362594,2024-01_reporting.csv:362596,N774JG,2024-01-21,3802,STL,2024-01-21,3818,ORD,ICT,2024-01-21T18:01:00+00:00,2024-01-21T19:15:00+00:00,74.0,2024-01-21T19:18:00+00:00,77.0,-3.0,False,"(15,180]",True,False,False,True,accepted,,True
2024-01_reporting.csv:362595,2024-01_reporting.csv:362592,N774JG,2024-01-21,3818,ICT,2024-01-21,3499,ORD,HPN,2024-01-21T23:38:00+00:00,2024-01-22T00:43:00+00:00,65.0,2024-01-22T00:45:00+00:00,67.0,-2.0,False,"(15,180]",True,False,False,True,accepted,,True
2024-01_reporting.csv:362607,2024-01_reporting.csv:362612,N779RN,2024-01-21,3514,FAR,2024-01-21,3770,ORD,ATW,2024-01-21T20:14:00+00:00,2024-01-21T20:54:00+00:00,40.0,2024-01-21T21:00:00+00:00,46.0,-6.0,False,"(15,180]",True,False,False,True,accepted,,True
2024-01_reporting.csv:362609,2024-01_reporting.csv:362608,N779RN,2024-01-21,3744,COU,2024-01-21,3514,ORD,FAR,2024-01-21T14:44:00+00:00,2024-01-21T15:48:00+00:00,64.0,2024-01-21T15:50:00+00:00,66.0,-2.0,False,"(15,180]",True,False,False,True,accepted,,True
2024-01_reporting.csv:362611,2024-01_reporting.csv:362610,N779RN,2024-01-21,3770,ATW,2024-01-21,3745,ORD,COU,2024-01-21T23:38:00+00:00,2024-01-22T00:25:00+00:00,47.0,2024-01-22T00:26:00+00:00,48.0,-1.0,False,"(15,180]",True,False,False,True,accepted,,True
2024-01_reporting.csv:362613,2024-01_reporting.csv:381139,N783LC,2024-01-21,3845,RDU,2024-01-22,3742,ORD,BHM,2024-01-22T04:35:00+00:00,2024-01-22T14:45:00+00:00,610.0,2024-01-22T14:15:00+00:00,580.0,30.0,True,>360,True,False,False,True,accepted,,False
2024-01_reporting.csv:362619,2024-01_reporting.csv:362624,N809MD,2024-01-21,3392,EWR,2024-01-21,3936,ORD,MSN,2024-01-21T14:29:00+00:00,2024-01-21T16:13:00+00:00,104.0,2024-01-21T16:10:00+00:00,101.0,3.0,False,"(15,180]",True,False,False,True,accepted,,True
2024-01_reporting.csv:362621,2024-01_reporting.csv:362620,N809MD,2024-01-21,3760,DSM,2024-01-21,3694,ORD,CMI,2024-01-22T00:04:00+00:00,2024-01-22T01:06:00+00:00,62.0,2024-01-22T00:20:00+00:00,16.0,46.0,True,"(15,180]",True,False,False,True,accepted,,True
2024-01_reporting.csv:362623,2024-01_reporting.csv:362622,N809MD,2024-01-21,3936,MSN,2024-01-21,3760,ORD,DSM,2024-01-21T18:37:00+00:00,2024-01-21T19:56:00+00:00,79.0,2024-01-21T19:51:00+00:00,74.0,5.0,False,"(15,180]",True,False,False,True,accepted,,True
2024-01_reporting.csv:362625,2024-01_reporting.csv:362629,N821MD,2024-01-21,3682,CID,2024-01-21,3808,ORD,HPN,2024-01-21T18:11:00+00:00,2024-01-21T18:46:00+00:00,35.0,2024-01-21T18:54:00+00:00,43.0,-8.0,False,"(15,180]",True,False,False,True,accepted,,True
2024-01_reporting.csv:362627,2024-01_reporting.csv:362626,N821MD,2024-01-21,3710,GSP,2024-01-21,3682,ORD,CID,2024-01-21T14:01:00+00:00,2024-01-21T15:04:00+00:00,63.0,2024-01-21T14:30:00+00:00,29.0,34.0,True,"(15,180]",True,False,False,True,accepted,,True
2024-01_reporting.csv:362628,2024-01_reporting.csv:362630,N821MD,2024-01-21,3808,HPN,2024-01-21,3972,ORD,CVG,2024-01-21T23:37:00+00:00,2024-01-22T00:36:00+00:00,59.0,2024-01-21T23:37:00+00:00,0.0,59.0,True,"(15,180]",True,False,False,True,accepted,,True
2024-01_reporting.csv:362631,2024-01_reporting.csv:362636,N826MD,2024-01-21,3314,PVD,2024-01-21,3932,ORD,IND,2024-01-21T14:48:00+00:00,2024-01-21T15:34:00+00:00,46.0,2024-01-21T15:37:00+00:00,49.0,-3.0,False,"(15,180]",True,False,False,True,accepted,,True
2024-01_reporting.csv:362632,2024-01_reporting.csv:362638,N826MD,2024-01-21,3467,IND,2024-01-21,3956,ORD,MSN,2024-01-21T22:03:00+00:00,2024-01-21T23:12:00+00:00,69.0,2024-01-21T23:17:00+00:00,74.0,-5.0,False,"(15,180]",True,False,False,True,accepted,,True
2024-01_reporting.csv:362635,2024-01_reporting.csv:362633,N826MD,2024-01-21,3932,IND,2024-01-21,3467,ORD,IND,2024-01-21T18:21:00+00:00,2024-01-21T19:22:00+00:00,61.0,2024-01-21T19:26:00+00:00,65.0,-4.0,False,"(15,180]",True,False,False,True,accepted,,True
2024-01_reporting.csv:362637,2024-01_reporting.csv:362634,N826MD,2024-01-21,3956,MSN,2024-01-21,3690,ORD,CVG,2024-01-22T01:42:00+00:00,2024-01-22T02:17:00+00:00,35.0,2024-01-22T02:17:00+00:00,35.0,0.0,False,"(15,180]",True,False,False,True,accepted,,True
2024-01_reporting.csv:362646,2024-01_reporting.csv:362650,N873RW,2024-01-21,3609,CMI,2024-01-21,3812,ORD,HPN,2024-01-21T13:07:00+00:00,2024-01-21T14:11:00+00:00,64.0,2024-01-21T14:15:00+00:00,68.0,-4.0,False,"(15,180]",True,False,False,True,accepted,,True
2024-01_reporting.csv:362647,2024-01_reporting.csv:362651,N873RW,2024-01-21,3775,BNA,2024-01-21,3878,ORD,GRB,2024-01-22T02:47:00+00:00,2024-01-22T03:39:00+00:00,52.0,2024-01-22T03:35:00+00:00,48.0,4.0,False,"(15,180]",True,False,False,True,accepted,,True
2024-01_reporting.csv:362649,2024-01_reporting.csv:362648,N873RW,2024-01-21,3812,HPN,2024-01-21,3775,ORD,BNA,2024-01-21T19:39:00+00:00,2024-01-21T22:12:00+00:00,153.0,2024-01-21T21:52:00+00:00,133.0,20.0,True,"(15,180]",True,False,False,True,accepted,,True
2024-01_reporting.csv:362653,2024-01_reporting.csv:362655,N874RW,2024-01-21,3343,CMH,2024-01-21,4074,ORD,RDU,2024-01-21T17:19:00+00:00,2024-01-21T18:42:00+00:00,83.0,2024-01-21T18:45:00+00:00,86.0,-3.0,False,"(15,180]",True,False,False,True,accepted,,True
2024-01_reporting.csv:362656,2024-01_reporting.csv:362652,N874RW,2024-01-21,4074,RDU,2024-01-21,3315,ORD,PVD,2024-01-21T23:36:00+00:00,2024-01-22T00:30:00+00:00,54.0,2024-01-22T00:31:00+00:00,55.0,-1.0,False,"(15,180]",True,False,False,True,accepted,,True
2024-01_reporting.csv:362657,2024-01_reporting.csv:362654,N874RW,2024-01-21,4129,SGF,2024-01-21,3343,ORD,CMH,2024-01-21T12:44:00+00:00,2024-01-21T14:04:00+00:00,80.0,2024-01-21T14:14:00+00:00,90.0,-10.0,False,"(15,180]",True,False,False,True,accepted,,True
2024-01_reporting.csv:380551,2024-01_reporting.csv:380554,N211NN,2024-01-22,3418,AUS,2024-01-22,3956,ORD,MSN,2024-01-22T23:30:00+00:00,2024-01-23T00:39:00+00:00,69.0,2024-01-22T23:40:00+00:00,10.0,59.0,True,"(15,180]",True,False,False,True,accepted,,True
2024-01_reporting.csv:380590,2024-01_reporting.csv:380589,N220NN,2024-01-22,3836,IAH,2024-01-22,3811,ORD,OMA,2024-01-23T00:57:00+00:00,2024-01-23T01:39:00+00:00,42.0,2024-01-22T21:31:00+00:00,-206.0,248.0,True,"(15,180]",True,False,False,True,accepted,,True
2024-01_reporting.csv:380592,2024-01_reporting.csv:380591,N220NN,2024-01-22,4088,XNA,2024-01-22,3836,ORD,IAH,2024-01-22T17:23:00+00:00,2024-01-22T18:23:00+00:00,60.0,2024-01-22T15:10:00+00:00,-133.0,193.0,True,"(15,180]",True,False,False,True,accepted,,True
2024-01_reporting.csv:380791,2024-01_reporting.csv:380790,N257NN,2024-01-22,3818,ICT,2024-01-22,3799,ORD,GRB,2024-01-23T01:07:00+00:00,2024-01-23T01:42:00+00:00,35.0,2024-01-22T22:52:00+00:00,-135.0,170.0,True,"(15,180]",True,False,False,True,accepted,,True
2024-01_reporting.csv:380793,2024-01_reporting.csv:380792,N257NN,2024-01-22,4129,SGF,2024-01-22,3818,ORD,ICT,2024-01-22T19:17:00+00:00,2024-01-22T20:06:00+00:00,49.0,2024-01-22T19:18:00+00:00,1.0,48.0,True,"(15,180]",True,False,False,True,accepted,,True
2024-01_reporting.csv:380795,2024-01_reporting.csv:380796,N258NN,2024-01-22,3723,FAR,2024-01-22,3733,ORD,BOS,2024-01-22T12:45:00+00:00,2024-01-22T13:39:00+00:00,54.0,2024-01-22T13:05:00+00:00,20.0,34.0,True,"(15,180]",True,False,False,True,accepted,,True
2024-01_reporting.csv:380803,2024-01_reporting.csv:380805,N260NN,2024-01-22,3398,ELP,2024-01-22,3972,ORD,CVG,2024-01-22T22:19:00+00:00,2024-01-22T22:58:00+00:00,39.0,2024-01-22T23:00:00+00:00,41.0,-2.0,False,"(15,180]",True,False,False,True,accepted,,True
2024-01_reporting.csv:380815,2024-01_reporting.csv:380817,N262NN,2024-01-22,3934,BNA,2024-01-22,4084,ORD,IAH,2024-01-22T18:10:00+00:00,2024-01-22T19:15:00+00:00,65.0,2024-01-22T19:15:00+00:00,65.0,0.0,False,"(15,180]",True,False,False,True,accepted,,True
2024-01_reporting.csv:380816,2024-01_reporting.csv:380813,N262NN,2024-01-22,4084,IAH,2024-01-22,3621,ORD,GSP,2024-01-23T01:45:00+00:00,2024-01-23T02:22:00+00:00,37.0,2024-01-23T02:22:00+00:00,37.0,0.0,False,"(15,180]",True,False,False,True,accepted,,True
2024-01_reporting.csv:380881,2024-01_reporting.csv:380877,N275NN,2024-01-22,3673,GSO,2024-01-22,3322,ORD,AUS,2024-01-22T13:34:00+00:00,2024-01-22T14:29:00+00:00,55.0,2024-01-22T14:35:00+00:00,61.0,-6.0,False,"(15,180]",True,False,False,True,accepted,,True
2024-01_reporting.csv:380901,2024-01_reporting.csv:380903,N279MQ,2024-01-22,3680,MSY,2024-01-22,3741,ORD,SDF,2024-01-22T21:10:00+00:00,2024-01-22T22:02:00+00:00,52.0,2024-01-22T21:28:00+00:00,18.0,34.0,True,"(15,180]",True,False,False,True,accepted,,True
2024-01_reporting.csv:380905,2024-01_reporting.csv:380902,N279MQ,2024-01-22,3942,CMH,2024-01-22,3680,ORD,MSY,2024-01-22T13:09:00+00:00,2024-01-22T14:30:00+00:00,81.0,2024-01-22T14:30:00+00:00,81.0,0.0,False,"(15,180]",True,False,False,True,accepted,,True
2024-01_reporting.csv:380993,2024-01_reporting.csv:380995,N302RN,2024-01-22,3479,MCI,2024-01-22,3967,ORD,FSD,2024-01-22T21:53:00+00:00,2024-01-22T22:28:00+00:00,35.0,2024-01-22T21:36:00+00:00,-17.0,52.0,True,"(15,180]",True,False,False,True,accepted,,True
2024-01_reporting.csv:380994,2024-01_reporting.csv:380992,N302RN,2024-01-22,3656,LIT,2024-01-22,3317,ORD,MCI,2024-01-22T16:56:00+00:00,2024-01-22T17:48:00+00:00,52.0,2024-01-22T17:51:00+00:00,55.0,-3.0,False,"(15,180]",True,False,False,True,accepted,,True
2024-01_reporting.csv:381030,2024-01_reporting.csv:381028,N312BT,2024-01-22,3871,BOS,2024-01-22,3648,ORD,GSO,2024-01-22T23:33:00+00:00,2024-01-23T00:28:00+00:00,55.0,2024-01-23T00:28:00+00:00,55.0,0.0,False,"(15,180]",True,False,False,True,accepted,,True
2024-01_reporting.csv:381049,2024-01_reporting.csv:381050,N635RW,2024-01-22,3782,DSM,2024-01-22,3803,ORD,SDF,2024-01-22T12:29:00+00:00,2024-01-22T14:40:00+00:00,131.0,2024-01-22T14:44:00+00:00,135.0,-4.0,False,"(15,180]",True,False,False,True,accepted,,True
2024-01_reporting.csv:381051,2024-01_reporting.csv:381053,N635RW,2024-01-22,3803,SDF,2024-01-22,3890,ORD,MSP,2024-01-22T19:01:00+00:00,2024-01-22T20:05:00+00:00,64.0,2024-01-22T20:06:00+00:00,65.0,-1.0,False,"(15,180]",True,False,False,True,accepted,,True
2024-01_reporting.csv:381052,2024-01_reporting.csv:381048,N635RW,2024-01-22,3862,MSP,2024-01-22,3690,ORD,CVG,2024-01-22T23:43:00+00:00,2024-01-23T00:23:00+00:00,40.0,2024-01-23T00:25:00+00:00,42.0,-2.0,False,"(15,180]",True,False,False,True,accepted,,True
2024-01_reporting.csv:381055,2024-01_reporting.csv:381057,N636RW,2024-01-22,3490,BDL,2024-01-22,3937,ORD,OMA,2024-01-22T14:49:00+00:00,2024-01-22T16:06:00+00:00,77.0,2024-01-22T16:10:00+00:00,81.0,-4.0,False,"(15,180]",True,False,False,True,accepted,,True
2024-01_reporting.csv:381056,2024-01_reporting.csv:381054,N636RW,2024-01-22,3937,OMA,2024-01-22,3382,ORD,BDL,2024-01-22T19:57:00+00:00,2024-01-22T20:48:00+00:00,51.0,2024-01-22T20:30:00+00:00,33.0,18.0,True,"(15,180]",True,False,False,True,accepted,,True
2024-01_reporting.csv:381061,2024-01_reporting.csv:381058,N637RW,2024-01-22,3789,EWR,2024-01-22,3499,ORD,HPN,2024-01-23T01:05:00+00:00,2024-01-23T01:51:00+00:00,46.0,2024-01-23T00:45:00+00:00,-20.0,66.0,True,"(15,180]",True,False,False,True,accepted,,True
2024-01_reporting.csv:381066,2024-01_reporting.csv:381065,N643RW,2024-01-22,4134,SYR,2024-01-22,3793,ORD,FSD,2024-01-22T15:03:00+00:00,2024-01-22T19:12:00+00:00,249.0,2024-01-22T16:05:00+00:00,62.0,187.0,True,"(180,360]",True,False,False,True,accepted,,False
2024-01_reporting.csv:381071,2024-01_reporting.csv:381070,N644RW,2024-01-22,3812,HPN,2024-01-22,3715,ORD,PVD,2024-01-22T19:58:00+00:00,2024-01-22T21:28:00+00:00,90.0,2024-01-22T20:55:00+00:00,57.0,33.0,True,"(15,180]",True,False,False,True,accepted,,True
2024-01_reporting.csv:381080,2024-01_reporting.csv:381077,N762DT,2024-01-22,3842,MSN,2024-01-22,3688,ORD,PIT,2024-01-22T13:25:00+00:00,2024-01-22T14:13:00+00:00,48.0,2024-01-22T14:14:00+00:00,49.0,-1.0,False,"(15,180]",True,False,False,True,accepted,,True
2024-01_reporting.csv:381082,2024-01_reporting.csv:381076,N762DT,2024-01-22,4074,RDU,2024-01-22,3384,ORD,CMH,2024-01-22T23:40:00+00:00,2024-01-23T00:27:00+00:00,47.0,2024-01-23T00:20:00+00:00,40.0,7.0,False,"(15,180]",True,False,False,True,accepted,,True
2024-01_reporting.csv:381094,2024-01_reporting.csv:381090,N765ST,2024-01-22,3739,FSD,2024-01-22,3416,ORD,ATL,2024-01-22T13:23:00+00:00,2024-01-22T15:02:00+00:00,99.0,2024-01-22T14:18:00+00:00,55.0,44.0,True,"(15,180]",True,False,False,True,accepted,,True
2024-01_reporting.csv:381095,2024-01_reporting.csv:381088,N765ST,2024-01-22,3788,EWR,2024-01-22,3387,ORD,MCI,2024-01-23T01:46:00+00:00,2024-01-23T02:49:00+00:00,63.0,2024-01-23T02:36:00+00:00,50.0,13.0,False,"(15,180]",True,False,False,True,accepted,,True
2024-01_reporting.csv:381105,2024-01_reporting.csv:381108,N770JM,2024-01-22,3380,ROC,2024-01-22,3707,ORD,PIT,2024-01-22T19:29:00+00:00,2024-01-22T20:16:00+00:00,47.0,2024-01-22T19:50:00+00:00,21.0,26.0,True,"(15,180]",True,False,False,True,accepted,,True
2024-01_reporting.csv:381109,2024-01_reporting.csv:381110,N770JM,2024-01-22,3707,PIT,2024-01-22,4007,ORD,ROC,2024-01-22T23:41:00+00:00,2024-01-23T00:52:00+00:00,71.0,2024-01-23T00:53:00+00:00,72.0,-1.0,False,"(15,180]",True,False,False,True,accepted,,True
2024-01_reporting.csv:381111,2024-01_reporting.csv:381113,N771JV,2024-01-22,3572,CMH,2024-01-22,3808,ORD,HPN,2024-01-22T17:40:00+00:00,2024-01-22T18:51:00+00:00,71.0,2024-01-22T18:54:00+00:00,74.0,-3.0,False,"(15,180]",True,False,False,True,accepted,,True
2024-01_reporting.csv:381112,2024-01_reporting.csv:381117,N771JV,2024-01-22,3808,HPN,2024-01-22,3945,ORD,MEM,2024-01-23T00:06:00+00:00,2024-01-23T00:59:00+00:00,53.0,2024-01-23T00:20:00+00:00,14.0,39.0,True,"(15,180]",True,False,False,True,accepted,,True
2024-01_reporting.csv:381120,2024-01_reporting.csv:381123,N774JG,2024-01-22,3496,HPN,2024-01-22,3790,ORD,EYW,2024-01-22T14:48:00+00:00,2024-01-22T15:51:00+00:00,63.0,2024-01-22T16:00:00+00:00,72.0,-9.0,False,"(15,180]",True,False,False,True,accepted,,True
2024-01_reporting.csv:381122,2024-01_reporting.csv:381121,N774JG,2024-01-22,3790,EYW,2024-01-22,3755,ORD,ICT,2024-01-22T23:23:00+00:00,2024-01-23T01:07:00+00:00,104.0,2024-01-23T00:31:00+00:00,68.0,36.0,True,"(15,180]",True,False,False,True,accepted,,True
2024-01_reporting.csv:381126,2024-01_reporting.csv:381125,N776MS,2024-01-22,3679,BWI,2024-01-22,3320,ORD,SGF,2024-01-22T19:47:00+00:00,2024-01-22T21:37:00+00:00,110.0,2024-01-22T21:43:00+00:00,116.0,-6.0,False,"(15,180]",True,False,False,True,accepted,,True
2024-01_reporting.csv:381128,2024-01_reporting.csv:381127,N776MS,2024-01-22,3757,ICT,2024-01-22,3679,ORD,BWI,2024-01-22T13:43:00+00:00,2024-01-22T14:34:00+00:00,51.0,2024-01-22T14:35:00+00:00,52.0,-1.0,False,"(15,180]",True,False,False,True,accepted,,True
2024-01_reporting.csv:381138,2024-01_reporting.csv:381141,N783LC,2024-01-22,3742,BHM,2024-01-22,3760,ORD,DSM,2024-01-22T20:05:00+00:00,2024-01-22T20:42:00+00:00,37.0,2024-01-22T19:51:00+00:00,-14.0,51.0,True,"(15,180]",True,False,False,True,accepted,,True
2024-01_reporting.csv:381140,2024-01_reporting.csv:398474,N783LC,2024-01-22,3760,DSM,2024-01-23,3812,ORD,HPN,2024-01-23T01:14:00+00:00,2024-01-23T14:07:00+00:00,773.0,2024-01-23T14:15:00+00:00,781.0,-8.0,False,>360,True,False,False,True,accepted,,False
2024-01_reporting.csv:381154,2024-01_reporting.csv:381155,N821MD,2024-01-22,3826,CVG,2024-01-22,3845,ORD,RDU,2024-01-22T14:50:00+00:00,2024-01-22T15:58:00+00:00,68.0,2024-01-22T16:00:00+00:00,70.0,-2.0,False,"(15,180]",True,False,False,True,accepted,,True
2024-01_reporting.csv:381156,2024-01_reporting.csv:381153,N821MD,2024-01-22,3845,RDU,2024-01-22,3817,ORD,LIT,2024-01-22T20:49:00+00:00,2024-01-22T21:27:00+00:00,38.0,2024-01-22T21:17:00+00:00,28.0,10.0,False,"(15,180]",True,False,False,True,accepted,,True
2024-01_reporting.csv:381160,2024-01_reporting.csv:381165,N826MD,2024-01-22,3678,BDL,2024-01-22,3833,ORD,CID,2024-01-22T20:00:00+00:00,2024-01-22T20:52:00+00:00,52.0,2024-01-22T20:52:00+00:00,52.0,0.0,False,"(15,180]",True,False,False,True,accepted,,True
2024-01_reporting.csv:381164,2024-01_reporting.csv:381163,N826MD,2024-01-22,3833,CID,2024-01-22,3786,ORD,DSM,2024-01-23T00:20:00+00:00,2024-01-23T00:53:00+00:00,33.0,2024-01-23T00:25:00+00:00,5.0,28.0,True,"(15,180]",True,False,False,True,accepted,,True
2024-01_reporting.csv:381166,2024-01_reporting.csv:381159,N826MD,2024-01-22,4094,CVG,2024-01-22,3493,ORD,BDL,2024-01-22T13:10:00+00:00,2024-01-22T14:48:00+00:00,98.0,2024-01-22T14:22:00+00:00,72.0,26.0,True,"(15,180]",True,False,False,True,accepted,,True
2024-01_reporting.csv:381178,2024-01_reporting.csv:381180,N873RW,2024-01-22,3815,GRB,2024-01-22,3922,ORD,MEM,2024-01-22T15:12:00+00:00,2024-01-22T16:22:00+00:00,70.0,2024-01-22T15:50:00+00:00,38.0,32.0,True,"(15,180]",True,False,False,True,accepted,,True
2024-01_reporting.csv:381179,2024-01_reporting.csv:381176,N873RW,2024-01-22,3922,MEM,2024-01-22,3358,ORD,SYR,2024-01-22T20:28:00+00:00,2024-01-22T21:03:00+00:00,35.0,2024-01-22T21:00:00+00:00,32.0,3.0,False,"(15,180]",True,False,False,True,accepted,,True
2024-01_reporting.csv:381181,2024-01_reporting.csv:381184,N874RW,2024-01-22,3314,PVD,2024-01-22,3374,ORD,EWR,2024-01-22T15:31:00+00:00,2024-01-22T16:08:00+00:00,37.0,2024-01-22T15:50:00+00:00,19.0,18.0,True,"(15,180]",True,False,False,True,accepted,,True
2024-01_reporting.csv:381182,2024-01_reporting.csv:381185,N874RW,2024-01-22,3319,EWR,2024-01-22,3664,ORD,CMH,2024-01-22T21:56:00+00:00,2024-01-22T23:01:00+00:00,65.0,2024-01-22T22:45:00+00:00,49.0,16.0,True,"(15,180]",True,False,False,True,accepted,,True
2024-01_reporting.csv:397911,2024-01_reporting.csv:397913,N202NN,2024-01-23,3710,GSP,2024-01-23,3760,ORD,DSM,2024-01-23T12:58:00+00:00,2024-01-23T19:47:00+00:00,409.0,2024-01-23T19:51:00+00:00,413.0,-4.0,False,>360,True,False,False,True,accepted,,False
2024-01_reporting.csv:397912,2024-01_reporting.csv:397910,N202NN,2024-01-23,3760,DSM,2024-01-23,3690,ORD,CVG,2024-01-23T23:27:00+00:00,2024-01-24T00:31:00+00:00,64.0,2024-01-24T00:35:00+00:00,68.0,-4.0,False,"(15,180]",True,False,False,True,accepted,,True
2024-01_reporting.csv:397945,2024-01_reporting.csv:397946,N210NN,2024-01-23,3418,AUS,2024-01-23,3621,ORD,GSP,2024-01-23T23:08:00+00:00,2024-01-24T00:49:00+00:00,101.0,2024-01-24T00:52:00+00:00,104.0,-3.0,False,"(15,180]",True,False,False,True,accepted,,True
2024-01_reporting.csv:397949,2024-01_reporting.csv:397948,N211NN,2024-01-23,3679,BWI,2024-01-23,3648,ORD,GSO,2024-01-23T21:23:00+00:00,2024-01-24T00:26:00+00:00,183.0,2024-01-24T00:28:00+00:00,185.0,-2.0,False,"(180,360]",True,False,False,True,accepted,,False
2024-01_reporting.csv:397951,2024-01_reporting.csv:397950,N211NN,2024-01-23,3842,MSN,2024-01-23,3679,ORD,BWI,2024-01-23T16:08:00+00:00,2024-01-23T17:01:00+00:00,53.0,2024-01-23T14:35:00+00:00,-93.0,146.0,True,"(15,180]",True,False,False,True,accepted,,True
2024-01_reporting.csv:397980,2024-01_reporting.csv:397983,N220NN,2024-01-23,3364,OMA,2024-01-23,3790,ORD,EYW,2024-01-23T16:42:00+00:00,2024-01-23T17:58:00+00:00,76.0,2024-01-23T16:05:00+00:00,-37.0,113.0,True,"(15,180]",True,False,False,True,accepted,,True
2024-01_reporting.csv:397982,2024-01_reporting.csv:397981,N220NN,2024-01-23,3790,EYW,2024-01-23,3377,ORD,FAR,2024-01-24T01:12:00+00:00,2024-01-24T02:26:00+00:00,74.0,2024-01-24T00:47:00+00:00,-25.0,99.0,True,"(15,180]",True,False,False,True,accepted,,True
2024-01_reporting.csv:398082,2024-01_reporting.csv:398085,N245NN,2024-01-23,3392,EWR,2024-01-23,3931,ORD,MSP,2024-01-23T17:56:00+00:00,2024-01-23T20:47:00+00:00,171.0,2024-01-23T20:51:00+00:00,175.0,-4.0,False,"(15,180]",True,False,False,True,accepted,,True
2024-01_reporting.csv:398084,2024-01_reporting.csv:398081,N245NN,2024-01-23,3931,MSP,2024-01-23,3387,ORD,MCI,2024-01-24T00:51:00+00:00,2024-01-24T02:28:00+00:00,97.0,2024-01-24T02:36:00+00:00,105.0,-8.0,False,"(15,180]",True,False,False,True,accepted,,True
2024-01_reporting.csv:398142,2024-01_reporting.csv:398145,N257NN,2024-01-23,3808,HPN,2024-01-23,4007,ORD,ROC,2024-01-24T01:02:00+00:00,2024-01-24T01:35:00+00:00,33.0,2024-01-24T00:53:00+00:00,-9.0,42.0,True,"(15,180]",True,False,False,True,accepted,,True
2024-01_reporting.csv:398144,2024-01_reporting.csv:398143,N257NN,2024-01-23,3815,GRB,2024-01-23,3808,ORD,HPN,2024-01-23T18:45:00+00:00,2024-01-23T19:21:00+00:00,36.0,2024-01-23T18:54:00+00:00,9.0,27.0,True,"(15,180]",True,False,False,True,accepted,,True
2024-01_reporting.csv:398149,2024-01_reporting.csv:398148,N258NN,2024-01-23,3871,BOS,2024-01-23,3786,ORD,DSM,2024-01-23T23:26:00+00:00,2024-01-24T00:22:00+00:00,56.0,2024-01-24T00:25:00+00:00,59.0,-3.0,False,"(15,180]",True,False,False,True,accepted,,True
2024-01_reporting.csv:398154,2024-01_reporting.csv:414924,N260NN,2024-01-23,3788,EWR,2024-01-24,3733,ORD,BOS,2024-01-24T01:23:00+00:00,2024-01-24T13:05:00+00:00,702.0,2024-01-24T13:05:00+00:00,702.0,0.0,False,>360,True,False,False,True,accepted,,False
2024-01_reporting.csv:398158,2024-01_reporting.csv:398155,N260NN,2024-01-23,3826,CVG,2024-01-23,3788,ORD,EWR,2024-01-23T19:03:00+00:00,2024-01-23T19:57:00+00:00,54.0,2024-01-23T19:59:00+00:00,56.0,-2.0,False,"(15,180]",True,False,False,True,accepted,,True
2024-01_reporting.csv:398291,2024-01_reporting.csv:398292,N288NN,2024-01-23,3723,FAR,2024-01-23,3733,ORD,BOS,2024-01-23T12:57:00+00:00,2024-01-23T13:44:00+00:00,47.0,2024-01-23T13:05:00+00:00,8.0,39.0,True,"(15,180]",True,False,False,True,accepted,,True
2024-01_reporting.csv:398335,2024-01_reporting.csv:398338,N302RN,2024-01-23,3680,MSY,2024-01-23,3956,ORD,MSN,2024-01-23T22:23:00+00:00,2024-01-23T23:05:00+00:00,42.0,2024-01-23T22:51:00+00:00,28.0,14.0,False,"(15,180]",True,False,False,True,accepted,,True
2024-01_reporting.csv:398337,2024-01_reporting.csv:398336,N302RN,2024-01-23,3739,FSD,2024-01-23,3680,ORD,MSY,2024-01-23T16:05:00+00:00,2024-01-23T16:56:00+00:00,51.0,2024-01-23T14:20:00+00:00,-105.0,156.0,True,"(15,180]",True,False,False,True,accepted,,True
2024-01_reporting.csv:398370,2024-01_reporting.csv:398369,N312BT,2024-01-23,3673,GSO,2024-01-23,3322,ORD,AUS,2024-01-23T13:15:00+00:00,2024-01-23T14:37:00+00:00,82.0,2024-01-23T14:35:00+00:00,80.0,2.0,False,"(15,180]",True,False,False,True,accepted,,True
2024-01_reporting.csv:398391,2024-01_reporting.csv:398393,N635RW,2024-01-23,3343,CMH,2024-01-23,3715,ORD,PVD,2024-01-23T19:30:00+00:00,2024-01-23T20:47:00+00:00,77.0,2024-01-23T20:55:00+00:00,85.0,-8.0,False,"(15,180]",True,False,False,True,accepted,,True
2024-01_reporting.csv:398394,2024-01_reporting.csv:398392,N635RW,2024-01-23,4094,CVG,2024-01-23,3343,ORD,CMH,2024-01-23T15:19:00+00:00,2024-01-23T15:57:00+00:00,38.0,2024-01-23T14:14:00+00:00,-65.0,103.0,True,"(15,180]",True,False,False,True,accepted,,True
2024-01_reporting.csv:398400,2024-01_reporting.csv:398396,N636RW,2024-01-23,3845,RDU,2024-01-23,3664,ORD,CMH,2024-01-23T21:44:00+00:00,2024-01-23T22:43:00+00:00,59.0,2024-01-23T22:45:00+00:00,61.0,-2.0,False,"(15,180]",True,False,False,True,accepted,,True
2024-01_reporting.csv:398401,2024-01_reporting.csv:398403,N637RW,2024-01-23,3496,HPN,2024-01-23,3792,ORD,OKC,2024-01-23T16:24:00+00:00,2024-01-23T17:37:00+00:00,73.0,2024-01-23T16:15:00+00:00,-9.0,82.0,True,"(15,180]",True,False,False,True,accepted,,True
2024-01_reporting.csv:398402,2024-01_reporting.csv:398404,N637RW,2024-01-23,3792,OKC,2024-01-23,3972,ORD,CVG,2024-01-23T22:31:00+00:00,2024-01-23T23:24:00+00:00,53.0,2024-01-23T23:00:00+00:00,29.0,24.0,True,"(15,180]",True,False,False,True,accepted,,True
2024-01_reporting.csv:398408,2024-01_reporting.csv:398411,N644RW,2024-01-23,3314,PVD,2024-01-23,3514,ORD,FAR,2024-01-23T16:47:00+00:00,2024-01-23T17:27:00+00:00,40.0,2024-01-23T15:50:00+00:00,-57.0,97.0,True,"(15,180]",True,False,False,True,accepted,,True
2024-01_reporting.csv:398410,2024-01_reporting.csv:398409,N644RW,2024-01-23,3514,FAR,2024-01-23,3358,ORD,SYR,2024-01-23T21:35:00+00:00,2024-01-23T22:20:00+00:00,45.0,2024-01-23T21:00:00+00:00,-35.0,80.0,True,"(15,180]",True,False,False,True,accepted,,True
2024-01_reporting.csv:398417,2024-01_reporting.csv:398418,N761RW,2024-01-23,3744,COU,2024-01-23,4074,ORD,RDU,2024-01-23T18:41:00+00:00,2024-01-23T19:36:00+00:00,55.0,2024-01-23T18:45:00+00:00,4.0,51.0,True,"(15,180]",True,False,False,True,accepted,,True
2024-01_reporting.csv:398419,2024-01_reporting.csv:398416,N761RW,2024-01-23,4074,RDU,2024-01-23,3323,ORD,EWR,2024-01-24T00:38:00+00:00,2024-01-24T02:18:00+00:00,100.0,2024-01-24T02:20:00+00:00,102.0,-2.0,False,"(15,180]",True,False,False,True,accepted,,True
2024-01_reporting.csv:398420,2024-01_reporting.csv:398423,N762DT,2024-01-23,3319,EWR,2024-01-23,3967,ORD,FSD,2024-01-23T21:13:00+00:00,2024-01-23T22:05:00+00:00,52.0,2024-01-23T21:36:00+00:00,23.0,29.0,True,"(15,180]",True,False,False,True,accepted,,True
2024-01_reporting.csv:398422,2024-01_reporting.csv:398421,N762DT,2024-01-23,3942,CMH,2024-01-23,3374,ORD,EWR,2024-01-23T15:34:00+00:00,2024-01-23T16:10:00+00:00,36.0,2024-01-23T15:50:00+00:00,16.0,20.0,True,"(15,180]",True,False,False,True,accepted,,True
2024-01_reporting.csv:398424,2024-01_reporting.csv:398429,N765ST,2024-01-23,3369,MCI,2024-01-23,3836,ORD,IAH,2024-01-23T15:40:00+00:00,2024-01-23T16:53:00+00:00,73.0,2024-01-23T16:05:00+00:00,25.0,48.0,True,"(15,180]",True,False,False,True,accepted,,True
2024-01_reporting.csv:398428,2024-01_reporting.csv:398427,N765ST,2024-01-23,3836,IAH,2024-01-23,3799,ORD,GRB,2024-01-23T22:55:00+00:00,2024-01-23T23:35:00+00:00,40.0,2024-01-23T22:52:00+00:00,-3.0,43.0,True,"(15,180]",True,False,False,True,accepted,,True
2024-01_reporting.csv:398437,2024-01_reporting.csv:398438,N770JM,2024-01-23,3380,ROC,2024-01-23,3817,ORD,LIT,2024-01-23T19:28:00+00:00,2024-01-23T21:12:00+00:00,104.0,2024-01-23T21:17:00+00:00,109.0,-5.0,False,"(15,180]",True,False,False,True,accepted,,True
2024-01_reporting.csv:398441,2024-01_reporting.csv:398436,N770JM,2024-01-23,4072,ROC,2024-01-23,3380,ORD,ROC,2024-01-23T12:44:00+00:00,2024-01-23T14:21:00+00:00,97.0,2024-01-23T14:19:00+00:00,95.0,2.0,False,"(15,180]",True,False,False,True,accepted,,True
2024-01_reporting.csv:398443,2024-01_reporting.csv:398445,N771JV,2024-01-23,3707,PIT,2024-01-23,3811,ORD,OMA,2024-01-23T23:32:00+00:00,2024-01-24T00:32:00+00:00,60.0,2024-01-24T00:32:00+00:00,60.0,0.0,False,"(15,180]",True,False,False,True,accepted,,True
2024-01_reporting.csv:398444,2024-01_reporting.csv:398442,N771JV,2024-01-23,3742,MEM,2024-01-23,3707,ORD,PIT,2024-01-23T18:35:00+00:00,2024-01-23T19:42:00+00:00,67.0,2024-01-23T19:30:00+00:00,55.0,12.0,False,"(15,180]",True,False,False,True,accepted,,True
2024-01_reporting.csv:398451,2024-01_reporting.csv:398453,N774JG,2024-01-23,3757,ICT,2024-01-23,3833,ORD,CID,2024-01-23T19:11:00+00:00,2024-01-23T20:45:00+00:00,94.0,2024-01-23T20:52:00+00:00,101.0,-7.0,False,"(15,180]",True,False,False,True,accepted,,True
2024-01_reporting.csv:398452,2024-01_reporting.csv:415208,N774JG,2024-01-23,3833,CID,2024-01-24,3514,ORD,FAR,2024-01-23T23:47:00+00:00,2024-01-24T15:57:00+00:00,970.0,2024-01-24T15:50:00+00:00,963.0,7.0,False,>360,True,False,False,True,accepted,,False
2024-01_reporting.csv:398458,2024-01_reporting.csv:398455,N776MS,2024-01-23,4129,SGF,2024-01-23,3793,ORD,FSD,2024-01-23T15:42:00+00:00,2024-01-23T16:17:00+00:00,35.0,2024-01-23T16:10:00+00:00,28.0,7.0,False,"(15,180]",True,False,False,True,accepted,,True
2024-01_reporting.csv:398473,2024-01_reporting.csv:398472,N783LC,2024-01-23,3812,HPN,2024-01-23,3320,ORD,SGF,2024-01-23T20:13:00+00:00,2024-01-23T22:21:00+00:00,128.0,2024-01-23T21:43:00+00:00,90.0,38.0,True,"(15,180]",True,False,False,True,accepted,,True
2024-01_reporting.csv:398488,2024-01_reporting.csv:398490,N821MD,2024-01-23,3416,ATL,2024-01-23,3497,ORD,STL,2024-01-23T19:49:00+00:00,2024-01-23T20:26:00+00:00,37.0,2024-01-23T20:11:00+00:00,22.0,15.0,True,"(15,180]",True,False,False,True,accepted,,True
2024-01_reporting.csv:398491,2024-01_reporting.csv:398493,N821MD,2024-01-23,3497,STL,2024-01-23,3945,ORD,MEM,2024-01-23T23:21:00+00:00,2024-01-24T00:19:00+00:00,58.0,2024-01-24T00:20:00+00:00,59.0,-1.0,False,"(15,180]",True,False,False,True,accepted,,True
2024-01_reporting.csv:398492,2024-01_reporting.csv:398489,N821MD,2024-01-23,3656,LIT,2024-01-23,3416,ORD,ATL,2024-01-23T12:55:00+00:00,2024-01-23T14:18:00+00:00,83.0,2024-01-23T14:18:00+00:00,83.0,0.0,False,"(15,180]",True,False,False,True,accepted,,True
2024-01_reporting.csv:398496,2024-01_reporting.csv:398494,N826MD,2024-01-23,3818,ICT,2024-01-23,3499,ORD,HPN,2024-01-24T00:10:00+00:00,2024-01-24T00:56:00+00:00,46.0,2024-01-24T00:45:00+00:00,35.0,11.0,False,"(15,180]",True,False,False,True,accepted,,True
2024-01_reporting.csv:398510,2024-01_reporting.csv:398507,N873RW,2024-01-23,4134,SYR,2024-01-23,3375,ORD,XNA,2024-01-23T17:57:00+00:00,2024-01-23T19:40:00+00:00,103.0,2024-01-23T19:29:00+00:00,92.0,11.0,False,"(15,180]",True,False,False,True,accepted,,True
2024-01_reporting.csv:398511,2024-01_reporting.csv:398512,N874RW,2024-01-23,3367,OKC,2024-01-23,3382,ORD,BDL,2024-01-23T17:50:00+00:00,2024-01-23T20:25:00+00:00,155.0,2024-01-23T20:27:00+00:00,157.0,-2.0,False,"(15,180]",True,False,False,True,accepted,,True
2024-01_reporting.csv:414643,2024-01_reporting.csv:414645,N201NN,2024-01-24,3710,GSP,2024-01-24,3789,ORD,EWR,2024-01-24T13:23:00+00:00,2024-01-24T14:41:00+00:00,78.0,2024-01-24T14:30:00+00:00,67.0,11.0,False,"(15,180]",True,False,False,True,accepted,,True
2024-01_reporting.csv:414647,2024-01_reporting.csv:432474,N202NN,2024-01-24,3319,EWR,2024-01-25,3680,ORD,MSY,2024-01-24T21:54:00+00:00,2024-01-25T14:41:00+00:00,1007.0,2024-01-25T14:30:00+00:00,996.0,11.0,False,>360,True,False,False,True,accepted,,False
2024-01_reporting.csv:414649,2024-01_reporting.csv:414648,N202NN,2024-01-24,3826,CVG,2024-01-24,3374,ORD,EWR,2024-01-24T15:46:00+00:00,2024-01-24T16:24:00+00:00,38.0,2024-01-24T15:50:00+00:00,4.0,34.0,True,"(15,180]",True,False,False,True,accepted,,True
2024-01_reporting.csv:414697,2024-01_reporting.csv:414693,N211NN,2024-01-24,3673,GSO,2024-01-24,3322,ORD,AUS,2024-01-24T13:19:00+00:00,2024-01-24T14:28:00+00:00,69.0,2024-01-24T14:35:00+00:00,76.0,-7.0,False,"(15,180]",True,False,False,True,accepted,,True
2024-01_reporting.csv:414750,2024-01_reporting.csv:414747,N226NN,2024-01-24,4088,XNA,2024-01-24,3790,ORD,EYW,2024-01-24T13:26:00+00:00,2024-01-24T16:02:00+00:00,156.0,2024-01-24T16:05:00+00:00,159.0,-3.0,False,"(15,180]",True,False,False,True,accepted,,True
2024-01_reporting.csv:414843,2024-01_reporting.csv:414847,N245NN,2024-01-24,3369,MCI,2024-01-24,3877,ORD,ELP,2024-01-24T13:11:00+00:00,2024-01-24T14:17:00+00:00,66.0,2024-01-24T14:19:00+00:00,68.0,-2.0,False,"(15,180]",True,False,False,True,accepted,,True
2024-01_reporting.csv:414844,2024-01_reporting.csv:414845,N245NN,2024-01-24,3398,ELP,2024-01-24,3648,ORD,GSO,2024-01-24T21:27:00+00:00,2024-01-25T00:34:00+00:00,187.0,2024-01-25T00:28:00+00:00,181.0,6.0,False,"(180,360]",True,False,False,True,accepted,,False
2024-01_reporting.csv:414864,2024-01_reporting.csv:414866,N250NN,2024-01-24,3934,BNA,2024-01-24,4084,ORD,IAH,2024-01-24T18:23:00+00:00,2024-01-24T19:14:00+00:00,51.0,2024-01-24T19:15:00+00:00,52.0,-1.0,False,"(15,180]",True,False,False,True,accepted,,True
2024-01_reporting.csv:414865,2024-01_reporting.csv:414862,N250NN,2024-01-24,4084,IAH,2024-01-24,3387,ORD,MCI,2024-01-25T01:03:00+00:00,2024-01-25T02:29:00+00:00,86.0,2024-01-25T02:36:00+00:00,93.0,-7.0,False,"(15,180]",True,False,False,True,accepted,,True
2024-01_reporting.csv:414910,2024-01_reporting.csv:414909,N258NN,2024-01-24,3680,MSY,2024-01-24,3384,ORD,CMH,2024-01-24T23:57:00+00:00,2024-01-25T00:42:00+00:00,45.0,2024-01-25T00:20:00+00:00,23.0,22.0,True,"(15,180]",True,False,False,True,accepted,,True
2024-01_reporting.csv:414912,2024-01_reporting.csv:414911,N258NN,2024-01-24,3782,DSM,2024-01-24,3680,ORD,MSY,2024-01-24T17:06:00+00:00,2024-01-24T17:58:00+00:00,52.0,2024-01-24T16:10:00+00:00,-56.0,108.0,True,"(15,180]",True,False,False,True,accepted,,True
2024-01_reporting.csv:414940,2024-01_reporting.csv:414944,N264NN,2024-01-24,3416,ATL,2024-01-24,3760,ORD,DSM,2024-01-24T18:42:00+00:00,2024-01-24T19:49:00+00:00,67.0,2024-01-24T19:51:00+00:00,69.0,-2.0,False,"(15,180]",True,False,False,True,accepted,,True
2024-01_reporting.csv:414942,2024-01_reporting.csv:414941,N264NN,2024-01-24,3723,FAR,2024-01-24,3416,ORD,ATL,2024-01-24T13:10:00+00:00,2024-01-24T14:09:00+00:00,59.0,2024-01-24T14:18:00+00:00,68.0,-9.0,False,"(15,180]",True,False,False,True,accepted,,True
2024-01_reporting.csv:414943,2024-01_reporting.csv:414945,N264NN,2024-01-24,3760,DSM,2024-01-24,3945,ORD,MEM,2024-01-24T23:59:00+00:00,2024-01-25T01:30:00+00:00,91.0,2024-01-25T00:20:00+00:00,21.0,70.0,True,"(15,180]",True,False,False,True,accepted,,True
2024-01_reporting.csv:414993,2024-01_reporting.csv:432846,N275NN,2024-01-24,3418,AUS,2024-01-25,3932,ORD,IND,2024-01-24T23:30:00+00:00,2024-01-25T15:43:00+00:00,973.0,2024-01-25T15:29:00+00:00,959.0,14.0,False,>360,True,False,False,True,accepted,,False
2024-01_reporting.csv:415050,2024-01_reporting.csv:432924,N288NN,2024-01-24,3497,STL,2024-01-25,3733,ORD,BOS,2024-01-25T00:44:00+00:00,2024-01-25T13:05:00+00:00,741.0,2024-01-25T13:05:00+00:00,741.0,0.0,False,>360,True,False,False,True,accepted,,False
2024-01_reporting.csv:415094,2024-01_reporting.csv:415095,N302RN,2024-01-24,3842,MSN,2024-01-24,3851,ORD,BNA,2024-01-24T13:20:00+00:00,2024-01-24T14:32:00+00:00,72.0,2024-01-24T14:35:00+00:00,75.0,-3.0,False,"(15,180]",True,False,False,True,accepted,,True
2024-01_reporting.csv:415145,2024-01_reporting.csv:415147,N635RW,2024-01-24,3314,PVD,2024-01-24,3479,ORD,MCI,2024-01-24T16:10:00+00:00,2024-01-24T16:55:00+00:00,45.0,2024-01-24T16:05:00+00:00,-5.0,50.0,True,"(15,180]",True,False,False,True,accepted,,True
2024-01_reporting.csv:415146,2024-01_reporting.csv:415148,N635RW,2024-01-24,3479,MCI,2024-01-24,3839,ORD,OKC,2024-01-24T20:37:00+00:00,2024-01-24T21:24:00+00:00,47.0,2024-01-24T20:48:00+00:00,11.0,36.0,True,"(15,180]",True,False,False,True,accepted,,True
2024-01_reporting.csv:415150,2024-01_reporting.csv:415152,N636RW,2024-01-24,3380,ROC,2024-01-24,3467,ORD,IND,2024-01-24T18:37:00+00:00,2024-01-24T19:21:00+00:00,44.0,2024-01-24T19:26:00+00:00,49.0,-5.0,False,"(15,180]",True,False,False,True,accepted,,True
2024-01_reporting.csv:415151,2024-01_reporting.csv:415153,N636RW,2024-01-24,3467,IND,2024-01-24,3664,ORD,CMH,2024-01-24T22:17:00+00:00,2024-01-24T22:48:00+00:00,31.0,2024-01-24T22:45:00+00:00,28.0,3.0,False,"(15,180]",True,False,False,True,accepted,,True
2024-01_reporting.csv:415155,2024-01_reporting.csv:415149,N636RW,2024-01-24,3942,CMH,2024-01-24,3380,ORD,ROC,2024-01-24T13:26:00+00:00,2024-01-24T14:16:00+00:00,50.0,2024-01-24T14:19:00+00:00,53.0,-3.0,False,"(15,180]",True,False,False,True,accepted,,True
2024-01_reporting.csv:415159,2024-01_reporting.csv:415156,N637RW,2024-01-24,4094,CVG,2024-01-24,3493,ORD,BDL,2024-01-24T14:06:00+00:00,2024-01-24T14:36:00+00:00,30.0,2024-01-24T14:22:00+00:00,16.0,14.0,False,"(15,180]",True,False,False,True,accepted,,True
2024-01_reporting.csv:415162,2024-01_reporting.csv:415163,N643RW,2024-01-24,3757,ICT,2024-01-24,3845,ORD,RDU,2024-01-24T15:15:00+00:00,2024-01-24T15:59:00+00:00,44.0,2024-01-24T16:00:00+00:00,45.0,-1.0,False,"(15,180]",True,False,False,True,accepted,,True
2024-01_reporting.csv:415167,2024-01_reporting.csv:415166,N644RW,2024-01-24,4134,SYR,2024-01-24,3793,ORD,FSD,2024-01-24T15:37:00+00:00,2024-01-24T16:18:00+00:00,41.0,2024-01-24T16:10:00+00:00,33.0,8.0,False,"(15,180]",True,False,False,True,accepted,,True
2024-01_reporting.csv:415174,2024-01_reporting.csv:415176,N761RW,2024-01-24,3937,OMA,2024-01-24,3967,ORD,FSD,2024-01-24T22:02:00+00:00,2024-01-24T22:43:00+00:00,41.0,2024-01-24T21:36:00+00:00,-26.0,67.0,True,"(15,180]",True,False,False,True,accepted,,True
2024-01_reporting.csv:415183,2024-01_reporting.csv:415185,N765ST,2024-01-24,3815,GRB,2024-01-24,3836,ORD,IAH,2024-01-24T16:58:00+00:00,2024-01-24T17:37:00+00:00,39.0,2024-01-24T16:05:00+00:00,-53.0,92.0,True,"(15,180]",True,False,False,True,accepted,,True
2024-01_reporting.csv:415191,2024-01_reporting.csv:415190,N769KW,2024-01-24,3808,HPN,2024-01-24,3690,ORD,CVG,2024-01-25T00:41:00+00:00,2024-01-25T01:14:00+00:00,33.0,2024-01-25T00:35:00+00:00,-6.0,39.0,True,"(15,180]",True,False,False,True,accepted,,True
2024-01_reporting.csv:415195,2024-01_reporting.csv:415197,N770JM,2024-01-24,3656,LIT,2024-01-24,3679,ORD,BWI,2024-01-24T12:48:00+00:00,2024-01-24T14:28:00+00:00,100.0,2024-01-24T14:35:00+00:00,107.0,-7.0,False,"(15,180]",True,False,False,True,accepted,,True
2024-01_reporting.csv:415196,2024-01_reporting.csv:415193,N770JM,2024-01-24,3679,BWI,2024-01-24,3375,ORD,XNA,2024-01-24T19:03:00+00:00,2024-01-24T19:48:00+00:00,45.0,2024-01-24T19:30:00+00:00,27.0,18.0,True,"(15,180]",True,False,False,True,accepted,,True
2024-01_reporting.csv:415198,2024-01_reporting.csv:415200,N771JV,2024-01-24,3364,OMA,2024-01-24,4074,ORD,RDU,2024-01-24T15:58:00+00:00,2024-01-24T18:41:00+00:00,163.0,2024-01-24T18:45:00+00:00,167.0,-4.0,False,"(15,180]",True,False,False,True,accepted,,True
2024-01_reporting.csv:415201,2024-01_reporting.csv:415199,N771JV,2024-01-24,4074,RDU,2024-01-24,3755,ORD,ICT,2024-01-24T23:39:00+00:00,2024-01-25T00:27:00+00:00,48.0,2024-01-25T00:31:00+00:00,52.0,-4.0,False,"(15,180]",True,False,False,True,accepted,,True
2024-01_reporting.csv:415203,2024-01_reporting.csv:415205,N772MR,2024-01-24,3609,CMI,2024-01-24,3812,ORD,HPN,2024-01-24T13:02:00+00:00,2024-01-24T14:15:00+00:00,73.0,2024-01-24T14:15:00+00:00,73.0,0.0,False,"(15,180]",True,False,False,True,accepted,,True
2024-01_reporting.csv:415204,2024-01_reporting.csv:415202,N772MR,2024-01-24,3812,HPN,2024-01-24,3382,ORD,BDL,2024-01-24T19:35:00+00:00,2024-01-24T20:24:00+00:00,49.0,2024-01-24T20:27:00+00:00,52.0,-3.0,False,"(15,180]",True,False,False,True,accepted,,True
2024-01_reporting.csv:415207,2024-01_reporting.csv:415206,N774JG,2024-01-24,3514,FAR,2024-01-24,3358,ORD,SYR,2024-01-24T20:54:00+00:00,2024-01-24T21:35:00+00:00,41.0,2024-01-24T21:00:00+00:00,6.0,35.0,True,"(15,180]",True,False,False,True,accepted,,True
2024-01_reporting.csv:415220,2024-01_reporting.csv:415222,N783LC,2024-01-24,3343,CMH,2024-01-24,3707,ORD,PIT,2024-01-24T17:15:00+00:00,2024-01-24T19:23:00+00:00,128.0,2024-01-24T19:26:00+00:00,131.0,-3.0,False,"(15,180]",True,False,False,True,accepted,,True
2024-01_reporting.csv:415223,2024-01_reporting.csv:433140,N783LC,2024-01-24,3707,PIT,2024-01-25,3812,ORD,HPN,2024-01-24T23:17:00+00:00,2024-01-25T14:15:00+00:00,898.0,2024-01-25T14:15:00+00:00,898.0,0.0,False,>360,True,False,False,True,accepted,,False
2024-01_reporting.csv:415242,2024-01_reporting.csv:415244,N821MD,2024-01-24,3742,MEM,2024-01-24,3818,ORD,ICT,2024-01-24T17:33:00+00:00,2024-01-24T19:14:00+00:00,101.0,2024-01-24T19:18:00+00:00,105.0,-4.0,False,"(15,180]",True,False,False,True,accepted,,True
2024-01_reporting.csv:415243,2024-01_reporting.csv:415241,N821MD,2024-01-24,3818,ICT,2024-01-24,3377,ORD,FAR,2024-01-24T23:55:00+00:00,2024-01-25T00:58:00+00:00,63.0,2024-01-25T00:47:00+00:00,52.0,11.0,False,"(15,180]",True,False,False,True,accepted,,True
2024-01_reporting.csv:415245,2024-01_reporting.csv:415252,N826MD,2024-01-24,3456,GRR,2024-01-24,3972,ORD,CVG,2024-01-24T23:18:00+00:00,2024-01-25T00:02:00+00:00,44.0,2024-01-24T23:00:00+00:00,-18.0,62.0,True,"(15,180]",True,False,False,True,accepted,,True
2024-01_reporting.csv:415247,2024-01_reporting.csv:415251,N826MD,2024-01-24,3496,HPN,2024-01-24,3932,ORD,IND,2024-01-24T15:18:00+00:00,2024-01-24T16:09:00+00:00,51.0,2024-01-24T15:29:00+00:00,11.0,40.0,True,"(15,180]",True,False,False,True,accepted,,True
2024-01_reporting.csv:415250,2024-01_reporting.csv:415246,N826MD,2024-01-24,3932,IND,2024-01-24,3456,ORD,GRR,2024-01-24T19:08:00+00:00,2024-01-24T20:01:00+00:00,53.0,2024-01-24T19:32:00+00:00,24.0,29.0,True,"(15,180]",True,False,False,True,accepted,,True
2024-01_reporting.csv:415260,2024-01_reporting.csv:415262,N873RW,2024-01-24,3572,CMH,2024-01-24,3792,ORD,OKC,2024-01-24T15:26:00+00:00,2024-01-24T16:12:00+00:00,46.0,2024-01-24T16:15:00+00:00,49.0,-3.0,False,"(15,180]",True,False,False,True,accepted,,True
2024-01_reporting.csv:415261,2024-01_reporting.csv:415263,N873RW,2024-01-24,3792,OKC,2024-01-24,3799,ORD,GRB,2024-01-24T21:37:00+00:00,2024-01-24T22:52:00+00:00,75.0,2024-01-24T22:52:00+00:00,75.0,0.0,False,"(15,180]",True,False,False,True,accepted,,True
2024-01_reporting.csv:415265,2024-01_reporting.csv:415269,N874RW,2024-01-24,3490,BDL,2024-01-24,3936,ORD,MSN,2024-01-24T15:34:00+00:00,2024-01-24T16:42:00+00:00,68.0,2024-01-24T16:09:00+00:00,35.0,33.0,True,"(15,180]",True,False,False,True,accepted,,True
2024-01_reporting.csv:415266,2024-01_reporting.csv:415264,N874RW,2024-01-24,3862,MSP,2024-01-24,3323,ORD,EWR,2024-01-25T00:14:00+00:00,2024-01-25T02:40:00+00:00,146.0,2024-01-25T02:20:00+00:00,126.0,20.0,True,"(15,180]",True,False,False,True,accepted,,True
2024-01_reporting.csv:415268,2024-01_reporting.csv:415267,N874RW,2024-01-24,3936,MSN,2024-01-24,3890,ORD,MSP,2024-01-24T19:05:00+00:00,2024-01-24T20:35:00+00:00,90.0,2024-01-24T20:37:00+00:00,92.0,-2.0,False,"(15,180]",True,False,False,True,accepted,,True
2024-01_reporting.csv:432473,2024-01_reporting.csv:432472,N202NN,2024-01-25,3680,MSY,2024-01-25,3362,ORD,SGF,2024-01-25T21:55:00+00:00,2024-01-26T00:50:00+00:00,175.0,2024-01-26T00:55:00+00:00,180.0,-5.0,False,"(15,180]",True,False,False,True,accepted,,True
2024-01_reporting.csv:432543,2024-01_reporting.csv:432538,N216NN,2024-01-25,4088,XNA,2024-01-25,3851,ORD,BNA,2024-01-25T12:59:00+00:00,2024-01-25T14:33:00+00:00,94.0,2024-01-25T14:35:00+00:00,96.0,-2.0,False,"(15,180]",True,False,False,True,accepted,,True
2024-01_reporting.csv:432579,2024-01_reporting.csv:432578,N226NN,2024-01-25,3790,EYW,2024-01-25,3499,ORD,HPN,2024-01-25T23:27:00+00:00,2024-01-26T00:44:00+00:00,77.0,2024-01-26T00:45:00+00:00,78.0,-1.0,False,"(15,180]",True,False,False,True,accepted,,True
2024-01_reporting.csv:432581,2024-01_reporting.csv:432580,N226NN,2024-01-25,4072,ROC,2024-01-25,3790,ORD,EYW,2024-01-25T12:39:00+00:00,2024-01-25T16:03:00+00:00,204.0,2024-01-25T16:05:00+00:00,206.0,-2.0,False,"(180,360]",True,False,False,True,accepted,,False
2024-01_reporting.csv:432684,2024-01_reporting.csv:432680,N245NN,2024-01-25,3673,GSO,2024-01-25,3322,ORD,AUS,2024-01-25T13:19:00+00:00,2024-01-25T16:15:00+00:00,176.0,2024-01-25T14:35:00+00:00,76.0,100.0,True,"(15,180]",True,False,False,True,accepted,,True
2024-01_reporting.csv:432705,2024-01_reporting.csv:432707,N250NN,2024-01-25,3369,MCI,2024-01-25,3493,ORD,BDL,2024-01-25T13:03:00+00:00,2024-01-25T14:14:00+00:00,71.0,2024-01-25T14:22:00+00:00,79.0,-8.0,False,"(15,180]",True,False,False,True,accepted,,True
2024-01_reporting.csv:432708,2024-01_reporting.csv:432706,N250NN,2024-01-25,3669,AVP,2024-01-25,3377,ORD,FAR,2024-01-26T01:38:00+00:00,2024-01-26T03:18:00+00:00,100.0,2024-01-26T03:20:00+00:00,102.0,-2.0,False,"(15,180]",True,False,False,True,accepted,,True
2024-01_reporting.csv:432709,2024-01_reporting.csv:432710,N250NN,2024-01-25,3678,BDL,2024-01-25,3893,ORD,AVP,2024-01-25T19:50:00+00:00,2024-01-25T20:48:00+00:00,58.0,2024-01-25T20:51:00+00:00,61.0,-3.0,False,"(15,180]",True,False,False,True,accepted,,True
2024-01_reporting.csv:432736,2024-01_reporting.csv:432741,N257NN,2024-01-25,3398,ELP,2024-01-25,3956,ORD,MSN,2024-01-25T22:25:00+00:00,2024-01-25T23:33:00+00:00,68.0,2024-01-25T23:17:00+00:00,52.0,16.0,True,"(15,180]",True,False,False,True,accepted,,True
2024-01_reporting.csv:432738,2024-01_reporting.csv:432739,N257NN,2024-01-25,3842,MSN,2024-01-25,3877,ORD,ELP,2024-01-25T13:22:00+00:00,2024-01-25T14:19:00+00:00,57.0,2024-01-25T14:19:00+00:00,57.0,0.0,False,"(15,180]",True,False,False,True,accepted,,True
2024-01_reporting.csv:432740,2024-01_reporting.csv:451431,N257NN,2024-01-25,3956,MSN,2024-01-26,3733,ORD,BOS,2024-01-26T02:09:00+00:00,2024-01-26T13:04:00+00:00,655.0,2024-01-26T13:05:00+00:00,656.0,-1.0,False,>360,True,False,False,True,accepted,,False
2024-01_reporting.csv:432742,2024-01_reporting.csv:432747,N258NN,2024-01-25,3319,EWR,2024-01-25,3775,ORD,BNA,2024-01-25T21:23:00+00:00,2024-01-25T22:03:00+00:00,40.0,2024-01-25T21:52:00+00:00,29.0,11.0,False,"(15,180]",True,False,False,True,accepted,,True
2024-01_reporting.csv:432745,2024-01_reporting.csv:432744,N258NN,2024-01-25,3572,CMH,2024-01-25,3374,ORD,EWR,2024-01-25T15:10:00+00:00,2024-01-25T15:50:00+00:00,40.0,2024-01-25T15:50:00+00:00,40.0,0.0,False,"(15,180]",True,False,False,True,accepted,,True
2024-01_reporting.csv:432746,2024-01_reporting.csv:432743,N258NN,2024-01-25,3775,BNA,2024-01-25,3360,ORD,OKC,2024-01-26T02:06:00+00:00,2024-01-26T02:46:00+00:00,40.0,2024-01-26T02:43:00+00:00,37.0,3.0,False,"(15,180]",True,False,False,True,accepted,,True
2024-01_reporting.csv:432754,2024-01_reporting.csv:432755,N260NN,2024-01-25,3871,BOS,2024-01-25,3878,ORD,GRB,2024-01-26T00:34:00+00:00,2024-01-26T03:33:00+00:00,179.0,2024-01-26T03:35:00+00:00,181.0,-2.0,False,"(15,180]",True,False,False,True,accepted,,True
2024-01_reporting.csv:432771,2024-01_reporting.csv:432773,N264NN,2024-01-25,3456,GRR,2024-01-25,3478,ORD,BDL,2024-01-26T00:24:00+00:00,2024-01-26T01:03:00+00:00,39.0,2024-01-26T00:40:00+00:00,16.0,23.0,True,"(15,180]",True,False,False,True,accepted,,True
2024-01_reporting.csv:432843,2024-01_reporting.csv:432842,N275NN,2024-01-25,3808,HPN,2024-01-25,3578,ORD,XNA,2024-01-26T01:31:00+00:00,2024-01-26T02:11:00+00:00,40.0,2024-01-26T00:35:00+00:00,-56.0,96.0,True,"(15,180]",True,False,False,True,accepted,,True
2024-01_reporting.csv:432845,2024-01_reporting.csv:432844,N275NN,2024-01-25,3932,IND,2024-01-25,3808,ORD,HPN,2024-01-25T18:09:00+00:00,2024-01-25T19:33:00+00:00,84.0,2024-01-25T18:54:00+00:00,45.0,39.0,True,"(15,180]",True,False,False,True,accepted,,True
2024-01_reporting.csv:432937,2024-01_reporting.csv:432939,N290NN,2024-01-25,3934,BNA,2024-01-25,4084,ORD,IAH,2024-01-25T19:10:00+00:00,2024-01-25T19:58:00+00:00,48.0,2024-01-25T19:15:00+00:00,5.0,43.0,True,"(15,180]",True,False,False,True,accepted,,True
2024-01_reporting.csv:432938,2024-01_reporting.csv:432935,N290NN,2024-01-25,4084,IAH,2024-01-25,3695,ORD,LIT,2024-01-26T01:53:00+00:00,2024-01-26T02:35:00+00:00,42.0,2024-01-26T02:25:00+00:00,32.0,10.0,False,"(15,180]",True,False,False,True,accepted,,True
2024-01_reporting.csv:432998,2024-01_reporting.csv:433002,N310JZ,2024-01-25,3418,AUS,2024-01-25,3648,ORD,GSO,2024-01-25T23:40:00+00:00,2024-01-26T00:24:00+00:00,44.0,2024-01-26T00:28:00+00:00,48.0,-4.0,False,"(15,180]",True,False,False,True,accepted,,True
2024-01_reporting.csv:433028,2024-01_reporting.csv:433030,N635RW,2024-01-25,3770,ATW,2024-01-25,3786,ORD,DSM,2024-01-25T23:46:00+00:00,2024-01-26T03:36:00+00:00,230.0,2024-01-26T01:50:00+00:00,124.0,106.0,True,"(180,360]",True,False,False,True,accepted,,False
2024-01_reporting.csv:433031,2024-01_reporting.csv:433035,N636RW,2024-01-25,3343,CMH,2024-01-25,4156,ORD,RIC,2024-01-25T20:53:00+00:00,2024-01-25T21:29:00+00:00,36.0,2024-01-25T20:55:00+00:00,2.0,34.0,True,"(15,180]",True,False,False,True,accepted,,True
2024-01_reporting.csv:433034,2024-01_reporting.csv:433032,N636RW,2024-01-25,3942,CMH,2024-01-25,3343,ORD,CMH,2024-01-25T13:22:00+00:00,2024-01-25T14:25:00+00:00,63.0,2024-01-25T14:14:00+00:00,52.0,11.0,False,"(15,180]",True,False,False,True,accepted,,True
2024-01_reporting.csv:433036,2024-01_reporting.csv:433033,N636RW,2024-01-25,4156,RIC,2024-01-25,3750,ORD,FSD,2024-01-26T02:08:00+00:00,2024-01-26T04:47:00+00:00,159.0,2024-01-26T03:40:00+00:00,92.0,67.0,True,"(15,180]",True,False,False,True,accepted,,True
2024-01_reporting.csv:433038,2024-01_reporting.csv:451721,N637RW,2024-01-25,3789,EWR,2024-01-26,3836,ORD,IAH,2024-01-25T20:57:00+00:00,2024-01-26T16:08:00+00:00,1151.0,2024-01-26T15:10:00+00:00,1093.0,58.0,True,>360,True,False,False,True,accepted,,False
2024-01_reporting.csv:433041,2024-01_reporting.csv:433044,N643RW,2024-01-25,3497,STL,2024-01-25,3621,ORD,GSP,2024-01-26T01:53:00+00:00,2024-01-26T02:40:00+00:00,47.0,2024-01-26T02:22:00+00:00,29.0,18.0,True,"(15,180]",True,False,False,True,accepted,,True
2024-01_reporting.csv:433042,2024-01_reporting.csv:433040,N643RW,2024-01-25,3514,FAR,2024-01-25,3497,ORD,STL,2024-01-25T20:49:00+00:00,2024-01-25T22:39:00+00:00,110.0,2024-01-25T22:21:00+00:00,92.0,18.0,True,"(15,180]",True,False,False,True,accepted,,True
2024-01_reporting.csv:433045,2024-01_reporting.csv:433043,N643RW,2024-01-25,3744,COU,2024-01-25,3514,ORD,FAR,2024-01-25T14:30:00+00:00,2024-01-25T15:50:00+00:00,80.0,2024-01-25T15:50:00+00:00,80.0,0.0,False,"(15,180]",True,False,False,True,accepted,,True
2024-01_reporting.csv:433049,2024-01_reporting.csv:433048,N644RW,2024-01-25,3836,IAH,2024-01-25,3664,ORD,CMH,2024-01-25T21:05:00+00:00,2024-01-25T23:19:00+00:00,134.0,2024-01-25T22:45:00+00:00,100.0,34.0,True,"(15,180]",True,False,False,True,accepted,,True
2024-01_reporting.csv:433056,2024-01_reporting.csv:433059,N761RW,2024-01-25,3479,MCI,2024-01-25,3543,ORD,ROC,2024-01-25T21:14:00+00:00,2024-01-25T22:02:00+00:00,48.0,2024-01-25T21:19:00+00:00,5.0,43.0,True,"(15,180]",True,False,False,True,accepted,,True
2024-01_reporting.csv:433058,2024-01_reporting.csv:433060,N761RW,2024-01-25,3513,ROC,2024-01-25,3690,ORD,CVG,2024-01-26T02:56:00+00:00,2024-01-26T04:02:00+00:00,66.0,2024-01-26T02:17:00+00:00,-39.0,105.0,True,"(15,180]",True,False,False,True,accepted,,True
2024-01_reporting.csv:433061,2024-01_reporting.csv:433057,N761RW,2024-01-25,3739,FSD,2024-01-25,3479,ORD,MCI,2024-01-25T15:57:00+00:00,2024-01-25T16:38:00+00:00,41.0,2024-01-25T16:05:00+00:00,8.0,33.0,True,"(15,180]",True,False,False,True,accepted,,True
2024-01_reporting.csv:433065,2024-01_reporting.csv:433063,N762DT,2024-01-25,3358,SYR,2024-01-25,3323,ORD,EWR,2024-01-26T01:54:00+00:00,2024-01-26T02:45:00+00:00,51.0,2024-01-26T02:30:00+00:00,36.0,15.0,True,"(15,180]",True,False,False,True,accepted,,True
2024-01_reporting.csv:433067,2024-01_reporting.csv:433070,N763CC,2024-01-25,3741,SDF,2024-01-25,3811,ORD,OMA,2024-01-26T03:00:00+00:00,2024-01-26T03:39:00+00:00,39.0,2024-01-26T02:40:00+00:00,-20.0,59.0,True,"(15,180]",True,False,False,True,accepted,,True
2024-01_reporting.csv:433068,2024-01_reporting.csv:433066,N763CC,2024-01-25,3793,FSD,2024-01-25,3741,ORD,SDF,2024-01-25T22:43:00+00:00,2024-01-25T23:24:00+00:00,41.0,2024-01-25T21:28:00+00:00,-75.0,116.0,True,"(15,180]",True,False,False,True,accepted,,True
2024-01_reporting.csv:433072,2024-01_reporting.csv:433075,N765ST,2024-01-25,3416,ATL,2024-01-25,3818,ORD,ICT,2024-01-25T18:45:00+00:00,2024-01-25T19:25:00+00:00,40.0,2024-01-25T19:18:00+00:00,33.0,7.0,False,"(15,180]",True,False,False,True,accepted,,True
2024-01_reporting.csv:433074,2024-01_reporting.csv:433071,N765ST,2024-01-25,3818,ICT,2024-01-25,3315,ORD,PVD,2024-01-25T23:32:00+00:00,2024-01-26T00:34:00+00:00,62.0,2024-01-26T00:31:00+00:00,59.0,3.0,False,"(15,180]",True,False,False,True,accepted,,True
2024-01_reporting.csv:433084,2024-01_reporting.csv:433086,N768RD,2024-01-25,3611,XNA,2024-01-25,3788,ORD,EWR,2024-01-25T19:59:00+00:00,2024-01-25T21:08:00+00:00,69.0,2024-01-25T19:57:00+00:00,-2.0,71.0,True,"(15,180]",True,False,False,True,accepted,,True
2024-01_reporting.csv:433085,2024-01_reporting.csv:433082,N768RD,2024-01-25,3788,EWR,2024-01-25,3324,ORD,SYR,2024-01-26T03:47:00+00:00,2024-01-26T04:40:00+00:00,53.0,2024-01-26T02:24:00+00:00,-83.0,136.0,True,"(15,180]",True,False,False,True,accepted,,True
2024-01_reporting.csv:433088,2024-01_reporting.csv:433091,N769KW,2024-01-25,3380,ROC,2024-01-25,4074,ORD,RDU,2024-01-25T18:45:00+00:00,2024-01-25T19:23:00+00:00,38.0,2024-01-25T18:45:00+00:00,0.0,38.0,True,"(15,180]",True,False,False,True,accepted,,True
2024-01_reporting.csv:433092,2024-01_reporting.csv:433090,N769KW,2024-01-25,4074,RDU,2024-01-25,4007,ORD,ROC,2024-01-26T00:45:00+00:00,2024-01-26T01:57:00+00:00,72.0,2024-01-26T01:25:00+00:00,40.0,32.0,True,"(15,180]",True,False,False,True,accepted,,True
2024-01_reporting.csv:433093,2024-01_reporting.csv:433087,N769KW,2024-01-25,4094,CVG,2024-01-25,3380,ORD,ROC,2024-01-25T13:43:00+00:00,2024-01-25T14:22:00+00:00,39.0,2024-01-25T14:19:00+00:00,36.0,3.0,False,"(15,180]",True,False,False,True,accepted,,True
2024-01_reporting.csv:433098,2024-01_reporting.csv:433096,N770JM,2024-01-25,3845,RDU,2024-01-25,3799,ORD,GRB,2024-01-25T22:15:00+00:00,2024-01-25T22:52:00+00:00,37.0,2024-01-25T22:52:00+00:00,37.0,0.0,False,"(15,180]",True,False,False,True,accepted,,True
2024-01_reporting.csv:433099,2024-01_reporting.csv:433095,N770JM,2024-01-25,3876,GRB,2024-01-25,3384,ORD,CMH,2024-01-26T01:51:00+00:00,2024-01-26T02:34:00+00:00,43.0,2024-01-26T02:20:00+00:00,29.0,14.0,False,"(15,180]",True,False,False,True,accepted,,True
2024-01_reporting.csv:433101,2024-01_reporting.csv:433102,N771JV,2024-01-25,3707,PIT,2024-01-25,3745,ORD,COU,2024-01-26T02:42:00+00:00,2024-01-26T13:06:00+00:00,624.0,2024-01-26T00:26:00+00:00,-136.0,760.0,True,>360,True,False,False,True,accepted,,False
2024-01_reporting.csv:433103,2024-01_reporting.csv:433105,N771JV,2024-01-25,3757,ICT,2024-01-25,3792,ORD,OKC,2024-01-25T14:30:00+00:00,2024-01-25T17:03:00+00:00,153.0,2024-01-25T16:15:00+00:00,105.0,48.0,True,"(15,180]",True,False,False,True,accepted,,True
2024-01_reporting.csv:433104,2024-01_reporting.csv:433100,N771JV,2024-01-25,3792,OKC,2024-01-25,3707,ORD,PIT,2024-01-25T21:31:00+00:00,2024-01-25T22:52:00+00:00,81.0,2024-01-25T20:55:00+00:00,-36.0,117.0,True,"(15,180]",True,False,False,True,accepted,,True
2024-01_reporting.csv:433107,2024-01_reporting.csv:433111,N772MR,2024-01-25,3375,XNA,2024-01-25,3945,ORD,MEM,2024-01-26T03:01:00+00:00,2024-01-26T03:33:00+00:00,32.0,2024-01-26T02:31:00+00:00,-30.0,62.0,True,"(15,180]",True,False,False,True,accepted,,True
2024-01_reporting.csv:433108,2024-01_reporting.csv:433110,N772MR,2024-01-25,3490,BDL,2024-01-25,3922,ORD,BHM,2024-01-25T15:26:00+00:00,2024-01-25T16:09:00+00:00,43.0,2024-01-25T15:50:00+00:00,24.0,19.0,True,"(15,180]",True,False,False,True,accepted,,True
2024-01_reporting.csv:433109,2024-01_reporting.csv:433106,N772MR,2024-01-25,3922,BHM,2024-01-25,3375,ORD,XNA,2024-01-25T20:48:00+00:00,2024-01-25T22:03:00+00:00,75.0,2024-01-25T21:22:00+00:00,34.0,41.0,True,"(15,180]",True,False,False,True,accepted,,True
2024-01_reporting.csv:433112,2024-01_reporting.csv:433116,N774JG,2024-01-25,3467,IND,2024-01-25,3972,ORD,CVG,2024-01-25T22:41:00+00:00,2024-01-25T23:33:00+00:00,52.0,2024-01-25T23:37:00+00:00,56.0,-4.0,False,"(15,180]",True,False,False,True,accepted,,True
2024-01_reporting.csv:433114,2024-01_reporting.csv:433113,N774JG,2024-01-25,3746,CMI,2024-01-25,3467,ORD,IND,2024-01-25T19:09:00+00:00,2024-01-25T19:44:00+00:00,35.0,2024-01-25T19:26:00+00:00,17.0,18.0,True,"(15,180]",True,False,False,True,accepted,,True
2024-01_reporting.csv:433117,2024-01_reporting.csv:433115,N774JG,2024-01-25,4134,SYR,2024-01-25,3747,ORD,CMI,2024-01-25T15:02:00+00:00,2024-01-25T15:59:00+00:00,57.0,2024-01-25T15:55:00+00:00,53.0,4.0,False,"(15,180]",True,False,False,True,accepted,,True
2024-01_reporting.csv:433120,2024-01_reporting.csv:433119,N776MS,2024-01-25,3839,OKC,2024-01-25,3387,ORD,MCI,2024-01-26T02:29:00+00:00,2024-01-26T03:59:00+00:00,90.0,2024-01-26T02:36:00+00:00,7.0,83.0,True,"(15,180]",True,False,False,True,accepted,,True
2024-01_reporting.csv:433124,2024-01_reporting.csv:433121,N776MS,2024-01-25,3937,OMA,2024-01-25,3839,ORD,OKC,2024-01-25T20:03:00+00:00,2024-01-25T21:57:00+00:00,114.0,2024-01-25T20:13:00+00:00,10.0,104.0,True,"(15,180]",True,False,False,True,accepted,,True
2024-01_reporting.csv:433158,2024-01_reporting.csv:433160,N821MD,2024-01-25,3723,FAR,2024-01-25,3769,ORD,ATL,2024-01-25T21:27:00+00:00,2024-01-25T22:54:00+00:00,87.0,2024-01-25T20:53:00+00:00,-34.0,121.0,True,"(15,180]",True,False,False,True,accepted,,True
2024-01_reporting.csv:433159,2024-01_reporting.csv:433161,N821MD,2024-01-25,3769,ATL,2024-01-25,3875,ORD,MSN,2024-01-26T03:34:00+00:00,2024-01-26T04:19:00+00:00,45.0,2024-01-26T02:45:00+00:00,-49.0,94.0,True,"(15,180]",True,False,False,True,accepted,,True
2024-01_reporting.csv:433163,2024-01_reporting.csv:433164,N826MD,2024-01-25,3715,PVD,2024-01-25,3755,ORD,ICT,2024-01-26T03:39:00+00:00,2024-01-26T04:26:00+00:00,47.0,2024-01-26T02:25:00+00:00,-74.0,121.0,True,"(15,180]",True,False,False,True,accepted,,True
2024-01_reporting.csv:433170,2024-01_reporting.csv:451852,N873RW,2024-01-25,3382,BDL,2024-01-26,3581,ORD,XNA,2024-01-26T01:14:00+00:00,2024-01-26T14:23:00+00:00,789.0,2024-01-26T14:14:00+00:00,780.0,9.0,False,>360,True,False,False,True,accepted,,False
2024-01_reporting.csv:433172,2024-01_reporting.csv:433171,N873RW,2024-01-25,3815,GRB,2024-01-25,3382,ORD,BDL,2024-01-25T18:22:00+00:00,2024-01-25T19:19:00+00:00,57.0,2024-01-25T19:19:00+00:00,57.0,0.0,False,"(15,180]",True,False,False,True,accepted,,True
2024-01_reporting.csv:433174,2024-01_reporting.csv:433176,N874RW,2024-01-25,3392,EWR,2024-01-25,3679,ORD,BWI,2024-01-25T14:27:00+00:00,2024-01-25T15:12:00+00:00,45.0,2024-01-25T14:35:00+00:00,8.0,37.0,True,"(15,180]",True,False,False,True,accepted,,True
2024-01_reporting.csv:433175,2024-01_reporting.csv:433179,N874RW,2024-01-25,3679,BWI,2024-01-25,3760,ORD,DSM,2024-01-25T19:47:00+00:00,2024-01-25T20:31:00+00:00,44.0,2024-01-25T19:51:00+00:00,4.0,40.0,True,"(15,180]",True,False,False,True,accepted,,True
2024-01_reporting.csv:433178,2024-01_reporting.csv:433177,N874RW,2024-01-25,3760,DSM,2024-01-25,3694,ORD,CMI,2024-01-26T00:02:00+00:00,2024-01-26T01:00:00+00:00,58.0,2024-01-26T00:20:00+00:00,18.0,40.0,True,"(15,180]",True,False,False,True,accepted,,True
2024-01_reporting.csv:451149,2024-01_reporting.csv:451152,N202NN,2024-01-26,3742,BHM,2024-01-26,3760,ORD,DSM,2024-01-26T19:05:00+00:00,2024-01-26T19:49:00+00:00,44.0,2024-01-26T19:51:00+00:00,46.0,-2.0,False,"(15,180]",True,False,False,True,accepted,,True
2024-01_reporting.csv:451153,2024-01_reporting.csv:451150,N202NN,2024-01-26,4129,SGF,2024-01-26,3742,ORD,BHM,2024-01-26T13:17:00+00:00,2024-01-26T14:13:00+00:00,56.0,2024-01-26T14:15:00+00:00,58.0,-2.0,False,"(15,180]",True,False,False,True,accepted,,True
2024-01_reporting.csv:451179,2024-01_reporting.csv:451181,N208AN,2024-01-26,3680,MSY,2024-01-26,3741,ORD,SDF,2024-01-26T20:18:00+00:00,2024-01-26T21:27:00+00:00,69.0,2024-01-26T21:28:00+00:00,70.0,-1.0,False,"(15,180]",True,False,False,True,accepted,,True
2024-01_reporting.csv:451182,2024-01_reporting.csv:451183,N208AN,2024-01-26,3741,SDF,2024-01-26,3975,ORD,LEX,2024-01-27T00:50:00+00:00,2024-01-27T02:19:00+00:00,89.0,2024-01-27T02:20:00+00:00,90.0,-1.0,False,"(15,180]",True,False,False,True,accepted,,True
2024-01_reporting.csv:451184,2024-01_reporting.csv:451180,N208AN,2024-01-26,4088,XNA,2024-01-26,3680,ORD,MSY,2024-01-26T13:09:00+00:00,2024-01-26T14:25:00+00:00,76.0,2024-01-26T14:30:00+00:00,81.0,-5.0,False,"(15,180]",True,False,False,True,accepted,,True
2024-01_reporting.csv:451199,2024-01_reporting.csv:451202,N211NN,2024-01-26,3418,AUS,2024-01-26,3578,ORD,XNA,2024-01-26T23:48:00+00:00,2024-01-27T00:31:00+00:00,43.0,2024-01-27T00:34:00+00:00,46.0,-3.0,False,"(15,180]",True,False,False,True,accepted,,True
2024-01_reporting.csv:451372,2024-01_reporting.csv:451377,N247NN,2024-01-26,3319,EWR,2024-01-26,3775,ORD,BNA,2024-01-26T20:53:00+00:00,2024-01-26T21:49:00+00:00,56.0,2024-01-26T21:52:00+00:00,59.0,-3.0,False,"(15,180]",True,False,False,True,accepted,,True
2024-01_reporting.csv:451375,2024-01_reporting.csv:451374,N247NN,2024-01-26,3496,HPN,2024-01-26,3374,ORD,EWR,2024-01-26T14:34:00+00:00,2024-01-26T15:50:00+00:00,76.0,2024-01-26T15:50:00+00:00,76.0,0.0,False,"(15,180]",True,False,False,True,accepted,,True
2024-01_reporting.csv:451376,2024-01_reporting.csv:451373,N247NN,2024-01-26,3775,BNA,2024-01-26,3360,ORD,OKC,2024-01-27T01:57:00+00:00,2024-01-27T02:40:00+00:00,43.0,2024-01-27T02:43:00+00:00,46.0,-3.0,False,"(15,180]",True,False,False,True,accepted,,True
2024-01_reporting.csv:451393,2024-01_reporting.csv:451394,N250NN,2024-01-26,3398,ELP,2024-01-26,3555,ORD,STL,2024-01-26T21:45:00+00:00,2024-01-26T22:20:00+00:00,35.0,2024-01-26T22:21:00+00:00,36.0,-1.0,False,"(15,180]",True,False,False,True,accepted,,True
2024-01_reporting.csv:451395,2024-01_reporting.csv:451392,N250NN,2024-01-26,3555,STL,2024-01-26,3362,ORD,SGF,2024-01-27T01:17:00+00:00,2024-01-27T01:50:00+00:00,33.0,2024-01-27T00:55:00+00:00,-22.0,55.0,True,"(15,180]",True,False,False,True,accepted,,True
2024-01_reporting.csv:451396,2024-01_reporting.csv:451397,N250NN,2024-01-26,3723,FAR,2024-01-26,3877,ORD,ELP,2024-01-26T13:17:00+00:00,2024-01-26T14:16:00+00:00,59.0,2024-01-26T14:19:00+00:00,62.0,-3.0,False,"(15,180]",True,False,False,True,accepted,,True
2024-01_reporting.csv:451435,2024-01_reporting.csv:451433,N258NN,2024-01-26,3358,SYR,2024-01-26,3323,ORD,EWR,2024-01-27T01:03:00+00:00,2024-01-27T02:16:00+00:00,73.0,2024-01-27T02:20:00+00:00,77.0,-4.0,False,"(15,180]",True,False,False,True,accepted,,True
2024-01_reporting.csv:451436,2024-01_reporting.csv:451438,N258NN,2024-01-26,3367,OKC,2024-01-26,3932,ORD,IND,2024-01-26T13:29:00+00:00,2024-01-26T14:31:00+00:00,62.0,2024-01-26T14:36:00+00:00,67.0,-5.0,False,"(15,180]",True,False,False,True,accepted,,True
2024-01_reporting.csv:451437,2024-01_reporting.csv:451434,N258NN,2024-01-26,3932,IND,2024-01-26,3358,ORD,SYR,2024-01-26T17:49:00+00:00,2024-01-26T20:26:00+00:00,157.0,2024-01-26T20:27:00+00:00,158.0,-1.0,False,"(15,180]",True,False,False,True,accepted,,True
2024-01_reporting.csv:451448,2024-01_reporting.csv:451449,N260NN,2024-01-26,3380,ROC,2024-01-26,3715,ORD,PVD,2024-01-26T18:53:00+00:00,2024-01-26T19:48:00+00:00,55.0,2024-01-26T19:50:00+00:00,57.0,-2.0,False,"(15,180]",True,False,False,True,accepted,,True
2024-01_reporting.csv:451450,2024-01_reporting.csv:468573,N260NN,2024-01-26,3715,PVD,2024-01-27,3733,ORD,BOS,2024-01-27T01:06:00+00:00,2024-01-27T13:09:00+00:00,723.0,2024-01-27T13:15:00+00:00,729.0,-6.0,False,>360,True,False,False,True,accepted,,False
2024-01_reporting.csv:451451,2024-01_reporting.csv:451447,N260NN,2024-01-26,3815,GRB,2024-01-26,3380,ORD,ROC,2024-01-26T13:14:00+00:00,2024-01-26T14:16:00+00:00,62.0,2024-01-26T14:19:00+00:00,65.0,-3.0,False,"(15,180]",True,False,False,True,accepted,,True
2024-01_reporting.csv:451467,2024-01_reporting.csv:451469,N264NN,2024-01-26,3320,SGF,2024-01-26,3755,ORD,ICT,2024-01-27T01:13:00+00:00,2024-01-27T02:20:00+00:00,67.0,2024-01-27T02:25:00+00:00,72.0,-5.0,False,"(15,180]",True,False,False,True,accepted,,True
2024-01_reporting.csv:451468,2024-01_reporting.csv:451470,N264NN,2024-01-26,3490,BDL,2024-01-26,3845,ORD,RDU,2024-01-26T14:51:00+00:00,2024-01-26T15:56:00+00:00,65.0,2024-01-26T16:00:00+00:00,69.0,-4.0,False,"(15,180]",True,False,False,True,accepted,,True
2024-01_reporting.csv:451471,2024-01_reporting.csv:451466,N264NN,2024-01-26,3845,RDU,2024-01-26,3320,ORD,SGF,2024-01-26T20:38:00+00:00,2024-01-26T21:41:00+00:00,63.0,2024-01-26T21:43:00+00:00,65.0,-2.0,False,"(15,180]",True,False,False,True,accepted,,True
2024-01_reporting.csv:451574,2024-01_reporting.csv:451576,N280NN,2024-01-26,3934,BNA,2024-01-26,4084,ORD,IAH,2024-01-26T18:12:00+00:00,2024-01-26T19:10:00+00:00,58.0,2024-01-26T19:15:00+00:00,63.0,-5.0,False,"(15,180]",True,False,False,True,accepted,,True
2024-01_reporting.csv:451575,2024-01_reporting.csv:451571,N280NN,2024-01-26,4084,IAH,2024-01-26,3324,ORD,SYR,2024-01-27T01:12:00+00:00,2024-01-27T02:21:00+00:00,69.0,2024-01-27T02:24:00+00:00,72.0,-3.0,False,"(15,180]",True,False,False,True,accepted,,True
2024-01_reporting.csv:451619,2024-01_reporting.csv:451616,N288NN,2024-01-26,3871,BOS,2024-01-26,3648,ORD,GSO,2024-01-26T23:16:00+00:00,2024-01-27T00:24:00+00:00,68.0,2024-01-27T00:28:00+00:00,72.0,-4.0,False,"(15,180]",True,False,False,True,accepted,,True
2024-01_reporting.csv:451628,2024-01_reporting.csv:451629,N290NN,2024-01-26,3656,LIT,2024-01-26,3851,ORD,BNA,2024-01-26T13:55:00+00:00,2024-01-26T14:35:00+00:00,40.0,2024-01-26T14:35:00+00:00,40.0,0.0,False,"(15,180]",True,False,False,True,accepted,,True
2024-01_reporting.csv:451687,2024-01_reporting.csv:451684,N310JZ,2024-01-26,3673,GSO,2024-01-26,3322,ORD,AUS,2024-01-26T13:22:00+00:00,2024-01-26T14:43:00+00:00,81.0,2024-01-26T14:35:00+00:00,73.0,8.0,False,"(15,180]",True,False,False,True,accepted,,True
2024-01_reporting.csv:451709,2024-01_reporting.csv:451707,N635RW,2024-01-26,3410,GRR,2024-01-26,3317,ORD,MCI,2024-01-26T17:33:00+00:00,2024-01-26T18:04:00+00:00,31.0,2024-01-26T17:51:00+00:00,18.0,13.0,False,"(15,180]",True,False,False,True,accepted,,True
2024-01_reporting.csv:451711,2024-01_reporting.csv:451713,N635RW,2024-01-26,3479,MCI,2024-01-26,3799,ORD,GRB,2024-01-26T21:32:00+00:00,2024-01-26T22:55:00+00:00,83.0,2024-01-26T22:52:00+00:00,80.0,3.0,False,"(15,180]",True,False,False,True,accepted,,True
2024-01_reporting.csv:451712,2024-01_reporting.csv:451710,N635RW,2024-01-26,3782,DSM,2024-01-26,3410,ORD,GRR,2024-01-26T12:37:00+00:00,2024-01-26T14:23:00+00:00,106.0,2024-01-26T14:24:00+00:00,107.0,-1.0,False,"(15,180]",True,False,False,True,accepted,,True
2024-01_reporting.csv:451714,2024-01_reporting.csv:451708,N635RW,2024-01-26,3876,GRB,2024-01-26,3377,ORD,FAR,2024-01-27T01:52:00+00:00,2024-01-27T03:18:00+00:00,86.0,2024-01-27T03:20:00+00:00,88.0,-2.0,False,"(15,180]",True,False,False,True,accepted,,True
2024-01_reporting.csv:451715,2024-01_reporting.csv:451720,N636RW,2024-01-26,3416,ATL,2024-01-26,3788,ORD,EWR,2024-01-26T19:12:00+00:00,2024-01-26T19:57:00+00:00,45.0,2024-01-26T19:57:00+00:00,45.0,0.0,False,"(15,180]",True,False,False,True,accepted,,True
2024-01_reporting.csv:451717,2024-01_reporting.csv:451716,N636RW,2024-01-26,3739,FSD,2024-01-26,3416,ORD,ATL,2024-01-26T13:41:00+00:00,2024-01-26T14:16:00+00:00,35.0,2024-01-26T14:18:00+00:00,37.0,-2.0,False,"(15,180]",True,False,False,True,accepted,,True
2024-01_reporting.csv:451719,2024-01_reporting.csv:451718,N636RW,2024-01-26,3788,EWR,2024-01-26,3786,ORD,DSM,2024-01-27T01:07:00+00:00,2024-01-27T01:49:00+00:00,42.0,2024-01-27T01:50:00+00:00,43.0,-1.0,False,"(15,180]",True,False,False,True,accepted,,True
2024-01_reporting.csv:451722,2024-01_reporting.csv:451724,N643RW,2024-01-26,3514,FAR,2024-01-26,3664,ORD,CMH,2024-01-26T20:29:00+00:00,2024-01-26T22:39:00+00:00,130.0,2024-01-26T22:45:00+00:00,136.0,-6.0,False,"(15,180]",True,False,False,True,accepted,,True
2024-01_reporting.csv:451725,2024-01_reporting.csv:451723,N643RW,2024-01-26,3710,GSP,2024-01-26,3514,ORD,FAR,2024-01-26T13:02:00+00:00,2024-01-26T15:53:00+00:00,171.0,2024-01-26T15:50:00+00:00,168.0,3.0,False,"(15,180]",True,False,False,True,accepted,,True
2024-01_reporting.csv:451726,2024-01_reporting.csv:451731,N644RW,2024-01-26,3572,CMH,2024-01-26,3937,ORD,OMA,2024-01-26T15:14:00+00:00,2024-01-26T16:04:00+00:00,50.0,2024-01-26T16:10:00+00:00,56.0,-6.0,False,"(15,180]",True,False,False,True,accepted,,True
2024-01_reporting.csv:451727,2024-01_reporting.csv:451728,N644RW,2024-01-26,3669,AVP,2024-01-26,3811,ORD,OMA,2024-01-27T01:09:00+00:00,2024-01-27T02:40:00+00:00,91.0,2024-01-27T02:40:00+00:00,91.0,0.0,False,"(15,180]",True,False,False,True,accepted,,True
2024-01_reporting.csv:451730,2024-01_reporting.csv:451729,N644RW,2024-01-26,3937,OMA,2024-01-26,3893,ORD,AVP,2024-01-26T20:06:00+00:00,2024-01-26T20:46:00+00:00,40.0,2024-01-26T20:51:00+00:00,45.0,-5.0,False,"(15,180]",True,False,False,True,accepted,,True
2024-01_reporting.csv:451737,2024-01_reporting.csv:451736,N761RW,2024-01-26,3513,ROC,2024-01-26,3498,ORD,LSE,2024-01-27T01:24:00+00:00,2024-01-27T02:31:00+00:00,67.0,2024-01-27T02:32:00+00:00,68.0,-1.0,False,"(15,180]",True,False,False,True,accepted,,True
2024-01_reporting.csv:451739,2024-01_reporting.csv:451738,N761RW,2024-01-26,3792,OKC,2024-01-26,3543,ORD,ROC,2024-01-26T20:07:00+00:00,2024-01-26T21:14:00+00:00,67.0,2024-01-26T21:18:00+00:00,71.0,-4.0,False,"(15,180]",True,False,False,True,accepted,,True
2024-01_reporting.csv:451741,2024-01_reporting.csv:451740,N761RW,2024-01-26,4094,CVG,2024-01-26,3792,ORD,OKC,2024-01-26T13:37:00+00:00,2024-01-26T14:32:00+00:00,55.0,2024-01-26T14:38:00+00:00,61.0,-6.0,False,"(15,180]",True,False,False,True,accepted,,True
2024-01_reporting.csv:451742,2024-01_reporting.csv:451747,N762DT,2024-01-26,3392,EWR,2024-01-26,3922,ORD,MEM,2024-01-26T15:00:00+00:00,2024-01-26T15:47:00+00:00,47.0,2024-01-26T15:50:00+00:00,50.0,-3.0,False,"(15,180]",True,False,False,True,accepted,,True
2024-01_reporting.csv:451744,2024-01_reporting.csv:451749,N762DT,2024-01-26,3707,PIT,2024-01-26,3956,ORD,MSN,2024-01-27T00:35:00+00:00,2024-01-27T01:33:00+00:00,58.0,2024-01-26T23:17:00+00:00,-78.0,136.0,True,"(15,180]",True,False,False,True,accepted,,True
2024-01_reporting.csv:451746,2024-01_reporting.csv:451743,N762DT,2024-01-26,3922,MEM,2024-01-26,3707,ORD,PIT,2024-01-26T20:15:00+00:00,2024-01-26T21:01:00+00:00,46.0,2024-01-26T20:55:00+00:00,40.0,6.0,False,"(15,180]",True,False,False,True,accepted,,True
2024-01_reporting.csv:451748,2024-01_reporting.csv:451745,N762DT,2024-01-26,3956,MSN,2024-01-26,3750,ORD,FSD,2024-01-27T03:51:00+00:00,2024-01-27T04:31:00+00:00,40.0,2024-01-27T03:40:00+00:00,-11.0,51.0,True,"(15,180]",True,False,False,True,accepted,,True
2024-01_reporting.csv:451750,2024-01_reporting.csv:451755,N763CC,2024-01-26,3364,OMA,2024-01-26,3789,ORD,EWR,2024-01-26T13:39:00+00:00,2024-01-26T14:28:00+00:00,49.0,2024-01-26T14:30:00+00:00,51.0,-2.0,False,"(15,180]",True,False,False,True,accepted,,True
2024-01_reporting.csv:451752,2024-01_reporting.csv:451751,N763CC,2024-01-26,3769,ATL,2024-01-26,3690,ORD,CVG,2024-01-27T01:07:00+00:00,2024-01-27T02:15:00+00:00,68.0,2024-01-27T02:17:00+00:00,70.0,-2.0,False,"(15,180]",True,False,False,True,accepted,,True
2024-01_reporting.csv:451754,2024-01_reporting.csv:451753,N763CC,2024-01-26,3789,EWR,2024-01-26,3769,ORD,ATL,2024-01-26T20:19:00+00:00,2024-01-26T20:56:00+00:00,37.0,2024-01-26T20:53:00+00:00,34.0,3.0,False,"(15,180]",True,False,False,True,accepted,,True
2024-01_reporting.csv:451756,2024-01_reporting.csv:451761,N765ST,2024-01-26,3314,PVD,2024-01-26,3793,ORD,FSD,2024-01-26T15:02:00+00:00,2024-01-26T16:12:00+00:00,70.0,2024-01-26T15:59:00+00:00,57.0,13.0,False,"(15,180]",True,False,False,True,accepted,,True
2024-01_reporting.csv:451758,2024-01_reporting.csv:451759,N765ST,2024-01-26,3375,XNA,2024-01-26,3384,ORD,CMH,2024-01-27T01:37:00+00:00,2024-01-27T02:18:00+00:00,41.0,2024-01-27T02:20:00+00:00,43.0,-2.0,False,"(15,180]",True,False,False,True,accepted,,True
2024-01_reporting.csv:451760,2024-01_reporting.csv:451757,N765ST,2024-01-26,3793,FSD,2024-01-26,3375,ORD,XNA,2024-01-26T20:33:00+00:00,2024-01-26T21:18:00+00:00,45.0,2024-01-26T21:22:00+00:00,49.0,-4.0,False,"(15,180]",True,False,False,True,accepted,,True
2024-01_reporting.csv:451768,2024-01_reporting.csv:451770,N768RD,2024-01-26,3467,IND,2024-01-26,3878,ORD,GRB,2024-01-26T21:53:00+00:00,2024-01-27T03:37:00+00:00,344.0,2024-01-27T03:35:00+00:00,342.0,2.0,False,"(180,360]",True,False,False,True,accepted,,False
2024-01_reporting.csv:451771,2024-01_reporting.csv:451769,N768RD,2024-01-26,4134,SYR,2024-01-26,3467,ORD,IND,2024-01-26T15:23:00+00:00,2024-01-26T19:23:00+00:00,240.0,2024-01-26T19:24:00+00:00,241.0,-1.0,False,"(180,360]",True,False,False,True,accepted,,False
2024-01_reporting.csv:451773,2024-01_reporting.csv:451772,N769KW,2024-01-26,4072,ROC,2024-01-26,3478,ORD,BDL,2024-01-26T12:32:00+00:00,2024-01-27T00:39:00+00:00,727.0,2024-01-27T00:40:00+00:00,728.0,-1.0,False,>360,True,False,False,True,accepted,,False
2024-01_reporting.csv:451774,2024-01_reporting.csv:451779,N770JM,2024-01-26,3382,BDL,2024-01-26,4007,ORD,ROC,2024-01-27T00:17:00+00:00,2024-01-27T01:23:00+00:00,66.0,2024-01-27T01:25:00+00:00,68.0,-2.0,False,"(15,180]",True,False,False,True,accepted,,True
2024-01_reporting.csv:451777,2024-01_reporting.csv:451775,N770JM,2024-01-26,3803,SDF,2024-01-26,3382,ORD,BDL,2024-01-26T18:24:00+00:00,2024-01-26T19:18:00+00:00,54.0,2024-01-26T19:19:00+00:00,55.0,-1.0,False,"(15,180]",True,False,False,True,accepted,,True
2024-01_reporting.csv:451778,2024-01_reporting.csv:451776,N770JM,2024-01-26,3942,CMH,2024-01-26,3803,ORD,SDF,2024-01-26T13:23:00+00:00,2024-01-26T14:37:00+00:00,74.0,2024-01-26T14:44:00+00:00,81.0,-7.0,False,"(15,180]",True,False,False,True,accepted,,True
2024-01_reporting.csv:451780,2024-01_reporting.csv:451781,N771JV,2024-01-26,3744,COU,2024-01-26,3808,ORD,HPN,2024-01-26T16:24:00+00:00,2024-01-26T18:50:00+00:00,146.0,2024-01-26T18:54:00+00:00,150.0,-4.0,False,"(15,180]",True,False,False,True,accepted,,True
2024-01_reporting.csv:451782,2024-01_reporting.csv:451785,N772MR,2024-01-26,3559,MEM,2024-01-26,3747,ORD,CMI,2024-01-26T14:26:00+00:00,2024-01-26T15:47:00+00:00,81.0,2024-01-26T15:55:00+00:00,89.0,-8.0,False,"(15,180]",True,False,False,True,accepted,,True
2024-01_reporting.csv:451784,2024-01_reporting.csv:451787,N772MR,2024-01-26,3746,CMI,2024-01-26,3818,ORD,ICT,2024-01-26T18:30:00+00:00,2024-01-26T19:16:00+00:00,46.0,2024-01-26T19:20:00+00:00,50.0,-4.0,False,"(15,180]",True,False,False,True,accepted,,True
2024-01_reporting.csv:451789,2024-01_reporting.csv:451788,N774JG,2024-01-26,3790,EYW,2024-01-26,3315,ORD,PVD,2024-01-26T23:38:00+00:00,2024-01-27T00:27:00+00:00,49.0,2024-01-27T00:31:00+00:00,53.0,-4.0,False,"(15,180]",True,False,False,True,accepted,,True
2024-01_reporting.csv:451791,2024-01_reporting.csv:451790,N774JG,2024-01-26,3826,CVG,2024-01-26,3790,ORD,EYW,2024-01-26T15:20:00+00:00,2024-01-26T16:02:00+00:00,42.0,2024-01-26T16:00:00+00:00,40.0,2.0,False,"(15,180]",True,False,False,True,accepted,,True
2024-01_reporting.csv:451792,2024-01_reporting.csv:451793,N776MS,2024-01-26,3369,MCI,2024-01-26,3493,ORD,BDL,2024-01-26T13:07:00+00:00,2024-01-26T14:19:00+00:00,72.0,2024-01-26T14:22:00+00:00,75.0,-3.0,False,"(15,180]",True,False,False,True,accepted,,True
2024-01_reporting.csv:451795,2024-01_reporting.csv:451797,N776MS,2024-01-26,3678,BDL,2024-01-26,3770,ORD,ATW,2024-01-26T19:56:00+00:00,2024-01-26T20:57:00+00:00,61.0,2024-01-26T21:00:00+00:00,64.0,-3.0,False,"(15,180]",True,False,False,True,accepted,,True
2024-01_reporting.csv:451796,2024-01_reporting.csv:451794,N776MS,2024-01-26,3770,ATW,2024-01-26,3499,ORD,HPN,2024-01-26T23:37:00+00:00,2024-01-27T00:44:00+00:00,67.0,2024-01-27T00:45:00+00:00,68.0,-1.0,False,"(15,180]",True,False,False,True,accepted,,True
2024-01_reporting.csv:451798,2024-01_reporting.csv:468858,N776MS,2024-01-26,3808,HPN,2024-01-27,3493,ORD,BDL,2024-01-27T05:42:00+00:00,2024-01-27T14:19:00+00:00,517.0,2024-01-27T14:22:00+00:00,520.0,-3.0,False,>360,True,False,False,True,accepted,,False
2024-01_reporting.csv:451807,2024-01_reporting.csv:451810,N783LC,2024-01-26,3812,HPN,2024-01-26,3839,ORD,OKC,2024-01-26T19:21:00+00:00,2024-01-26T20:13:00+00:00,52.0,2024-01-26T20:13:00+00:00,52.0,0.0,False,"(15,180]",True,False,False,True,accepted,,True
2024-01_reporting.csv:451809,2024-01_reporting.csv:451806,N783LC,2024-01-26,3839,OKC,2024-01-26,3621,ORD,GSP,2024-01-27T01:59:00+00:00,2024-01-27T02:35:00+00:00,36.0,2024-01-27T02:19:00+00:00,20.0,16.0,True,"(15,180]",True,False,False,True,accepted,,True
2024-01_reporting.csv:451812,2024-01_reporting.csv:468879,N791DK,2024-01-26,3836,IAH,2024-01-27,3382,ORD,BDL,2024-01-27T19:23:00+00:00,2024-01-27T21:14:00+00:00,111.0,2024-01-27T21:10:00+00:00,107.0,4.0,False,"(15,180]",True,False,False,True,accepted,,True
2024-01_reporting.csv:451834,2024-01_reporting.csv:451837,N821MD,2024-01-26,3596,STL,2024-01-26,4074,ORD,RDU,2024-01-26T17:36:00+00:00,2024-01-26T18:42:00+00:00,66.0,2024-01-26T18:45:00+00:00,69.0,-3.0,False,"(15,180]",True,False,False,True,accepted,,True
2024-01_reporting.csv:451836,2024-01_reporting.csv:451833,N821MD,2024-01-26,3842,MSN,2024-01-26,3595,ORD,STL,2024-01-26T13:14:00+00:00,2024-01-26T14:14:00+00:00,60.0,2024-01-26T14:14:00+00:00,60.0,0.0,False,"(15,180]",True,False,False,True,accepted,,True
2024-01_reporting.csv:451838,2024-01_reporting.csv:451835,N821MD,2024-01-26,4074,RDU,2024-01-26,3745,ORD,COU,2024-01-26T23:06:00+00:00,2024-01-27T00:20:00+00:00,74.0,2024-01-27T00:26:00+00:00,80.0,-6.0,False,"(15,180]",True,False,False,True,accepted,,True
2024-01_reporting.csv:451840,2024-01_reporting.csv:451843,N826MD,2024-01-26,3679,BWI,2024-01-26,4156,ORD,RIC,2024-01-26T19:44:00+00:00,2024-01-26T20:52:00+00:00,68.0,2024-01-26T20:55:00+00:00,71.0,-3.0,False,"(15,180]",True,False,False,True,accepted,,True
2024-01_reporting.csv:451842,2024-01_reporting.csv:451841,N826MD,2024-01-26,3757,ICT,2024-01-26,3679,ORD,BWI,2024-01-26T13:14:00+00:00,2024-01-26T14:33:00+00:00,79.0,2024-01-26T14:35:00+00:00,81.0,-2.0,False,"(15,180]",True,False,False,True,accepted,,True
2024-01_reporting.csv:451844,2024-01_reporting.csv:451839,N826MD,2024-01-26,4156,RIC,2024-01-26,3387,ORD,MCI,2024-01-27T01:17:00+00:00,2024-01-27T02:35:00+00:00,78.0,2024-01-27T02:36:00+00:00,79.0,-1.0,False,"(15,180]",True,False,False,True,accepted,,True
2024-01_reporting.csv:451853,2024-01_reporting.csv:468896,N873RW,2024-01-26,3604,XNA,2024-01-27,3343,ORD,CMH,2024-01-26T19:06:00+00:00,2024-01-27T14:13:00+00:00,1147.0,2024-01-27T14:14:00+00:00,1148.0,-1.0,False,>360,True,False,False,True,accepted,,False
2024-01_reporting.csv:451855,2024-01_reporting.csv:451859,N874RW,2024-01-26,3497,STL,2024-01-26,3972,ORD,CVG,2024-01-26T22:28:00+00:00,2024-01-26T23:36:00+00:00,68.0,2024-01-26T23:37:00+00:00,69.0,-1.0,False,"(15,180]",True,False,False,True,accepted,,True
2024-01_reporting.csv:451856,2024-01_reporting.csv:451857,N874RW,2024-01-26,3609,CMI,2024-01-26,3688,ORD,PIT,2024-01-26T12:53:00+00:00,2024-01-26T14:10:00+00:00,77.0,2024-01-26T14:14:00+00:00,81.0,-4.0,False,"(15,180]",True,False,False,True,accepted,,True
2024-01_reporting.csv:451858,2024-01_reporting.csv:451854,N874RW,2024-01-26,3688,PIT,2024-01-26,3497,ORD,STL,2024-01-26T18:07:00+00:00,2024-01-26T19:15:00+00:00,68.0,2024-01-26T19:15:00+00:00,68.0,0.0,False,"(15,180]",True,False,False,True,accepted,,True
2024-01_reporting.csv:468456,2024-01_reporting.csv:468454,N234JW,2024-01-27,3845,RDU,2024-01-27,3578,ORD,XNA,2024-01-27T21:56:00+00:00,2024-01-28T00:30:00+00:00,154.0,2024-01-28T00:34:00+00:00,158.0,-4.0,False,"(15,180]",True,False,False,True,accepted,,True
2024-01_reporting.csv:468494,2024-01_reporting.csv:468497,N245NN,2024-01-27,3398,ELP,2024-01-27,3931,ORD,MSP,2024-01-27T17:41:00+00:00,2024-01-27T20:27:00+00:00,166.0,2024-01-27T20:30:00+00:00,169.0,-3.0,False,"(15,180]",True,False,False,True,accepted,,True
2024-01_reporting.csv:468496,2024-01_reporting.csv:468495,N245NN,2024-01-27,3931,MSP,2024-01-27,3648,ORD,GSO,2024-01-27T23:58:00+00:00,2024-01-28T00:28:00+00:00,30.0,2024-01-28T00:28:00+00:00,30.0,0.0,False,"(15,180]",True,False,False,True,accepted,,True
2024-01_reporting.csv:468504,2024-01_reporting.csv:468505,N247NN,2024-01-27,3367,OKC,2024-01-27,3485,ORD,RDU,2024-01-27T15:20:00+00:00,2024-01-27T16:15:00+00:00,55.0,2024-01-27T16:15:00+00:00,55.0,0.0,False,"(15,180]",True,False,False,True,accepted,,True
2024-01_reporting.csv:468522,2024-01_reporting.csv:468521,N250NN,2024-01-27,3818,ICT,2024-01-27,3377,ORD,FAR,2024-01-28T00:00:00+00:00,2024-01-28T00:46:00+00:00,46.0,2024-01-28T00:47:00+00:00,47.0,-1.0,False,"(15,180]",True,False,False,True,accepted,,True
2024-01_reporting.csv:468524,2024-01_reporting.csv:468523,N250NN,2024-01-27,3950,CLE,2024-01-27,3818,ORD,ICT,2024-01-27T17:37:00+00:00,2024-01-27T19:11:00+00:00,94.0,2024-01-27T19:15:00+00:00,98.0,-4.0,False,"(15,180]",True,False,False,True,accepted,,True
2024-01_reporting.csv:468526,2024-01_reporting.csv:468525,N250NN,2024-01-27,4129,SGF,2024-01-27,3950,ORD,CLE,2024-01-27T12:38:00+00:00,2024-01-27T14:22:00+00:00,104.0,2024-01-27T14:22:00+00:00,104.0,0.0,False,"(15,180]",True,False,False,True,accepted,,True
2024-01_reporting.csv:468561,2024-01_reporting.csv:468564,N258NN,2024-01-27,3392,EWR,2024-01-27,4160,ORD,MSN,2024-01-27T14:32:00+00:00,2024-01-27T15:50:00+00:00,78.0,2024-01-27T15:55:00+00:00,83.0,-5.0,False,"(15,180]",True,False,False,True,accepted,,True
2024-01_reporting.csv:468563,2024-01_reporting.csv:468562,N258NN,2024-01-27,4160,MSN,2024-01-27,3877,ORD,ELP,2024-01-27T18:30:00+00:00,2024-01-27T19:27:00+00:00,57.0,2024-01-27T19:30:00+00:00,60.0,-3.0,False,"(15,180]",True,False,False,True,accepted,,True
2024-01_reporting.csv:468572,2024-01_reporting.csv:504093,N260NN,2024-01-27,3707,PIT,2024-01-29,3733,ORD,BOS,2024-01-27T23:32:00+00:00,2024-01-29T13:04:00+00:00,2252.0,2024-01-29T13:05:00+00:00,2253.0,-1.0,False,>360,True,False,False,True,accepted,,False
2024-01_reporting.csv:468574,2024-01_reporting.csv:468571,N260NN,2024-01-27,3871,BOS,2024-01-27,3707,ORD,PIT,2024-01-27T19:15:00+00:00,2024-01-27T19:52:00+00:00,37.0,2024-01-27T19:50:00+00:00,35.0,2.0,False,"(15,180]",True,False,False,True,accepted,,True
2024-01_reporting.csv:468670,2024-01_reporting.csv:468672,N280NN,2024-01-27,3348,HDN,2024-01-27,3811,ORD,OMA,2024-01-27T23:01:00+00:00,2024-01-28T00:57:00+00:00,116.0,2024-01-28T00:32:00+00:00,91.0,25.0,True,"(15,180]",True,False,False,True,accepted,,True
2024-01_reporting.csv:468674,2024-01_reporting.csv:468671,N280NN,2024-01-27,4134,SYR,2024-01-27,3348,ORD,HDN,2024-01-27T14:47:00+00:00,2024-01-27T15:45:00+00:00,58.0,2024-01-27T15:50:00+00:00,63.0,-5.0,False,"(15,180]",True,False,False,True,accepted,,True
2024-01_reporting.csv:468706,2024-01_reporting.csv:485796,N288NN,2024-01-27,3632,CMH,2024-01-28,3733,ORD,BOS,2024-01-27T22:18:00+00:00,2024-01-28T13:00:00+00:00,882.0,2024-01-28T13:05:00+00:00,887.0,-5.0,False,>360,True,False,False,True,accepted,,False
2024-01_reporting.csv:468708,2024-01_reporting.csv:468709,N288NN,2024-01-27,3673,GSO,2024-01-27,3802,ORD,STL,2024-01-27T13:21:00+00:00,2024-01-27T14:43:00+00:00,82.0,2024-01-27T14:45:00+00:00,84.0,-2.0,False,"(15,180]",True,False,False,True,accepted,,True
2024-01_reporting.csv:468710,2024-01_reporting.csv:468707,N288NN,2024-01-27,3802,STL,2024-01-27,3632,ORD,CMH,2024-01-27T17:58:00+00:00,2024-01-27T19:01:00+00:00,63.0,2024-01-27T18:50:00+00:00,52.0,11.0,False,"(15,180]",True,False,False,True,accepted,,True
2024-01_reporting.csv:468789,2024-01_reporting.csv:468791,N635RW,2024-01-27,3723,FAR,2024-01-27,3812,ORD,HPN,2024-01-27T13:25:00+00:00,2024-01-27T14:16:00+00:00,51.0,2024-01-27T14:15:00+00:00,50.0,1.0,False,"(15,180]",True,False,False,True,accepted,,True
2024-01_reporting.csv:468790,2024-01_reporting.csv:468788,N635RW,2024-01-27,3812,HPN,2024-01-27,3499,ORD,HPN,2024-01-27T19:22:00+00:00,2024-01-28T00:41:00+00:00,319.0,2024-01-28T00:45:00+00:00,323.0,-4.0,False,"(180,360]",True,False,False,True,accepted,,False
2024-01_reporting.csv:468793,2024-01_reporting.csv:468792,N636RW,2024-01-27,3331,MCI,2024-01-27,3323,ORD,EWR,2024-01-28T00:37:00+00:00,2024-01-28T01:47:00+00:00,70.0,2024-01-28T01:50:00+00:00,73.0,-3.0,False,"(15,180]",True,False,False,True,accepted,,True
2024-01_reporting.csv:468795,2024-01_reporting.csv:468797,N636RW,2024-01-27,3782,DSM,2024-01-27,3937,ORD,OMA,2024-01-27T14:54:00+00:00,2024-01-27T16:08:00+00:00,74.0,2024-01-27T16:10:00+00:00,76.0,-2.0,False,"(15,180]",True,False,False,True,accepted,,True
2024-01_reporting.csv:468796,2024-01_reporting.csv:468794,N636RW,2024-01-27,3937,OMA,2024-01-27,3331,ORD,MCI,2024-01-27T19:53:00+00:00,2024-01-27T21:03:00+00:00,70.0,2024-01-27T21:03:00+00:00,70.0,0.0,False,"(15,180]",True,False,False,True,accepted,,True
2024-01_reporting.csv:468798,2024-01_reporting.csv:468800,N643RW,2024-01-27,3514,FAR,2024-01-27,3715,ORD,PVD,2024-01-27T20:19:00+00:00,2024-01-27T20:56:00+00:00,37.0,2024-01-27T20:55:00+00:00,36.0,1.0,False,"(15,180]",True,False,False,True,accepted,,True
2024-01_reporting.csv:468801,2024-01_reporting.csv:468799,N643RW,2024-01-27,3942,CMH,2024-01-27,3514,ORD,FAR,2024-01-27T14:00:00+00:00,2024-01-27T15:43:00+00:00,103.0,2024-01-27T15:50:00+00:00,110.0,-7.0,False,"(15,180]",True,False,False,True,accepted,,True
2024-01_reporting.csv:468802,2024-01_reporting.csv:468804,N644RW,2024-01-27,3364,OMA,2024-01-27,3790,ORD,EYW,2024-01-27T14:57:00+00:00,2024-01-27T16:20:00+00:00,83.0,2024-01-27T16:05:00+00:00,68.0,15.0,True,"(15,180]",True,False,False,True,accepted,,True
2024-01_reporting.csv:468803,2024-01_reporting.csv:504350,N644RW,2024-01-27,3790,EYW,2024-01-29,3788,ORD,EWR,2024-01-28T00:11:00+00:00,2024-01-29T19:46:00+00:00,2615.0,2024-01-29T19:51:00+00:00,2620.0,-5.0,False,>360,True,False,False,True,accepted,,False
2024-01_reporting.csv:468809,2024-01_reporting.csv:468811,N761RW,2024-01-27,3792,OKC,2024-01-27,3799,ORD,GRB,2024-01-27T21:31:00+00:00,2024-01-27T23:00:00+00:00,89.0,2024-01-27T22:52:00+00:00,81.0,8.0,False,"(15,180]",True,False,False,True,accepted,,True
2024-01_reporting.csv:468812,2024-01_reporting.csv:468810,N761RW,2024-01-27,4002,LSE,2024-01-27,3792,ORD,OKC,2024-01-27T15:16:00+00:00,2024-01-27T16:12:00+00:00,56.0,2024-01-27T16:15:00+00:00,59.0,-3.0,False,"(15,180]",True,False,False,True,accepted,,True
2024-01_reporting.csv:468814,2024-01_reporting.csv:468816,N762DT,2024-01-27,3739,FSD,2024-01-27,3836,ORD,IAH,2024-01-27T13:37:00+00:00,2024-01-27T14:36:00+00:00,59.0,2024-01-27T14:37:00+00:00,60.0,-1.0,False,"(15,180]",True,False,False,True,accepted,,True
2024-01_reporting.csv:468815,2024-01_reporting.csv:468813,N762DT,2024-01-27,3836,IAH,2024-01-27,3664,ORD,CMH,2024-01-27T21:42:00+00:00,2024-01-27T22:40:00+00:00,58.0,2024-01-27T22:45:00+00:00,63.0,-5.0,False,"(15,180]",True,False,False,True,accepted,,True
2024-01_reporting.csv:468818,2024-01_reporting.csv:468817,N763CC,2024-01-27,3793,FSD,2024-01-27,3358,ORD,SYR,2024-01-27T19:56:00+00:00,2024-01-27T21:07:00+00:00,71.0,2024-01-27T21:00:00+00:00,64.0,7.0,False,"(15,180]",True,False,False,True,accepted,,True
2024-01_reporting.csv:468820,2024-01_reporting.csv:468819,N763CC,2024-01-27,3826,CVG,2024-01-27,3793,ORD,FSD,2024-01-27T14:43:00+00:00,2024-01-27T15:58:00+00:00,75.0,2024-01-27T16:05:00+00:00,82.0,-7.0,False,"(15,180]",True,False,False,True,accepted,,True
2024-01_reporting.csv:468822,2024-01_reporting.csv:468823,N764JD,2024-01-27,3375,XNA,2024-01-27,3384,ORD,CMH,2024-01-27T23:29:00+00:00,2024-01-28T00:57:00+00:00,88.0,2024-01-28T00:35:00+00:00,66.0,22.0,True,"(15,180]",True,False,False,True,accepted,,True
2024-01_reporting.csv:468824,2024-01_reporting.csv:468821,N764JD,2024-01-27,4088,XNA,2024-01-27,3375,ORD,XNA,2024-01-27T16:50:00+00:00,2024-01-27T19:23:00+00:00,153.0,2024-01-27T19:29:00+00:00,159.0,-6.0,False,"(15,180]",True,False,False,True,accepted,,True
2024-01_reporting.csv:468825,2024-01_reporting.csv:468828,N765ST,2024-01-27,3479,MCI,2024-01-27,3839,ORD,OKC,2024-01-27T19:43:00+00:00,2024-01-27T20:30:00+00:00,47.0,2024-01-27T20:33:00+00:00,50.0,-3.0,False,"(15,180]",True,False,False,True,accepted,,True
2024-01_reporting.csv:468827,2024-01_reporting.csv:468826,N765ST,2024-01-27,3572,CMH,2024-01-27,3479,ORD,MCI,2024-01-27T14:44:00+00:00,2024-01-27T16:02:00+00:00,78.0,2024-01-27T16:05:00+00:00,81.0,-3.0,False,"(15,180]",True,False,False,True,accepted,,True
2024-01_reporting.csv:468836,2024-01_reporting.csv:468837,N768RD,2024-01-27,3815,GRB,2024-01-27,3870,ORD,STL,2024-01-27T15:29:00+00:00,2024-01-27T18:44:00+00:00,195.0,2024-01-27T15:52:00+00:00,23.0,172.0,True,"(180,360]",True,False,False,True,accepted,,False
2024-01_reporting.csv:468838,2024-01_reporting.csv:468835,N768RD,2024-01-27,3870,STL,2024-01-27,3694,ORD,CMI,2024-01-27T21:44:00+00:00,2024-01-28T00:19:00+00:00,155.0,2024-01-28T00:20:00+00:00,156.0,-1.0,False,"(15,180]",True,False,False,True,accepted,,True
2024-01_reporting.csv:468840,2024-01_reporting.csv:468842,N769KW,2024-01-27,3380,ROC,2024-01-27,3967,ORD,FSD,2024-01-27T20:00:00+00:00,2024-01-27T21:36:00+00:00,96.0,2024-01-27T21:36:00+00:00,96.0,0.0,False,"(15,180]",True,False,False,True,accepted,,True
2024-01_reporting.csv:468841,2024-01_reporting.csv:468839,N769KW,2024-01-27,3490,BDL,2024-01-27,3380,ORD,ROC,2024-01-27T14:54:00+00:00,2024-01-27T15:52:00+00:00,58.0,2024-01-27T16:00:00+00:00,66.0,-8.0,False,"(15,180]",True,False,False,True,accepted,,True
2024-01_reporting.csv:468843,2024-01_reporting.csv:468845,N770JM,2024-01-27,3416,ATL,2024-01-27,3497,ORD,STL,2024-01-27T18:47:00+00:00,2024-01-27T19:56:00+00:00,69.0,2024-01-27T19:57:00+00:00,70.0,-1.0,False,"(15,180]",True,False,False,True,accepted,,True
2024-01_reporting.csv:468846,2024-01_reporting.csv:468847,N770JM,2024-01-27,3497,STL,2024-01-27,4007,ORD,ROC,2024-01-27T23:01:00+00:00,2024-01-28T00:38:00+00:00,97.0,2024-01-28T00:33:00+00:00,92.0,5.0,False,"(15,180]",True,False,False,True,accepted,,True
2024-01_reporting.csv:468848,2024-01_reporting.csv:468844,N770JM,2024-01-27,4072,ROC,2024-01-27,3416,ORD,ATL,2024-01-27T12:27:00+00:00,2024-01-27T14:18:00+00:00,111.0,2024-01-27T14:18:00+00:00,111.0,0.0,False,"(15,180]",True,False,False,True,accepted,,True
2024-01_reporting.csv:468849,2024-01_reporting.csv:468851,N772MR,2024-01-27,3680,MSY,2024-01-27,3972,ORD,CVG,2024-01-27T23:45:00+00:00,2024-01-28T00:39:00+00:00,54.0,2024-01-27T23:00:00+00:00,-45.0,99.0,True,"(15,180]",True,False,False,True,accepted,,True
2024-01_reporting.csv:468852,2024-01_reporting.csv:468854,N774JG,2024-01-27,3314,PVD,2024-01-27,3417,ORD,DTW,2024-01-27T15:17:00+00:00,2024-01-27T20:27:00+00:00,310.0,2024-01-27T20:21:00+00:00,304.0,6.0,False,"(180,360]",True,False,False,True,accepted,,False
2024-01_reporting.csv:468853,2024-01_reporting.csv:468856,N774JG,2024-01-27,3417,DTW,2024-01-27,3621,ORD,GSP,2024-01-28T00:02:00+00:00,2024-01-28T00:50:00+00:00,48.0,2024-01-28T00:52:00+00:00,50.0,-2.0,False,"(15,180]",True,False,False,True,accepted,,True
2024-01_reporting.csv:468859,2024-01_reporting.csv:468857,N776MS,2024-01-27,3678,BDL,2024-01-27,3320,ORD,SGF,2024-01-27T19:44:00+00:00,2024-01-27T21:41:00+00:00,117.0,2024-01-27T21:43:00+00:00,119.0,-2.0,False,"(15,180]",True,False,False,True,accepted,,True
2024-01_reporting.csv:468873,2024-01_reporting.csv:468877,N783LC,2024-01-27,3679,BWI,2024-01-27,3760,ORD,DSM,2024-01-27T18:56:00+00:00,2024-01-27T19:47:00+00:00,51.0,2024-01-27T19:51:00+00:00,55.0,-4.0,False,"(15,180]",True,False,False,True,accepted,,True
2024-01_reporting.csv:468875,2024-01_reporting.csv:468874,N783LC,2024-01-27,3710,GSP,2024-01-27,3679,ORD,BWI,2024-01-27T13:29:00+00:00,2024-01-27T14:34:00+00:00,65.0,2024-01-27T14:35:00+00:00,66.0,-1.0,False,"(15,180]",True,False,False,True,accepted,,True
2024-01_reporting.csv:468876,2024-01_reporting.csv:468878,N783LC,2024-01-27,3760,DSM,2024-01-27,3786,ORD,DSM,2024-01-27T23:42:00+00:00,2024-01-28T00:25:00+00:00,43.0,2024-01-28T00:25:00+00:00,43.0,0.0,False,"(15,180]",True,False,False,True,accepted,,True
2024-01_reporting.csv:468883,2024-01_reporting.csv:468886,N821MD,2024-01-27,3319,EWR,2024-01-27,4003,ORD,LSE,2024-01-27T20:55:00+00:00,2024-01-27T22:25:00+00:00,90.0,2024-01-27T22:26:00+00:00,91.0,-1.0,False,"(15,180]",True,False,False,True,accepted,,True
2024-01_reporting.csv:468885,2024-01_reporting.csv:468884,N821MD,2024-01-27,3744,COU,2024-01-27,3374,ORD,EWR,2024-01-27T14:52:00+00:00,2024-01-27T15:47:00+00:00,55.0,2024-01-27T15:50:00+00:00,58.0,-3.0,False,"(15,180]",True,False,False,True,accepted,,True
2024-01_reporting.csv:468895,2024-01_reporting.csv:468898,N873RW,2024-01-27,3343,CMH,2024-01-27,4074,ORD,RDU,2024-01-27T17:28:00+00:00,2024-01-27T18:50:00+00:00,82.0,2024-01-27T18:45:00+00:00,77.0,5.0,False,"(15,180]",True,False,False,True,accepted,,True
2024-01_reporting.csv:468899,2024-01_reporting.csv:468897,N873RW,2024-01-27,4074,RDU,2024-01-27,3745,ORD,COU,2024-01-27T23:46:00+00:00,2024-01-28T00:22:00+00:00,36.0,2024-01-28T00:26:00+00:00,40.0,-4.0,False,"(15,180]",True,False,False,True,accepted,,True
2024-01_reporting.csv:485486,2024-01_reporting.csv:485483,N229NN,2024-01-28,3871,BOS,2024-01-28,3578,ORD,XNA,2024-01-29T00:09:00+00:00,2024-01-29T00:47:00+00:00,38.0,2024-01-29T00:34:00+00:00,25.0,13.0,False,"(15,180]",True,False,False,True,accepted,,True
2024-01_reporting.csv:485561,2024-01_reporting.csv:485563,N245NN,2024-01-28,3673,GSO,2024-01-28,3836,ORD,IAH,2024-01-28T13:16:00+00:00,2024-01-28T14:35:00+00:00,79.0,2024-01-28T14:37:00+00:00,81.0,-2.0,False,"(15,180]",True,False,False,True,accepted,,True
2024-01_reporting.csv:485562,2024-01_reporting.csv:485564,N245NN,2024-01-28,3836,IAH,2024-01-28,3972,ORD,CVG,2024-01-28T21:44:00+00:00,2024-01-28T23:29:00+00:00,105.0,2024-01-28T23:37:00+00:00,113.0,-8.0,False,"(15,180]",True,False,False,True,accepted,,True
2024-01_reporting.csv:485572,2024-01_reporting.csv:485574,N247NN,2024-01-28,3934,BNA,2024-01-28,4084,ORD,IAH,2024-01-28T18:31:00+00:00,2024-01-28T19:11:00+00:00,40.0,2024-01-28T19:15:00+00:00,44.0,-4.0,False,"(15,180]",True,False,False,True,accepted,,True
2024-01_reporting.csv:485573,2024-01_reporting.csv:485569,N247NN,2024-01-28,4084,IAH,2024-01-28,3695,ORD,LIT,2024-01-29T01:14:00+00:00,2024-01-29T02:47:00+00:00,93.0,2024-01-29T02:25:00+00:00,71.0,22.0,True,"(15,180]",True,False,False,True,accepted,,True
2024-01_reporting.csv:485586,2024-01_reporting.csv:485589,N250NN,2024-01-28,3611,XNA,2024-01-28,3788,ORD,EWR,2024-01-28T18:40:00+00:00,2024-01-28T19:56:00+00:00,76.0,2024-01-28T19:57:00+00:00,77.0,-1.0,False,"(15,180]",True,False,False,True,accepted,,True
2024-01_reporting.csv:485587,2024-01_reporting.csv:485585,N250NN,2024-01-28,3723,FAR,2024-01-28,3581,ORD,XNA,2024-01-28T13:22:00+00:00,2024-01-28T14:14:00+00:00,52.0,2024-01-28T14:14:00+00:00,52.0,0.0,False,"(15,180]",True,False,False,True,accepted,,True
2024-01_reporting.csv:485588,2024-01_reporting.csv:485584,N250NN,2024-01-28,3788,EWR,2024-01-28,3323,ORD,EWR,2024-01-29T01:09:00+00:00,2024-01-29T02:19:00+00:00,70.0,2024-01-29T02:20:00+00:00,71.0,-1.0,False,"(15,180]",True,False,False,True,accepted,,True
2024-01_reporting.csv:485725,2024-01_reporting.csv:485728,N276NN,2024-01-28,3418,AUS,2024-01-28,3648,ORD,GSO,2024-01-28T23:46:00+00:00,2024-01-29T00:27:00+00:00,41.0,2024-01-29T00:28:00+00:00,42.0,-1.0,False,"(15,180]",True,False,False,True,accepted,,True
2024-01_reporting.csv:485749,2024-01_reporting.csv:485751,N280NN,2024-01-28,3364,OMA,2024-01-28,3851,ORD,BNA,2024-01-28T13:44:00+00:00,2024-01-28T14:25:00+00:00,41.0,2024-01-28T14:35:00+00:00,51.0,-10.0,False,"(15,180]",True,False,False,True,accepted,,True
2024-01_reporting.csv:485833,2024-01_reporting.csv:485832,N302RN,2024-01-28,3385,CID,2024-01-28,3322,ORD,AUS,2024-01-28T13:35:00+00:00,2024-01-28T14:45:00+00:00,70.0,2024-01-28T14:48:00+00:00,73.0,-3.0,False,"(15,180]",True,False,False,True,accepted,,True
2024-01_reporting.csv:485842,2024-01_reporting.csv:485845,N304KM,2024-01-28,3312,LEX,2024-01-28,3680,ORD,MSY,2024-01-28T13:16:00+00:00,2024-01-28T14:26:00+00:00,70.0,2024-01-28T14:30:00+00:00,74.0,-4.0,False,"(15,180]",True,False,False,True,accepted,,True
2024-01_reporting.csv:485844,2024-01_reporting.csv:485846,N304KM,2024-01-28,3680,MSY,2024-01-28,3741,ORD,SDF,2024-01-28T20:01:00+00:00,2024-01-28T21:24:00+00:00,83.0,2024-01-28T21:28:00+00:00,87.0,-4.0,False,"(15,180]",True,False,False,True,accepted,,True
2024-01_reporting.csv:485847,2024-01_reporting.csv:485843,N304KM,2024-01-28,3741,SDF,2024-01-28,3387,ORD,MCI,2024-01-29T00:57:00+00:00,2024-01-29T02:46:00+00:00,109.0,2024-01-29T02:36:00+00:00,99.0,10.0,False,"(15,180]",True,False,False,True,accepted,,True
2024-01_reporting.csv:485881,2024-01_reporting.csv:485885,N450YX,2024-01-28,3380,STL,2024-01-28,3839,ORD,OKC,2024-01-28T19:24:00+00:00,2024-01-28T20:09:00+00:00,45.0,2024-01-28T20:13:00+00:00,49.0,-4.0,False,"(15,180]",True,False,False,True,accepted,,True
2024-01_reporting.csv:485883,2024-01_reporting.csv:485880,N450YX,2024-01-28,3757,ICT,2024-01-28,3380,ORD,STL,2024-01-28T15:32:00+00:00,2024-01-28T16:34:00+00:00,62.0,2024-01-28T15:52:00+00:00,20.0,42.0,True,"(15,180]",True,False,False,True,accepted,,True
2024-01_reporting.csv:485884,2024-01_reporting.csv:485882,N450YX,2024-01-28,3839,OKC,2024-01-28,3621,ORD,GSP,2024-01-29T01:29:00+00:00,2024-01-29T02:30:00+00:00,61.0,2024-01-29T02:30:00+00:00,61.0,0.0,False,"(15,180]",True,False,False,True,accepted,,True
2024-01_reporting.csv:485887,2024-01_reporting.csv:485888,N451YX,2024-01-28,3398,ELP,2024-01-28,3497,ORD,STL,2024-01-28T21:28:00+00:00,2024-01-28T22:16:00+00:00,48.0,2024-01-28T22:21:00+00:00,53.0,-5.0,False,"(15,180]",True,False,False,True,accepted,,True
2024-01_reporting.csv:485889,2024-01_reporting.csv:485886,N451YX,2024-01-28,3497,STL,2024-01-28,3384,ORD,CMH,2024-01-29T01:19:00+00:00,2024-01-29T02:19:00+00:00,60.0,2024-01-29T02:20:00+00:00,61.0,-1.0,False,"(15,180]",True,False,False,True,accepted,,True
2024-01_reporting.csv:485891,2024-01_reporting.csv:485890,N451YX,2024-01-28,4088,XNA,2024-01-28,3877,ORD,ELP,2024-01-28T13:16:00+00:00,2024-01-28T14:16:00+00:00,60.0,2024-01-28T14:19:00+00:00,63.0,-3.0,False,"(15,180]",True,False,False,True,accepted,,True
2024-01_reporting.csv:485892,2024-01_reporting.csv:485899,N635RW,2024-01-28,3467,IND,2024-01-28,3956,ORD,MSN,2024-01-28T22:05:00+00:00,2024-01-28T23:13:00+00:00,68.0,2024-01-28T23:17:00+00:00,72.0,-4.0,False,"(15,180]",True,False,False,True,accepted,,True
2024-01_reporting.csv:485894,2024-01_reporting.csv:485897,N635RW,2024-01-28,3496,HPN,2024-01-28,3932,ORD,IND,2024-01-28T14:09:00+00:00,2024-01-28T15:34:00+00:00,85.0,2024-01-28T15:37:00+00:00,88.0,-3.0,False,"(15,180]",True,False,False,True,accepted,,True
2024-01_reporting.csv:485896,2024-01_reporting.csv:485893,N635RW,2024-01-28,3932,IND,2024-01-28,3467,ORD,IND,2024-01-28T18:12:00+00:00,2024-01-28T19:21:00+00:00,69.0,2024-01-28T19:26:00+00:00,74.0,-5.0,False,"(15,180]",True,False,False,True,accepted,,True
2024-01_reporting.csv:485898,2024-01_reporting.csv:485895,N635RW,2024-01-28,3956,MSN,2024-01-28,3811,ORD,OMA,2024-01-29T01:40:00+00:00,2024-01-29T02:36:00+00:00,56.0,2024-01-29T02:40:00+00:00,60.0,-4.0,False,"(15,180]",True,False,False,True,accepted,,True
2024-01_reporting.csv:485900,2024-01_reporting.csv:485903,N636RW,2024-01-28,3392,EWR,2024-01-28,3792,ORD,OKC,2024-01-28T14:15:00+00:00,2024-01-28T15:49:00+00:00,94.0,2024-01-28T15:50:00+00:00,95.0,-1.0,False,"(15,180]",True,False,False,True,accepted,,True
2024-01_reporting.csv:485902,2024-01_reporting.csv:485901,N636RW,2024-01-28,3792,OKC,2024-01-28,3664,ORD,CMH,2024-01-28T21:19:00+00:00,2024-01-28T22:42:00+00:00,83.0,2024-01-28T22:45:00+00:00,86.0,-3.0,False,"(15,180]",True,False,False,True,accepted,,True
2024-01_reporting.csv:485905,2024-01_reporting.csv:485910,N643RW,2024-01-28,3314,PVD,2024-01-28,3793,ORD,FSD,2024-01-28T14:39:00+00:00,2024-01-28T15:54:00+00:00,75.0,2024-01-28T15:59:00+00:00,80.0,-5.0,False,"(15,180]",True,False,False,True,accepted,,True
2024-01_reporting.csv:485907,2024-01_reporting.csv:485906,N643RW,2024-01-28,3770,ATW,2024-01-28,3745,ORD,COU,2024-01-28T23:26:00+00:00,2024-01-29T00:30:00+00:00,64.0,2024-01-29T00:26:00+00:00,60.0,4.0,False,"(15,180]",True,False,False,True,accepted,,True
2024-01_reporting.csv:485909,2024-01_reporting.csv:485908,N643RW,2024-01-28,3793,FSD,2024-01-28,3770,ORD,ATW,2024-01-28T19:51:00+00:00,2024-01-28T20:59:00+00:00,68.0,2024-01-28T21:00:00+00:00,69.0,-1.0,False,"(15,180]",True,False,False,True,accepted,,True
2024-01_reporting.csv:485922,2024-01_reporting.csv:485923,N761RW,2024-01-28,3707,PIT,2024-01-28,3786,ORD,DSM,2024-01-29T00:35:00+00:00,2024-01-29T01:45:00+00:00,70.0,2024-01-29T01:50:00+00:00,75.0,-5.0,False,"(15,180]",True,False,False,True,accepted,,True
2024-01_reporting.csv:485924,2024-01_reporting.csv:485926,N761RW,2024-01-28,3815,GRB,2024-01-28,3937,ORD,OMA,2024-01-28T14:54:00+00:00,2024-01-28T16:06:00+00:00,72.0,2024-01-28T16:10:00+00:00,76.0,-4.0,False,"(15,180]",True,False,False,True,accepted,,True
2024-01_reporting.csv:485925,2024-01_reporting.csv:485921,N761RW,2024-01-28,3937,OMA,2024-01-28,3707,ORD,PIT,2024-01-28T19:53:00+00:00,2024-01-28T20:53:00+00:00,60.0,2024-01-28T20:55:00+00:00,62.0,-2.0,False,"(15,180]",True,False,False,True,accepted,,True
2024-01_reporting.csv:485928,2024-01_reporting.csv:485930,N762DT,2024-01-28,3678,BDL,2024-01-28,3769,ORD,ATL,2024-01-28T19:54:00+00:00,2024-01-28T20:48:00+00:00,54.0,2024-01-28T20:53:00+00:00,59.0,-5.0,False,"(15,180]",True,False,False,True,accepted,,True
2024-01_reporting.csv:485929,2024-01_reporting.csv:485931,N762DT,2024-01-28,3769,ATL,2024-01-28,3878,ORD,GRB,2024-01-29T01:30:00+00:00,2024-01-29T03:33:00+00:00,123.0,2024-01-29T03:35:00+00:00,125.0,-2.0,False,"(15,180]",True,False,False,True,accepted,,True
2024-01_reporting.csv:485933,2024-01_reporting.csv:485932,N763CC,2024-01-28,3760,DSM,2024-01-28,3315,ORD,PVD,2024-01-28T23:15:00+00:00,2024-01-29T00:24:00+00:00,69.0,2024-01-29T00:31:00+00:00,76.0,-7.0,False,"(15,180]",True,False,False,True,accepted,,True
2024-01_reporting.csv:485935,2024-01_reporting.csv:485934,N763CC,2024-01-28,3936,MSN,2024-01-28,3760,ORD,DSM,2024-01-28T18:50:00+00:00,2024-01-28T19:45:00+00:00,55.0,2024-01-28T19:51:00+00:00,61.0,-6.0,False,"(15,180]",True,False,False,True,accepted,,True
2024-01_reporting.csv:485937,2024-01_reporting.csv:485936,N763CC,2024-01-28,4134,SYR,2024-01-28,3936,ORD,MSN,2024-01-28T14:11:00+00:00,2024-01-28T16:06:00+00:00,115.0,2024-01-28T16:10:00+00:00,119.0,-4.0,False,"(15,180]",True,False,False,True,accepted,,True
2024-01_reporting.csv:485938,2024-01_reporting.csv:504378,N764JD,2024-01-28,3513,ROC,2024-01-29,3937,ORD,OMA,2024-01-29T01:59:00+00:00,2024-01-29T16:30:00+00:00,871.0,2024-01-29T16:10:00+00:00,851.0,20.0,True,>360,True,False,False,True,accepted,,False
2024-01_reporting.csv:485939,2024-01_reporting.csv:485941,N764JD,2024-01-28,3514,FAR,2024-01-28,3543,ORD,ROC,2024-01-28T20:46:00+00:00,2024-01-28T21:24:00+00:00,38.0,2024-01-28T21:19:00+00:00,33.0,5.0,False,"(15,180]",True,False,False,True,accepted,,True
2024-01_reporting.csv:485942,2024-01_reporting.csv:485940,N764JD,2024-01-28,3572,CMH,2024-01-28,3514,ORD,FAR,2024-01-28T14:43:00+00:00,2024-01-28T16:05:00+00:00,82.0,2024-01-28T15:50:00+00:00,67.0,15.0,True,"(15,180]",True,False,False,True,accepted,,True
2024-01_reporting.csv:485945,2024-01_reporting.csv:485943,N765ST,2024-01-28,3358,SYR,2024-01-28,3324,ORD,SYR,2024-01-29T01:18:00+00:00,2024-01-29T02:28:00+00:00,70.0,2024-01-29T02:28:00+00:00,70.0,0.0,False,"(15,180]",True,False,False,True,accepted,,True
2024-01_reporting.csv:485946,2024-01_reporting.csv:485948,N765ST,2024-01-28,3367,OKC,2024-01-28,3479,ORD,MCI,2024-01-28T15:40:00+00:00,2024-01-28T16:13:00+00:00,33.0,2024-01-28T16:05:00+00:00,25.0,8.0,False,"(15,180]",True,False,False,True,accepted,,True
2024-01_reporting.csv:485947,2024-01_reporting.csv:485944,N765ST,2024-01-28,3479,MCI,2024-01-28,3358,ORD,SYR,2024-01-28T19:43:00+00:00,2024-01-28T20:27:00+00:00,44.0,2024-01-28T20:27:00+00:00,44.0,0.0,False,"(15,180]",True,False,False,True,accepted,,True
2024-01_reporting.csv:485957,2024-01_reporting.csv:485960,N768RD,2024-01-28,3609,CMI,2024-01-28,3679,ORD,BWI,2024-01-28T13:03:00+00:00,2024-01-28T14:40:00+00:00,97.0,2024-01-28T14:35:00+00:00,92.0,5.0,False,"(15,180]",True,False,False,True,accepted,,True
2024-01_reporting.csv:485958,2024-01_reporting.csv:485961,N768RD,2024-01-28,3669,AVP,2024-01-28,3875,ORD,MSN,2024-01-29T01:35:00+00:00,2024-01-29T02:42:00+00:00,67.0,2024-01-29T02:45:00+00:00,70.0,-3.0,False,"(15,180]",True,False,False,True,accepted,,True
2024-01_reporting.csv:485959,2024-01_reporting.csv:485962,N768RD,2024-01-28,3679,BWI,2024-01-28,3893,ORD,AVP,2024-01-28T20:02:00+00:00,2024-01-28T20:48:00+00:00,46.0,2024-01-28T20:51:00+00:00,49.0,-3.0,False,"(15,180]",True,False,False,True,accepted,,True
2024-01_reporting.csv:485963,2024-01_reporting.csv:485967,N769KW,2024-01-28,3682,CID,2024-01-28,4074,ORD,RDU,2024-01-28T17:41:00+00:00,2024-01-28T18:43:00+00:00,62.0,2024-01-28T18:45:00+00:00,64.0,-2.0,False,"(15,180]",True,False,False,True,accepted,,True
2024-01_reporting.csv:485966,2024-01_reporting.csv:485964,N769KW,2024-01-28,3739,FSD,2024-01-28,3682,ORD,CID,2024-01-28T13:48:00+00:00,2024-01-28T14:57:00+00:00,69.0,2024-01-28T14:30:00+00:00,42.0,27.0,True,"(15,180]",True,False,False,True,accepted,,True
2024-01_reporting.csv:485968,2024-01_reporting.csv:485965,N769KW,2024-01-28,4074,RDU,2024-01-28,3694,ORD,CMI,2024-01-28T23:34:00+00:00,2024-01-29T00:20:00+00:00,46.0,2024-01-29T00:20:00+00:00,46.0,0.0,False,"(15,180]",True,False,False,True,accepted,,True
2024-01_reporting.csv:485969,2024-01_reporting.csv:485973,N770JM,2024-01-28,3343,CMH,2024-01-28,3808,ORD,HPN,2024-01-28T17:14:00+00:00,2024-01-28T18:52:00+00:00,98.0,2024-01-28T18:54:00+00:00,100.0,-2.0,False,"(15,180]",True,False,False,True,accepted,,True
2024-01_reporting.csv:485972,2024-01_reporting.csv:485971,N770JM,2024-01-28,3808,HPN,2024-01-28,3362,ORD,SGF,2024-01-28T23:53:00+00:00,2024-01-29T00:52:00+00:00,59.0,2024-01-29T00:55:00+00:00,62.0,-3.0,False,"(15,180]",True,False,False,True,accepted,,True
2024-01_reporting.csv:485974,2024-01_reporting.csv:485970,N770JM,2024-01-28,4072,ROC,2024-01-28,3343,ORD,CMH,2024-01-28T12:28:00+00:00,2024-01-28T14:10:00+00:00,102.0,2024-01-28T14:14:00+00:00,106.0,-4.0,False,"(15,180]",True,False,False,True,accepted,,True
2024-01_reporting.csv:485977,2024-01_reporting.csv:485979,N771JV,2024-01-28,3802,STL,2024-01-28,3818,ORD,ICT,2024-01-28T17:56:00+00:00,2024-01-28T19:14:00+00:00,78.0,2024-01-28T19:18:00+00:00,82.0,-4.0,False,"(15,180]",True,False,False,True,accepted,,True
2024-01_reporting.csv:485978,2024-01_reporting.csv:485975,N771JV,2024-01-28,3818,ICT,2024-01-28,3478,ORD,BDL,2024-01-28T23:52:00+00:00,2024-01-29T00:39:00+00:00,47.0,2024-01-29T00:40:00+00:00,48.0,-1.0,False,"(15,180]",True,False,False,True,accepted,,True
2024-01_reporting.csv:485980,2024-01_reporting.csv:485976,N771JV,2024-01-28,3942,CMH,2024-01-28,3802,ORD,STL,2024-01-28T13:49:00+00:00,2024-01-28T14:19:00+00:00,30.0,2024-01-28T14:19:00+00:00,30.0,0.0,False,"(15,180]",True,False,False,True,accepted,,True
2024-01_reporting.csv:485981,2024-01_reporting.csv:485986,N772MR,2024-01-28,3382,BDL,2024-01-28,4007,ORD,ROC,2024-01-29T00:31:00+00:00,2024-01-29T01:38:00+00:00,67.0,2024-01-29T01:25:00+00:00,54.0,13.0,False,"(15,180]",True,False,False,True,accepted,,True
2024-01_reporting.csv:485983,2024-01_reporting.csv:485982,N772MR,2024-01-28,3746,CMI,2024-01-28,3382,ORD,BDL,2024-01-28T18:14:00+00:00,2024-01-28T19:18:00+00:00,64.0,2024-01-28T19:19:00+00:00,65.0,-1.0,False,"(15,180]",True,False,False,True,accepted,,True
2024-01_reporting.csv:485985,2024-01_reporting.csv:485984,N772MR,2024-01-28,3826,CVG,2024-01-28,3747,ORD,CMI,2024-01-28T15:00:00+00:00,2024-01-28T15:55:00+00:00,55.0,2024-01-28T15:55:00+00:00,55.0,0.0,False,"(15,180]",True,False,False,True,accepted,,True
2024-01_reporting.csv:485988,2024-01_reporting.csv:485992,N774JG,2024-01-28,3710,GSP,2024-01-28,3789,ORD,EWR,2024-01-28T13:25:00+00:00,2024-01-28T14:26:00+00:00,61.0,2024-01-28T14:30:00+00:00,65.0,-4.0,False,"(15,180]",True,False,False,True,accepted,,True
2024-01_reporting.csv:485989,2024-01_reporting.csv:485987,N774JG,2024-01-28,3775,BNA,2024-01-28,3360,ORD,OKC,2024-01-29T01:56:00+00:00,2024-01-29T02:38:00+00:00,42.0,2024-01-29T02:43:00+00:00,47.0,-5.0,False,"(15,180]",True,False,False,True,accepted,,True
2024-01_reporting.csv:485991,2024-01_reporting.csv:485990,N774JG,2024-01-28,3789,EWR,2024-01-28,3775,ORD,BNA,2024-01-28T21:29:00+00:00,2024-01-28T22:02:00+00:00,33.0,2024-01-28T21:52:00+00:00,23.0,10.0,False,"(15,180]",True,False,False,True,accepted,,True
2024-01_reporting.csv:485994,2024-01_reporting.csv:485995,N776MS,2024-01-28,3715,PVD,2024-01-28,3755,ORD,ICT,2024-01-29T01:02:00+00:00,2024-01-29T02:25:00+00:00,83.0,2024-01-29T02:25:00+00:00,83.0,0.0,False,"(15,180]",True,False,False,True,accepted,,True
2024-01_reporting.csv:485996,2024-01_reporting.csv:485993,N776MS,2024-01-28,3812,HPN,2024-01-28,3715,ORD,PVD,2024-01-28T19:08:00+00:00,2024-01-28T19:49:00+00:00,41.0,2024-01-28T19:50:00+00:00,42.0,-1.0,False,"(15,180]",True,False,False,True,accepted,,True
2024-01_reporting.csv:485998,2024-01_reporting.csv:485997,N776MS,2024-01-28,4129,SGF,2024-01-28,3812,ORD,HPN,2024-01-28T12:43:00+00:00,2024-01-28T14:12:00+00:00,89.0,2024-01-28T14:15:00+00:00,92.0,-3.0,False,"(15,180]",True,False,False,True,accepted,,True
2024-01_reporting.csv:486005,2024-01_reporting.csv:486007,N779RN,2024-01-28,3369,MCI,2024-01-28,3416,ORD,ATL,2024-01-28T13:22:00+00:00,2024-01-28T14:14:00+00:00,52.0,2024-01-28T14:18:00+00:00,56.0,-4.0,False,"(15,180]",True,False,False,True,accepted,,True
2024-01_reporting.csv:486006,2024-01_reporting.csv:486009,N779RN,2024-01-28,3416,ATL,2024-01-28,4156,ORD,RIC,2024-01-28T19:00:00+00:00,2024-01-28T20:52:00+00:00,112.0,2024-01-28T20:55:00+00:00,115.0,-3.0,False,"(15,180]",True,False,False,True,accepted,,True
2024-01_reporting.csv:486010,2024-01_reporting.csv:486008,N779RN,2024-01-28,4156,RIC,2024-01-28,3690,ORD,CVG,2024-01-29T01:26:00+00:00,2024-01-29T02:17:00+00:00,51.0,2024-01-29T02:17:00+00:00,51.0,0.0,False,"(15,180]",True,False,False,True,accepted,,True
2024-01_reporting.csv:486011,2024-01_reporting.csv:486013,N783LC,2024-01-28,3782,DSM,2024-01-28,3790,ORD,EYW,2024-01-28T14:59:00+00:00,2024-01-28T15:54:00+00:00,55.0,2024-01-28T16:05:00+00:00,66.0,-11.0,False,"(15,180]",True,False,False,True,accepted,,True
2024-01_reporting.csv:486012,2024-01_reporting.csv:504437,N783LC,2024-01-28,3790,EYW,2024-01-29,3836,ORD,IAH,2024-01-28T23:51:00+00:00,2024-01-29T15:07:00+00:00,916.0,2024-01-29T15:10:00+00:00,919.0,-3.0,False,>360,True,False,False,True,accepted,,False
2024-01_reporting.csv:486014,2024-01_reporting.csv:486017,N791DK,2024-01-28,3319,EWR,2024-01-28,3499,ORD,HPN,2024-01-28T22:03:00+00:00,2024-01-29T00:48:00+00:00,165.0,2024-01-29T00:45:00+00:00,162.0,3.0,False,"(15,180]",True,False,False,True,accepted,,True
2024-01_reporting.csv:486016,2024-01_reporting.csv:486015,N791DK,2024-01-28,3490,BDL,2024-01-28,3374,ORD,EWR,2024-01-28T14:27:00+00:00,2024-01-28T16:15:00+00:00,108.0,2024-01-28T15:50:00+00:00,83.0,25.0,True,"(15,180]",True,False,False,True,accepted,,True
2024-01_reporting.csv:486024,2024-01_reporting.csv:486025,N821MD,2024-01-28,3375,XNA,2024-01-28,3750,ORD,FSD,2024-01-29T01:33:00+00:00,2024-01-29T03:33:00+00:00,120.0,2024-01-29T03:40:00+00:00,127.0,-7.0,False,"(15,180]",True,False,False,True,accepted,,True
2024-01_reporting.csv:486026,2024-01_reporting.csv:486023,N821MD,2024-01-28,3922,BHM,2024-01-28,3375,ORD,XNA,2024-01-28T20:15:00+00:00,2024-01-28T21:20:00+00:00,65.0,2024-01-28T21:22:00+00:00,67.0,-2.0,False,"(15,180]",True,False,False,True,accepted,,True
2024-01_reporting.csv:486028,2024-01_reporting.csv:486027,N821MD,2024-01-28,4002,LSE,2024-01-28,3922,ORD,BHM,2024-01-28T14:33:00+00:00,2024-01-28T15:48:00+00:00,75.0,2024-01-28T15:50:00+00:00,77.0,-2.0,False,"(15,180]",True,False,False,True,accepted,,True
2024-01_reporting.csv:486030,2024-01_reporting.csv:486032,N826MD,2024-01-28,3456,GRR,2024-01-28,3799,ORD,GRB,2024-01-28T22:10:00+00:00,2024-01-28T22:50:00+00:00,40.0,2024-01-28T22:52:00+00:00,42.0,-2.0,False,"(15,180]",True,False,False,True,accepted,,True
2024-01_reporting.csv:486033,2024-01_reporting.csv:486029,N826MD,2024-01-28,3876,GRB,2024-01-28,3377,ORD,FAR,2024-01-29T01:28:00+00:00,2024-01-29T03:18:00+00:00,110.0,2024-01-29T03:20:00+00:00,112.0,-2.0,False,"(15,180]",True,False,False,True,accepted,,True
2024-01_reporting.csv:486034,2024-01_reporting.csv:486031,N826MD,2024-01-28,4094,CVG,2024-01-28,3456,ORD,GRR,2024-01-28T14:18:00+00:00,2024-01-28T19:32:00+00:00,314.0,2024-01-28T19:32:00+00:00,314.0,0.0,False,"(180,360]",True,False,False,True,accepted,,False
2024-01_reporting.csv:486042,2024-01_reporting.csv:486046,N873RW,2024-01-28,3320,SGF,2024-01-28,3945,ORD,MEM,2024-01-29T01:27:00+00:00,2024-01-29T02:49:00+00:00,82.0,2024-01-29T02:31:00+00:00,64.0,18.0,True,"(15,180]",True,False,False,True,accepted,,True
2024-01_reporting.csv:486043,2024-01_reporting.csv:486044,N873RW,2024-01-28,3744,COU,2024-01-28,3845,ORD,RDU,2024-01-28T14:46:00+00:00,2024-01-28T16:03:00+00:00,77.0,2024-01-28T16:00:00+00:00,74.0,3.0,False,"(15,180]",True,False,False,True,accepted,,True
2024-01_reporting.csv:486045,2024-01_reporting.csv:486041,N873RW,2024-01-28,3845,RDU,2024-01-28,3320,ORD,SGF,2024-01-28T20:47:00+00:00,2024-01-28T21:42:00+00:00,55.0,2024-01-28T21:43:00+00:00,56.0,-1.0,False,"(15,180]",True,False,False,True,accepted,,True
2024-01_reporting.csv:503815,2024-01_reporting.csv:503812,N206NN,2024-01-29,3572,CMH,2024-01-29,3322,ORD,AUS,2024-01-29T14:31:00+00:00,2024-01-29T16:18:00+00:00,107.0,2024-01-29T14:35:00+00:00,4.0,103.0,True,"(15,180]",True,False,False,True,accepted,,True
2024-01_reporting.csv:503855,2024-01_reporting.csv:503857,N214NN,2024-01-29,3934,BNA,2024-01-29,4084,ORD,IAH,2024-01-29T18:21:00+00:00,2024-01-29T19:11:00+00:00,50.0,2024-01-29T19:15:00+00:00,54.0,-4.0,False,"(15,180]",True,False,False,True,accepted,,True
2024-01_reporting.csv:503856,2024-01_reporting.csv:503853,N214NN,2024-01-29,4084,IAH,2024-01-29,3621,ORD,GSP,2024-01-30T01:23:00+00:00,2024-01-30T02:21:00+00:00,58.0,2024-01-30T02:22:00+00:00,59.0,-1.0,False,"(15,180]",True,False,False,True,accepted,,True
2024-01_reporting.csv:503925,2024-01_reporting.csv:503926,N229NN,2024-01-29,3398,ELP,2024-01-29,3817,ORD,LIT,2024-01-29T21:18:00+00:00,2024-01-29T22:11:00+00:00,53.0,2024-01-29T21:17:00+00:00,-1.0,54.0,True,"(15,180]",True,False,False,True,accepted,,True
2024-01_reporting.csv:503928,2024-01_reporting.csv:503927,N229NN,2024-01-29,4088,XNA,2024-01-29,3877,ORD,ELP,2024-01-29T13:52:00+00:00,2024-01-29T14:27:00+00:00,35.0,2024-01-29T14:19:00+00:00,27.0,8.0,False,"(15,180]",True,False,False,True,accepted,,True
2024-01_reporting.csv:504018,2024-01_reporting.csv:504021,N245NN,2024-01-29,3392,EWR,2024-01-29,3818,ORD,ICT,2024-01-29T19:45:00+00:00,2024-01-29T21:09:00+00:00,84.0,2024-01-29T19:18:00+00:00,-27.0,111.0,True,"(15,180]",True,False,False,True,accepted,,True
2024-01_reporting.csv:504020,2024-01_reporting.csv:504017,N245NN,2024-01-29,3818,ICT,2024-01-29,3323,ORD,EWR,2024-01-30T01:14:00+00:00,2024-01-30T02:28:00+00:00,74.0,2024-01-30T02:30:00+00:00,76.0,-2.0,False,"(15,180]",True,False,False,True,accepted,,True
2024-01_reporting.csv:504022,2024-01_reporting.csv:504019,N245NN,2024-01-29,4094,CVG,2024-01-29,3789,ORD,EWR,2024-01-29T13:45:00+00:00,2024-01-29T14:27:00+00:00,42.0,2024-01-29T14:30:00+00:00,45.0,-3.0,False,"(15,180]",True,False,False,True,accepted,,True
2024-01_reporting.csv:504031,2024-01_reporting.csv:504033,N247NN,2024-01-29,3656,LIT,2024-01-29,3680,ORD,MSY,2024-01-29T14:02:00+00:00,2024-01-29T14:34:00+00:00,32.0,2024-01-29T14:30:00+00:00,28.0,4.0,False,"(15,180]",True,False,False,True,accepted,,True
2024-01_reporting.csv:504032,2024-01_reporting.csv:504034,N247NN,2024-01-29,3680,MSY,2024-01-29,3967,ORD,FSD,2024-01-29T20:10:00+00:00,2024-01-29T21:34:00+00:00,84.0,2024-01-29T21:36:00+00:00,86.0,-2.0,False,"(15,180]",True,False,False,True,accepted,,True
2024-01_reporting.csv:504080,2024-01_reporting.csv:504083,N258NN,2024-01-29,3418,AUS,2024-01-29,3578,ORD,XNA,2024-01-29T23:33:00+00:00,2024-01-30T00:28:00+00:00,55.0,2024-01-30T00:34:00+00:00,61.0,-6.0,False,"(15,180]",True,False,False,True,accepted,,True
2024-01_reporting.csv:504129,2024-01_reporting.csv:521364,N267NN,2024-01-29,3741,SDF,2024-01-30,3733,ORD,BOS,2024-01-30T01:08:00+00:00,2024-01-30T13:01:00+00:00,713.0,2024-01-30T13:05:00+00:00,717.0,-4.0,False,>360,True,False,False,True,accepted,,False
2024-01_reporting.csv:504172,2024-01_reporting.csv:504174,N276NN,2024-01-29,3673,GSO,2024-01-29,3833,ORD,CID,2024-01-29T13:12:00+00:00,2024-01-29T21:08:00+00:00,476.0,2024-01-29T20:52:00+00:00,460.0,16.0,True,>360,True,False,False,True,accepted,,False
2024-01_reporting.csv:504173,2024-01_reporting.csv:504171,N276NN,2024-01-29,3833,CID,2024-01-29,3377,ORD,FAR,2024-01-29T23:52:00+00:00,2024-01-30T00:46:00+00:00,54.0,2024-01-30T00:53:00+00:00,61.0,-7.0,False,"(15,180]",True,False,False,True,accepted,,True
2024-01_reporting.csv:504236,2024-01_reporting.csv:504233,N288NN,2024-01-29,3871,BOS,2024-01-29,3648,ORD,GSO,2024-01-29T22:56:00+00:00,2024-01-30T00:45:00+00:00,109.0,2024-01-30T00:28:00+00:00,92.0,17.0,True,"(15,180]",True,False,False,True,accepted,,True
2024-01_reporting.csv:504289,2024-01_reporting.csv:504292,N304KM,2024-01-29,3369,MCI,2024-01-29,3851,ORD,BNA,2024-01-29T13:46:00+00:00,2024-01-29T14:31:00+00:00,45.0,2024-01-29T14:35:00+00:00,49.0,-4.0,False,"(15,180]",True,False,False,True,accepted,,True
2024-01_reporting.csv:504320,2024-01_reporting.csv:504322,N450YX,2024-01-29,3710,GSP,2024-01-29,3792,ORD,OKC,2024-01-29T13:29:00+00:00,2024-01-29T14:34:00+00:00,65.0,2024-01-29T14:38:00+00:00,69.0,-4.0,False,"(15,180]",True,False,False,True,accepted,,True
2024-01_reporting.csv:504329,2024-01_reporting.csv:504331,N635RW,2024-01-29,3364,OMA,2024-01-29,3679,ORD,BWI,2024-01-29T13:45:00+00:00,2024-01-29T14:52:00+00:00,67.0,2024-01-29T14:35:00+00:00,50.0,17.0,True,"(15,180]",True,False,False,True,accepted,,True
2024-01_reporting.csv:504330,2024-01_reporting.csv:504334,N635RW,2024-01-29,3679,BWI,2024-01-29,3890,ORD,MSP,2024-01-29T19:37:00+00:00,2024-01-29T20:26:00+00:00,49.0,2024-01-29T20:06:00+00:00,29.0,20.0,True,"(15,180]",True,False,False,True,accepted,,True
2024-01_reporting.csv:504333,2024-01_reporting.csv:504332,N635RW,2024-01-29,3862,MSP,2024-01-29,3745,ORD,COU,2024-01-29T23:53:00+00:00,2024-01-30T00:31:00+00:00,38.0,2024-01-30T00:29:00+00:00,36.0,2.0,False,"(15,180]",True,False,False,True,accepted,,True
2024-01_reporting.csv:504335,2024-01_reporting.csv:504340,N636RW,2024-01-29,3808,HPN,2024-01-29,4007,ORD,ROC,2024-01-29T23:37:00+00:00,2024-01-30T00:52:00+00:00,75.0,2024-01-30T00:53:00+00:00,76.0,-1.0,False,"(15,180]",True,False,False,True,accepted,,True
2024-01_reporting.csv:504337,2024-01_reporting.csv:504336,N636RW,2024-01-29,3932,IND,2024-01-29,3808,ORD,HPN,2024-01-29T18:08:00+00:00,2024-01-29T18:52:00+00:00,44.0,2024-01-29T18:54:00+00:00,46.0,-2.0,False,"(15,180]",True,False,False,True,accepted,,True
2024-01_reporting.csv:504339,2024-01_reporting.csv:504338,N636RW,2024-01-29,3942,CMH,2024-01-29,3932,ORD,IND,2024-01-29T13:17:00+00:00,2024-01-29T14:31:00+00:00,74.0,2024-01-29T14:36:00+00:00,79.0,-5.0,False,"(15,180]",True,False,False,True,accepted,,True
2024-01_reporting.csv:504344,2024-01_reporting.csv:504347,N643RW,2024-01-29,3514,FAR,2024-01-29,3811,ORD,OMA,2024-01-29T20:09:00+00:00,2024-01-29T21:31:00+00:00,82.0,2024-01-29T21:31:00+00:00,82.0,0.0,False,"(15,180]",True,False,False,True,accepted,,True
2024-01_reporting.csv:504346,2024-01_reporting.csv:504345,N643RW,2024-01-29,3744,COU,2024-01-29,3514,ORD,FAR,2024-01-29T14:45:00+00:00,2024-01-29T15:42:00+00:00,57.0,2024-01-29T15:50:00+00:00,65.0,-8.0,False,"(15,180]",True,False,False,True,accepted,,True
2024-01_reporting.csv:504349,2024-01_reporting.csv:504348,N644RW,2024-01-29,3788,EWR,2024-01-29,3786,ORD,DSM,2024-01-30T01:05:00+00:00,2024-01-30T03:05:00+00:00,120.0,2024-01-30T00:25:00+00:00,-40.0,160.0,True,"(15,180]",True,False,False,True,accepted,,True
2024-01_reporting.csv:504364,2024-01_reporting.csv:521587,N761RW,2024-01-29,3688,PIT,2024-01-30,3493,ORD,BDL,2024-01-29T18:03:00+00:00,2024-01-30T14:18:00+00:00,1215.0,2024-01-30T14:22:00+00:00,1219.0,-4.0,False,>360,True,False,False,True,accepted,,False
2024-01_reporting.csv:504365,2024-01_reporting.csv:504363,N761RW,2024-01-29,3782,DSM,2024-01-29,3688,ORD,PIT,2024-01-29T12:28:00+00:00,2024-01-29T14:07:00+00:00,99.0,2024-01-29T14:14:00+00:00,106.0,-7.0,False,"(15,180]",True,False,False,True,accepted,,True
2024-01_reporting.csv:504367,2024-01_reporting.csv:504368,N762DT,2024-01-29,3380,ROC,2024-01-29,3707,ORD,PIT,2024-01-29T18:17:00+00:00,2024-01-29T19:48:00+00:00,91.0,2024-01-29T19:50:00+00:00,93.0,-2.0,False,"(15,180]",True,False,False,True,accepted,,True
2024-01_reporting.csv:504369,2024-01_reporting.csv:504370,N762DT,2024-01-29,3707,PIT,2024-01-29,3755,ORD,ICT,2024-01-29T23:31:00+00:00,2024-01-30T00:40:00+00:00,69.0,2024-01-30T00:31:00+00:00,60.0,9.0,False,"(15,180]",True,False,False,True,accepted,,True
2024-01_reporting.csv:504371,2024-01_reporting.csv:504366,N762DT,2024-01-29,3815,GRB,2024-01-29,3380,ORD,ROC,2024-01-29T13:05:00+00:00,2024-01-29T14:18:00+00:00,73.0,2024-01-29T14:19:00+00:00,74.0,-1.0,False,"(15,180]",True,False,False,True,accepted,,True
2024-01_reporting.csv:504372,2024-01_reporting.csv:504375,N763CC,2024-01-29,3314,PVD,2024-01-29,3793,ORD,FSD,2024-01-29T14:44:00+00:00,2024-01-29T16:02:00+00:00,78.0,2024-01-29T16:05:00+00:00,81.0,-3.0,False,"(15,180]",True,False,False,True,accepted,,True
2024-01_reporting.csv:504374,2024-01_reporting.csv:504373,N763CC,2024-01-29,3793,FSD,2024-01-29,3715,ORD,PVD,2024-01-29T20:02:00+00:00,2024-01-29T20:56:00+00:00,54.0,2024-01-29T20:55:00+00:00,53.0,1.0,False,"(15,180]",True,False,False,True,accepted,,True
2024-01_reporting.csv:504377,2024-01_reporting.csv:504376,N764JD,2024-01-29,3937,OMA,2024-01-29,3664,ORD,CMH,2024-01-29T20:22:00+00:00,2024-01-29T22:39:00+00:00,137.0,2024-01-29T22:45:00+00:00,143.0,-6.0,False,"(15,180]",True,False,False,True,accepted,,True
2024-01_reporting.csv:504381,2024-01_reporting.csv:504379,N765ST,2024-01-29,3845,RDU,2024-01-29,3320,ORD,SGF,2024-01-29T20:34:00+00:00,2024-01-29T21:38:00+00:00,64.0,2024-01-29T21:43:00+00:00,69.0,-5.0,False,"(15,180]",True,False,False,True,accepted,,True
2024-01_reporting.csv:504382,2024-01_reporting.csv:504380,N765ST,2024-01-29,4134,SYR,2024-01-29,3845,ORD,RDU,2024-01-29T14:40:00+00:00,2024-01-29T15:59:00+00:00,79.0,2024-01-29T16:00:00+00:00,80.0,-1.0,False,"(15,180]",True,False,False,True,accepted,,True
2024-01_reporting.csv:504390,2024-01_reporting.csv:504392,N768RD,2024-01-29,3842,MSN,2024-01-29,3922,ORD,MEM,2024-01-29T13:25:00+00:00,2024-01-29T16:08:00+00:00,163.0,2024-01-29T15:50:00+00:00,145.0,18.0,True,"(15,180]",True,False,False,True,accepted,,True
2024-01_reporting.csv:504391,2024-01_reporting.csv:504389,N768RD,2024-01-29,3922,MEM,2024-01-29,3358,ORD,SYR,2024-01-29T20:23:00+00:00,2024-01-29T20:58:00+00:00,35.0,2024-01-29T21:00:00+00:00,37.0,-2.0,False,"(15,180]",True,False,False,True,accepted,,True
2024-01_reporting.csv:504394,2024-01_reporting.csv:504397,N769KW,2024-01-29,3596,STL,2024-01-29,4074,ORD,RDU,2024-01-29T17:54:00+00:00,2024-01-29T18:43:00+00:00,49.0,2024-01-29T18:45:00+00:00,51.0,-2.0,False,"(15,180]",True,False,False,True,accepted,,True
2024-01_reporting.csv:504395,2024-01_reporting.csv:504393,N769KW,2024-01-29,3609,CMI,2024-01-29,3595,ORD,STL,2024-01-29T12:58:00+00:00,2024-01-29T14:12:00+00:00,74.0,2024-01-29T14:14:00+00:00,76.0,-2.0,False,"(15,180]",True,False,False,True,accepted,,True
2024-01_reporting.csv:504398,2024-01_reporting.csv:504396,N769KW,2024-01-29,4074,RDU,2024-01-29,3690,ORD,CVG,2024-01-29T23:23:00+00:00,2024-01-30T00:23:00+00:00,60.0,2024-01-30T00:25:00+00:00,62.0,-2.0,False,"(15,180]",True,False,False,True,accepted,,True
2024-01_reporting.csv:504400,2024-01_reporting.csv:504401,N770JM,2024-01-29,3678,BDL,2024-01-29,3839,ORD,OKC,2024-01-29T19:40:00+00:00,2024-01-29T20:38:00+00:00,58.0,2024-01-29T20:39:00+00:00,59.0,-1.0,False,"(15,180]",True,False,False,True,accepted,,True
2024-01_reporting.csv:504402,2024-01_reporting.csv:504399,N770JM,2024-01-29,4129,SGF,2024-01-29,3493,ORD,BDL,2024-01-29T13:41:00+00:00,2024-01-29T14:22:00+00:00,41.0,2024-01-29T14:22:00+00:00,41.0,0.0,False,"(15,180]",True,False,False,True,accepted,,True
2024-01_reporting.csv:504403,2024-01_reporting.csv:504406,N771JV,2024-01-29,3490,BDL,2024-01-29,3790,ORD,EYW,2024-01-29T14:31:00+00:00,2024-01-29T15:55:00+00:00,84.0,2024-01-29T16:00:00+00:00,89.0,-5.0,False,"(15,180]",True,False,False,True,accepted,,True
2024-01_reporting.csv:504405,2024-01_reporting.csv:504404,N771JV,2024-01-29,3790,EYW,2024-01-29,3694,ORD,CMI,2024-01-29T23:26:00+00:00,2024-01-30T00:13:00+00:00,47.0,2024-01-30T00:20:00+00:00,54.0,-7.0,False,"(15,180]",True,False,False,True,accepted,,True
2024-01_reporting.csv:504407,2024-01_reporting.csv:504411,N772MR,2024-01-29,3467,IND,2024-01-29,3799,ORD,GRB,2024-01-29T22:12:00+00:00,2024-01-29T23:21:00+00:00,69.0,2024-01-29T22:52:00+00:00,40.0,29.0,True,"(15,180]",True,False,False,True,accepted,,True
2024-01_reporting.csv:504410,2024-01_reporting.csv:504408,N772MR,2024-01-29,3611,XNA,2024-01-29,3467,ORD,IND,2024-01-29T18:30:00+00:00,2024-01-29T19:18:00+00:00,48.0,2024-01-29T19:26:00+00:00,56.0,-8.0,False,"(15,180]",True,False,False,True,accepted,,True
2024-01_reporting.csv:504412,2024-01_reporting.csv:504409,N772MR,2024-01-29,4072,ROC,2024-01-29,3581,ORD,XNA,2024-01-29T12:51:00+00:00,2024-01-29T14:09:00+00:00,78.0,2024-01-29T14:14:00+00:00,83.0,-5.0,False,"(15,180]",True,False,False,True,accepted,,True
2024-01_reporting.csv:504414,2024-01_reporting.csv:504417,N774JG,2024-01-29,3367,OKC,2024-01-29,3410,ORD,GRR,2024-01-29T13:31:00+00:00,2024-01-29T14:58:00+00:00,87.0,2024-01-29T14:24:00+00:00,53.0,34.0,True,"(15,180]",True,False,False,True,accepted,,True
2024-01_reporting.csv:504416,2024-01_reporting.csv:504413,N774JG,2024-01-29,3410,GRR,2024-01-29,3317,ORD,MCI,2024-01-29T17:40:00+00:00,2024-01-29T18:10:00+00:00,30.0,2024-01-29T17:51:00+00:00,11.0,19.0,True,"(15,180]",True,False,False,True,accepted,,True
2024-01_reporting.csv:504418,2024-01_reporting.csv:504415,N774JG,2024-01-29,3479,MCI,2024-01-29,3387,ORD,MCI,2024-01-29T21:21:00+00:00,2024-01-30T04:58:00+00:00,457.0,2024-01-30T02:36:00+00:00,315.0,142.0,True,>360,True,False,False,True,accepted,,False
2024-01_reporting.csv:504420,2024-01_reporting.csv:504421,N776MS,2024-01-29,3375,XNA,2024-01-29,3499,ORD,HPN,2024-01-29T23:37:00+00:00,2024-01-30T00:43:00+00:00,66.0,2024-01-30T00:45:00+00:00,68.0,-2.0,False,"(15,180]",True,False,False,True,accepted,,True
2024-01_reporting.csv:504422,2024-01_reporting.csv:504423,N776MS,2024-01-29,3757,ICT,2024-01-29,3803,ORD,SDF,2024-01-29T13:49:00+00:00,2024-01-29T15:00:00+00:00,71.0,2024-01-29T14:44:00+00:00,55.0,16.0,True,"(15,180]",True,False,False,True,accepted,,True
2024-01_reporting.csv:504424,2024-01_reporting.csv:504419,N776MS,2024-01-29,3803,SDF,2024-01-29,3375,ORD,XNA,2024-01-29T18:10:00+00:00,2024-01-29T19:28:00+00:00,78.0,2024-01-29T19:29:00+00:00,79.0,-1.0,False,"(15,180]",True,False,False,True,accepted,,True
2024-01_reporting.csv:504432,2024-01_reporting.csv:521647,N779RN,2024-01-29,3497,STL,2024-01-30,3416,ORD,ATL,2024-01-29T23:07:00+00:00,2024-01-30T14:18:00+00:00,911.0,2024-01-30T14:18:00+00:00,911.0,0.0,False,>360,True,False,False,True,accepted,,False
2024-01_reporting.csv:504433,2024-01_reporting.csv:504431,N779RN,2024-01-29,3746,CMI,2024-01-29,3497,ORD,STL,2024-01-29T18:09:00+00:00,2024-01-29T19:28:00+00:00,79.0,2024-01-29T19:30:00+00:00,81.0,-2.0,False,"(15,180]",True,False,False,True,accepted,,True
2024-01_reporting.csv:504435,2024-01_reporting.csv:504434,N779RN,2024-01-29,3826,CVG,2024-01-29,3747,ORD,CMI,2024-01-29T14:56:00+00:00,2024-01-29T15:48:00+00:00,52.0,2024-01-29T15:55:00+00:00,59.0,-7.0,False,"(15,180]",True,False,False,True,accepted,,True
2024-01_reporting.csv:504436,2024-01_reporting.csv:504438,N783LC,2024-01-29,3836,IAH,2024-01-29,3956,ORD,MSN,2024-01-29T21:30:00+00:00,2024-01-30T00:29:00+00:00,179.0,2024-01-29T23:40:00+00:00,130.0,49.0,True,"(15,180]",True,False,False,True,accepted,,True
2024-01_reporting.csv:504439,2024-01_reporting.csv:504442,N791DK,2024-01-29,3319,EWR,2024-01-29,3972,ORD,CVG,2024-01-29T21:43:00+00:00,2024-01-29T23:00:00+00:00,77.0,2024-01-29T23:00:00+00:00,77.0,0.0,False,"(15,180]",True,False,False,True,accepted,,True
2024-01_reporting.csv:504441,2024-01_reporting.csv:504440,N791DK,2024-01-29,3496,HPN,2024-01-29,3374,ORD,EWR,2024-01-29T14:41:00+00:00,2024-01-29T16:12:00+00:00,91.0,2024-01-29T15:50:00+00:00,69.0,22.0,True,"(15,180]",True,False,False,True,accepted,,True
2024-01_reporting.csv:504453,2024-01_reporting.csv:504455,N821MD,2024-01-29,3739,FSD,2024-01-29,3812,ORD,HPN,2024-01-29T13:37:00+00:00,2024-01-29T14:15:00+00:00,38.0,2024-01-29T14:15:00+00:00,38.0,0.0,False,"(15,180]",True,False,False,True,accepted,,True
2024-01_reporting.csv:504454,2024-01_reporting.csv:504452,N821MD,2024-01-29,3812,HPN,2024-01-29,3382,ORD,BDL,2024-01-29T19:35:00+00:00,2024-01-29T20:27:00+00:00,52.0,2024-01-29T20:30:00+00:00,55.0,-3.0,False,"(15,180]",True,False,False,True,accepted,,True
2024-01_reporting.csv:504456,2024-01_reporting.csv:504458,N826MD,2024-01-29,3723,FAR,2024-01-29,3742,ORD,BHM,2024-01-29T12:48:00+00:00,2024-01-29T14:13:00+00:00,85.0,2024-01-29T14:15:00+00:00,87.0,-2.0,False,"(15,180]",True,False,False,True,accepted,,True
2024-01_reporting.csv:504457,2024-01_reporting.csv:504460,N826MD,2024-01-29,3742,BHM,2024-01-29,3760,ORD,DSM,2024-01-29T18:39:00+00:00,2024-01-29T19:49:00+00:00,70.0,2024-01-29T19:51:00+00:00,72.0,-2.0,False,"(15,180]",True,False,False,True,accepted,,True
2024-01_reporting.csv:504459,2024-01_reporting.csv:504461,N826MD,2024-01-29,3760,DSM,2024-01-29,3945,ORD,MEM,2024-01-29T23:15:00+00:00,2024-01-30T00:16:00+00:00,61.0,2024-01-30T00:20:00+00:00,65.0,-4.0,False,"(15,180]",True,False,False,True,accepted,,True
2024-01_reporting.csv:504466,2024-01_reporting.csv:504465,N873RW,2024-01-29,3416,ATL,2024-01-29,3384,ORD,CMH,2024-01-29T19:54:00+00:00,2024-01-30T00:21:00+00:00,267.0,2024-01-30T00:20:00+00:00,266.0,1.0,False,"(180,360]",True,False,False,True,accepted,,False
2024-01_reporting.csv:504468,2024-01_reporting.csv:504467,N873RW,2024-01-29,3559,MEM,2024-01-29,3416,ORD,ATL,2024-01-29T14:28:00+00:00,2024-01-29T15:40:00+00:00,72.0,2024-01-29T14:18:00+00:00,-10.0,82.0,True,"(15,180]",True,False,False,True,accepted,,True
2024-01_reporting.csv:521135,2024-01_reporting.csv:521138,N218NN,2024-01-30,3514,FAR,2024-01-30,3817,ORD,LIT,2024-01-30T19:55:00+00:00,2024-01-30T21:09:00+00:00,74.0,2024-01-30T21:17:00+00:00,82.0,-8.0,False,"(15,180]",True,False,False,True,accepted,,True
2024-01_reporting.csv:521137,2024-01_reporting.csv:521136,N218NN,2024-01-30,3723,FAR,2024-01-30,3514,ORD,FAR,2024-01-30T12:54:00+00:00,2024-01-30T15:42:00+00:00,168.0,2024-01-30T15:50:00+00:00,176.0,-8.0,False,"(15,180]",True,False,False,True,accepted,,True
2024-01_reporting.csv:521237,2024-01_reporting.csv:521236,N240NN,2024-01-30,3833,CID,2024-01-30,3377,ORD,FAR,2024-01-30T23:55:00+00:00,2024-01-31T00:44:00+00:00,49.0,2024-01-31T00:47:00+00:00,52.0,-3.0,False,"(15,180]",True,False,False,True,accepted,,True
2024-01_reporting.csv:521256,2024-01_reporting.csv:521258,N245NN,2024-01-30,3392,EWR,2024-01-30,3931,ORD,MSP,2024-01-30T14:18:00+00:00,2024-01-30T20:51:00+00:00,393.0,2024-01-30T20:51:00+00:00,393.0,0.0,False,>360,True,False,False,True,accepted,,False
2024-01_reporting.csv:521257,2024-01_reporting.csv:537872,N245NN,2024-01-30,3931,MSP,2024-01-31,3733,ORD,BOS,2024-01-31T01:10:00+00:00,2024-01-31T13:00:00+00:00,710.0,2024-01-31T13:05:00+00:00,715.0,-5.0,False,>360,True,False,False,True,accepted,,False
2024-01_reporting.csv:521273,2024-01_reporting.csv:521269,N248NN,2024-01-30,3710,GSP,2024-01-30,3322,ORD,AUS,2024-01-30T13:19:00+00:00,2024-01-30T14:28:00+00:00,69.0,2024-01-30T14:35:00+00:00,76.0,-7.0,False,"(15,180]",True,False,False,True,accepted,,True
2024-01_reporting.csv:521330,2024-01_reporting.csv:521327,N260NN,2024-01-30,3871,BOS,2024-01-30,3621,ORD,GSP,2024-01-30T22:44:00+00:00,2024-01-31T00:48:00+00:00,124.0,2024-01-31T00:52:00+00:00,128.0,-4.0,False,"(15,180]",True,False,False,True,accepted,,True
2024-01_reporting.csv:521390,2024-01_reporting.csv:521393,N273NN,2024-01-30,3398,ELP,2024-01-30,3956,ORD,MSN,2024-01-30T21:11:00+00:00,2024-01-30T22:49:00+00:00,98.0,2024-01-30T22:51:00+00:00,100.0,-2.0,False,"(15,180]",True,False,False,True,accepted,,True
2024-01_reporting.csv:521391,2024-01_reporting.csv:521392,N273NN,2024-01-30,3656,LIT,2024-01-30,3877,ORD,ELP,2024-01-30T13:06:00+00:00,2024-01-30T14:16:00+00:00,70.0,2024-01-30T14:19:00+00:00,73.0,-3.0,False,"(15,180]",True,False,False,True,accepted,,True
2024-01_reporting.csv:521460,2024-01_reporting.csv:521462,N288NN,2024-01-30,3673,GSO,2024-01-30,3680,ORD,MSY,2024-01-30T13:38:00+00:00,2024-01-30T14:15:00+00:00,37.0,2024-01-30T14:20:00+00:00,42.0,-5.0,False,"(15,180]",True,False,False,True,accepted,,True
2024-01_reporting.csv:521461,2024-01_reporting.csv:521459,N288NN,2024-01-30,3680,MSY,2024-01-30,3320,ORD,SGF,2024-01-30T19:55:00+00:00,2024-01-30T21:33:00+00:00,98.0,2024-01-30T21:43:00+00:00,108.0,-10.0,False,"(15,180]",True,False,False,True,accepted,,True
2024-01_reporting.csv:521523,2024-01_reporting.csv:521524,N305CL,2024-01-30,3418,AUS,2024-01-30,3690,ORD,CVG,2024-01-31T00:17:00+00:00,2024-01-31T00:57:00+00:00,40.0,2024-01-31T00:35:00+00:00,18.0,22.0,True,"(15,180]",True,False,False,True,accepted,,True
2024-01_reporting.csv:521554,2024-01_reporting.csv:521556,N635RW,2024-01-30,3744,COU,2024-01-30,3793,ORD,FSD,2024-01-30T14:53:00+00:00,2024-01-30T16:09:00+00:00,76.0,2024-01-30T16:10:00+00:00,77.0,-1.0,False,"(15,180]",True,False,False,True,accepted,,True
2024-01_reporting.csv:521555,2024-01_reporting.csv:521557,N635RW,2024-01-30,3793,FSD,2024-01-30,3967,ORD,FSD,2024-01-30T20:08:00+00:00,2024-01-30T21:35:00+00:00,87.0,2024-01-30T21:36:00+00:00,88.0,-1.0,False,"(15,180]",True,False,False,True,accepted,,True
2024-01_reporting.csv:521560,2024-01_reporting.csv:521562,N636RW,2024-01-30,3611,XNA,2024-01-30,3760,ORD,DSM,2024-01-30T18:19:00+00:00,2024-01-30T19:44:00+00:00,85.0,2024-01-30T19:51:00+00:00,92.0,-7.0,False,"(15,180]",True,False,False,True,accepted,,True
2024-01_reporting.csv:521561,2024-01_reporting.csv:521558,N636RW,2024-01-30,3760,DSM,2024-01-30,3499,ORD,HPN,2024-01-30T23:20:00+00:00,2024-01-31T00:42:00+00:00,82.0,2024-01-31T00:45:00+00:00,85.0,-3.0,False,"(15,180]",True,False,False,True,accepted,,True
2024-01_reporting.csv:521563,2024-01_reporting.csv:521559,N636RW,2024-01-30,4072,ROC,2024-01-30,3581,ORD,XNA,2024-01-30T12:29:00+00:00,2024-01-30T14:12:00+00:00,103.0,2024-01-30T14:14:00+00:00,105.0,-2.0,False,"(15,180]",True,False,False,True,accepted,,True
2024-01_reporting.csv:521567,2024-01_reporting.csv:521569,N643RW,2024-01-30,3364,OMA,2024-01-30,3836,ORD,IAH,2024-01-30T15:15:00+00:00,2024-01-30T15:55:00+00:00,40.0,2024-01-30T16:05:00+00:00,50.0,-10.0,False,"(15,180]",True,False,False,True,accepted,,True
2024-01_reporting.csv:521568,2024-01_reporting.csv:521570,N643RW,2024-01-30,3836,IAH,2024-01-30,3945,ORD,MEM,2024-01-30T22:24:00+00:00,2024-01-31T00:18:00+00:00,114.0,2024-01-31T00:20:00+00:00,116.0,-2.0,False,"(15,180]",True,False,False,True,accepted,,True
2024-01_reporting.csv:521572,2024-01_reporting.csv:521574,N644RW,2024-01-30,3782,DSM,2024-01-30,3818,ORD,ICT,2024-01-30T15:57:00+00:00,2024-01-30T19:16:00+00:00,199.0,2024-01-30T19:18:00+00:00,201.0,-2.0,False,"(180,360]",True,False,False,True,accepted,,False
2024-01_reporting.csv:521573,2024-01_reporting.csv:521571,N644RW,2024-01-30,3818,ICT,2024-01-30,3694,ORD,CMI,2024-01-30T23:47:00+00:00,2024-01-31T00:16:00+00:00,29.0,2024-01-31T00:20:00+00:00,33.0,-4.0,False,"(15,180]",True,False,False,True,accepted,,True
2024-01_reporting.csv:521581,2024-01_reporting.csv:521585,N760MQ,2024-01-30,3497,STL,2024-01-30,3786,ORD,DSM,2024-01-30T23:25:00+00:00,2024-01-31T00:29:00+00:00,64.0,2024-01-31T00:25:00+00:00,60.0,4.0,False,"(15,180]",True,False,False,True,accepted,,True
2024-01_reporting.csv:521582,2024-01_reporting.csv:521580,N760MQ,2024-01-30,3679,BWI,2024-01-30,3497,ORD,STL,2024-01-30T19:03:00+00:00,2024-01-30T20:06:00+00:00,63.0,2024-01-30T20:11:00+00:00,68.0,-5.0,False,"(15,180]",True,False,False,True,accepted,,True
2024-01_reporting.csv:521584,2024-01_reporting.csv:521583,N760MQ,2024-01-30,3739,FSD,2024-01-30,3679,ORD,BWI,2024-01-30T13:20:00+00:00,2024-01-30T14:25:00+00:00,65.0,2024-01-30T14:35:00+00:00,75.0,-10.0,False,"(15,180]",True,False,False,True,accepted,,True
2024-01_reporting.csv:521588,2024-01_reporting.csv:521586,N761RW,2024-01-30,3678,BDL,2024-01-30,3358,ORD,SYR,2024-01-30T19:20:00+00:00,2024-01-30T20:56:00+00:00,96.0,2024-01-30T21:00:00+00:00,100.0,-4.0,False,"(15,180]",True,False,False,True,accepted,,True
2024-01_reporting.csv:521590,2024-01_reporting.csv:521593,N762DT,2024-01-30,3375,XNA,2024-01-30,3755,ORD,ICT,2024-01-31T00:24:00+00:00,2024-01-31T00:48:00+00:00,24.0,2024-01-31T00:31:00+00:00,7.0,17.0,True,"(15,180]",True,False,False,True,accepted,,True
2024-01_reporting.csv:521591,2024-01_reporting.csv:521589,N762DT,2024-01-30,3746,CMI,2024-01-30,3375,ORD,XNA,2024-01-30T18:12:00+00:00,2024-01-30T19:27:00+00:00,75.0,2024-01-30T19:29:00+00:00,77.0,-2.0,False,"(15,180]",True,False,False,True,accepted,,True
2024-01_reporting.csv:521594,2024-01_reporting.csv:521592,N762DT,2024-01-30,3757,ICT,2024-01-30,3747,ORD,CMI,2024-01-30T14:55:00+00:00,2024-01-30T15:52:00+00:00,57.0,2024-01-30T15:55:00+00:00,60.0,-3.0,False,"(15,180]",True,False,False,True,accepted,,True
2024-01_reporting.csv:521595,2024-01_reporting.csv:521600,N763CC,2024-01-30,3314,PVD,2024-01-30,3936,ORD,MSN,2024-01-30T14:37:00+00:00,2024-01-30T16:05:00+00:00,88.0,2024-01-30T16:09:00+00:00,92.0,-4.0,False,"(15,180]",True,False,False,True,accepted,,True
2024-01_reporting.csv:521596,2024-01_reporting.csv:521598,N763CC,2024-01-30,3456,GRR,2024-01-30,3745,ORD,COU,2024-01-30T21:38:00+00:00,2024-01-31T00:25:00+00:00,167.0,2024-01-31T00:26:00+00:00,168.0,-1.0,False,"(15,180]",True,False,False,True,accepted,,True
2024-01_reporting.csv:521599,2024-01_reporting.csv:521597,N763CC,2024-01-30,3936,MSN,2024-01-30,3456,ORD,GRR,2024-01-30T18:24:00+00:00,2024-01-30T19:27:00+00:00,63.0,2024-01-30T19:32:00+00:00,68.0,-5.0,False,"(15,180]",True,False,False,True,accepted,,True
2024-01_reporting.csv:521602,2024-01_reporting.csv:521601,N764JD,2024-01-30,3789,EWR,2024-01-30,3715,ORD,PVD,2024-01-30T19:15:00+00:00,2024-01-30T21:09:00+00:00,114.0,2024-01-30T20:55:00+00:00,100.0,14.0,False,"(15,180]",True,False,False,True,accepted,,True
2024-01_reporting.csv:521604,2024-01_reporting.csv:521603,N764JD,2024-01-30,3942,CMH,2024-01-30,3789,ORD,EWR,2024-01-30T13:40:00+00:00,2024-01-30T14:25:00+00:00,45.0,2024-01-30T14:30:00+00:00,50.0,-5.0,False,"(15,180]",True,False,False,True,accepted,,True
2024-01_reporting.csv:521605,2024-01_reporting.csv:521608,N765ST,2024-01-30,3343,CMH,2024-01-30,3808,ORD,HPN,2024-01-30T17:08:00+00:00,2024-01-30T18:50:00+00:00,102.0,2024-01-30T18:54:00+00:00,106.0,-4.0,False,"(15,180]",True,False,False,True,accepted,,True
2024-01_reporting.csv:521607,2024-01_reporting.csv:521609,N765ST,2024-01-30,3808,HPN,2024-01-30,4007,ORD,ROC,2024-01-30T23:48:00+00:00,2024-01-31T00:49:00+00:00,61.0,2024-01-31T00:53:00+00:00,65.0,-4.0,False,"(15,180]",True,False,False,True,accepted,,True
2024-01_reporting.csv:521610,2024-01_reporting.csv:521606,N765ST,2024-01-30,4129,SGF,2024-01-30,3343,ORD,CMH,2024-01-30T12:41:00+00:00,2024-01-30T14:06:00+00:00,85.0,2024-01-30T14:14:00+00:00,93.0,-8.0,False,"(15,180]",True,False,False,True,accepted,,True
2024-01_reporting.csv:521616,2024-01_reporting.csv:521615,N768RD,2024-01-30,3479,MCI,2024-01-30,3387,ORD,MCI,2024-01-30T19:53:00+00:00,2024-01-31T02:34:00+00:00,401.0,2024-01-31T02:36:00+00:00,403.0,-2.0,False,>360,True,False,False,True,accepted,,False
2024-01_reporting.csv:521618,2024-01_reporting.csv:521617,N768RD,2024-01-30,4134,SYR,2024-01-30,3479,ORD,MCI,2024-01-30T14:39:00+00:00,2024-01-30T16:00:00+00:00,81.0,2024-01-30T16:05:00+00:00,86.0,-5.0,False,"(15,180]",True,False,False,True,accepted,,True
2024-01_reporting.csv:521620,2024-01_reporting.csv:521619,N769KW,2024-01-30,3917,LEX,2024-01-30,3323,ORD,EWR,2024-01-30T23:01:00+00:00,2024-01-31T02:19:00+00:00,198.0,2024-01-31T02:20:00+00:00,199.0,-1.0,False,"(180,360]",True,False,False,True,accepted,,False
2024-01_reporting.csv:521622,2024-01_reporting.csv:521621,N769KW,2024-01-30,3932,IND,2024-01-30,3917,ORD,LEX,2024-01-30T18:12:00+00:00,2024-01-30T19:55:00+00:00,103.0,2024-01-30T20:00:00+00:00,108.0,-5.0,False,"(15,180]",True,False,False,True,accepted,,True
2024-01_reporting.csv:521624,2024-01_reporting.csv:521623,N769KW,2024-01-30,4094,CVG,2024-01-30,3932,ORD,IND,2024-01-30T13:53:00+00:00,2024-01-30T15:36:00+00:00,103.0,2024-01-30T15:29:00+00:00,96.0,7.0,False,"(15,180]",True,False,False,True,accepted,,True
2024-01_reporting.csv:521625,2024-01_reporting.csv:521628,N770JM,2024-01-30,3319,EWR,2024-01-30,3972,ORD,CVG,2024-01-30T20:45:00+00:00,2024-01-30T22:59:00+00:00,134.0,2024-01-30T23:00:00+00:00,135.0,-1.0,False,"(15,180]",True,False,False,True,accepted,,True
2024-01_reporting.csv:521626,2024-01_reporting.csv:521627,N770JM,2024-01-30,3367,OKC,2024-01-30,3374,ORD,EWR,2024-01-30T15:04:00+00:00,2024-01-30T15:54:00+00:00,50.0,2024-01-30T15:50:00+00:00,46.0,4.0,False,"(15,180]",True,False,False,True,accepted,,True
2024-01_reporting.csv:521630,2024-01_reporting.csv:521632,N771JV,2024-01-30,3609,CMI,2024-01-30,3812,ORD,HPN,2024-01-30T13:09:00+00:00,2024-01-30T14:09:00+00:00,60.0,2024-01-30T14:15:00+00:00,66.0,-6.0,False,"(15,180]",True,False,False,True,accepted,,True
2024-01_reporting.csv:521631,2024-01_reporting.csv:521629,N771JV,2024-01-30,3812,HPN,2024-01-30,3382,ORD,BDL,2024-01-30T19:26:00+00:00,2024-01-30T20:22:00+00:00,56.0,2024-01-30T20:27:00+00:00,61.0,-5.0,False,"(15,180]",True,False,False,True,accepted,,True
2024-01_reporting.csv:521633,2024-01_reporting.csv:521634,N772MR,2024-01-30,3815,GRB,2024-01-30,3845,ORD,RDU,2024-01-30T14:59:00+00:00,2024-01-30T16:02:00+00:00,63.0,2024-01-30T16:00:00+00:00,61.0,2.0,False,"(15,180]",True,False,False,True,accepted,,True
2024-01_reporting.csv:521635,2024-01_reporting.csv:538239,N772MR,2024-01-30,3845,RDU,2024-01-31,3802,ORD,STL,2024-01-30T20:29:00+00:00,2024-01-31T14:18:00+00:00,1069.0,2024-01-31T14:20:00+00:00,1071.0,-2.0,False,>360,True,False,False,True,accepted,,False
2024-01_reporting.csv:521636,2024-01_reporting.csv:521637,N774JG,2024-01-30,3369,MCI,2024-01-30,3380,ORD,ROC,2024-01-30T13:12:00+00:00,2024-01-30T14:16:00+00:00,64.0,2024-01-30T14:19:00+00:00,67.0,-3.0,False,"(15,180]",True,False,False,True,accepted,,True
2024-01_reporting.csv:521638,2024-01_reporting.csv:521640,N774JG,2024-01-30,3380,ROC,2024-01-30,3788,ORD,EWR,2024-01-30T18:15:00+00:00,2024-01-30T19:56:00+00:00,101.0,2024-01-30T19:59:00+00:00,104.0,-3.0,False,"(15,180]",True,False,False,True,accepted,,True
2024-01_reporting.csv:521639,2024-01_reporting.csv:538243,N774JG,2024-01-30,3788,EWR,2024-01-31,3812,ORD,HPN,2024-01-31T00:53:00+00:00,2024-01-31T14:04:00+00:00,791.0,2024-01-31T14:15:00+00:00,802.0,-11.0,False,>360,True,False,False,True,accepted,,False
2024-01_reporting.csv:521641,2024-01_reporting.csv:521643,N776MS,2024-01-30,3496,HPN,2024-01-30,3790,ORD,EYW,2024-01-30T14:12:00+00:00,2024-01-30T15:58:00+00:00,106.0,2024-01-30T16:05:00+00:00,113.0,-7.0,False,"(15,180]",True,False,False,True,accepted,,True
2024-01_reporting.csv:521642,2024-01_reporting.csv:538247,N776MS,2024-01-30,3790,EYW,2024-01-31,3890,ORD,MSP,2024-01-30T23:25:00+00:00,2024-01-31T20:56:00+00:00,1291.0,2024-01-31T20:37:00+00:00,1272.0,19.0,True,>360,True,False,False,True,accepted,,False
2024-01_reporting.csv:521646,2024-01_reporting.csv:521648,N779RN,2024-01-30,3416,ATL,2024-01-30,3799,ORD,GRB,2024-01-30T19:56:00+00:00,2024-01-30T22:45:00+00:00,169.0,2024-01-30T22:52:00+00:00,176.0,-7.0,False,"(15,180]",True,False,False,True,accepted,,True
2024-01_reporting.csv:521650,2024-01_reporting.csv:521653,N783LC,2024-01-30,3707,PIT,2024-01-30,3811,ORD,OMA,2024-01-30T22:59:00+00:00,2024-01-31T00:41:00+00:00,102.0,2024-01-31T00:32:00+00:00,93.0,9.0,False,"(15,180]",True,False,False,True,accepted,,True
2024-01_reporting.csv:521652,2024-01_reporting.csv:521649,N783LC,2024-01-30,3802,STL,2024-01-30,3707,ORD,PIT,2024-01-30T17:49:00+00:00,2024-01-30T19:27:00+00:00,98.0,2024-01-30T19:30:00+00:00,101.0,-3.0,False,"(15,180]",True,False,False,True,accepted,,True
2024-01_reporting.csv:521654,2024-01_reporting.csv:521651,N783LC,2024-01-30,3842,MSN,2024-01-30,3802,ORD,STL,2024-01-30T13:14:00+00:00,2024-01-30T14:23:00+00:00,69.0,2024-01-30T14:20:00+00:00,66.0,3.0,False,"(15,180]",True,False,False,True,accepted,,True
2024-01_reporting.csv:521655,2024-01_reporting.csv:521658,N791DK,2024-01-30,3826,CVG,2024-01-30,3937,ORD,OMA,2024-01-30T14:50:00+00:00,2024-01-30T16:07:00+00:00,77.0,2024-01-30T16:09:00+00:00,79.0,-2.0,False,"(15,180]",True,False,False,True,accepted,,True
2024-01_reporting.csv:521657,2024-01_reporting.csv:521656,N791DK,2024-01-30,3937,OMA,2024-01-30,3839,ORD,OKC,2024-01-30T19:55:00+00:00,2024-01-30T20:48:00+00:00,53.0,2024-01-30T20:48:00+00:00,53.0,0.0,False,"(15,180]",True,False,False,True,accepted,,True
2024-01_reporting.csv:521665,2024-01_reporting.csv:521668,N821MD,2024-01-30,3490,BDL,2024-01-30,3792,ORD,OKC,2024-01-30T14:41:00+00:00,2024-01-30T16:13:00+00:00,92.0,2024-01-30T16:15:00+00:00,94.0,-2.0,False,"(15,180]",True,False,False,True,accepted,,True
2024-01_reporting.csv:521667,2024-01_reporting.csv:521666,N821MD,2024-01-30,3792,OKC,2024-01-30,3664,ORD,CMH,2024-01-30T21:19:00+00:00,2024-01-30T22:43:00+00:00,84.0,2024-01-30T22:45:00+00:00,86.0,-2.0,False,"(15,180]",True,False,False,True,accepted,,True
2024-01_reporting.csv:521670,2024-01_reporting.csv:521671,N826MD,2024-01-30,3742,MEM,2024-01-30,4074,ORD,RDU,2024-01-30T17:46:00+00:00,2024-01-30T18:40:00+00:00,54.0,2024-01-30T18:45:00+00:00,59.0,-5.0,False,"(15,180]",True,False,False,True,accepted,,True
2024-01_reporting.csv:521672,2024-01_reporting.csv:521669,N826MD,2024-01-30,4074,RDU,2024-01-30,3648,ORD,GSO,2024-01-30T23:20:00+00:00,2024-01-31T00:22:00+00:00,62.0,2024-01-31T00:28:00+00:00,68.0,-6.0,False,"(15,180]",True,False,False,True,accepted,,True
2024-01_reporting.csv:537691,2024-01_reporting.csv:537690,N205NN,2024-01-31,3680,MSY,2024-01-31,3578,ORD,XNA,2024-01-31T21:47:00+00:00,2024-02-01T00:24:00+00:00,157.0,2024-02-01T00:34:00+00:00,167.0,-10.0,False,"(15,180]",True,False,False,True,accepted,,True
2024-01_reporting.csv:537693,2024-01_reporting.csv:537692,N205NN,2024-01-31,4094,CVG,2024-01-31,3680,ORD,MSY,2024-01-31T13:02:00+00:00,2024-01-31T16:08:00+00:00,186.0,2024-01-31T16:10:00+00:00,188.0,-2.0,False,"(180,360]",True,False,False,True,accepted,,False
2024-01_reporting.csv:537738,2024-01_reporting.csv:537740,N218NN,2024-01-31,3656,LIT,2024-01-31,3808,ORD,HPN,2024-01-31T13:24:00+00:00,2024-01-31T18:43:00+00:00,319.0,2024-01-31T18:54:00+00:00,330.0,-11.0,False,"(180,360]",True,False,False,True,accepted,,False
2024-01_reporting.csv:537739,2024-02_reporting.csv:8104,N218NN,2024-01-31,3808,HPN,2024-02-01,3680,ORD,MSY,2024-01-31T23:54:00+00:00,2024-02-01T14:26:00+00:00,872.0,2024-02-01T14:30:00+00:00,876.0,-4.0,False,>360,True,True,False,True,accepted,,False
2024-01_reporting.csv:537745,2024-01_reporting.csv:537742,N219NN,2024-01-31,4088,XNA,2024-01-31,3851,ORD,BNA,2024-01-31T13:13:00+00:00,2024-01-31T14:51:00+00:00,98.0,2024-01-31T14:35:00+00:00,82.0,16.0,True,"(15,180]",True,False,False,True,accepted,,True
2024-01_reporting.csv:537880,2024-01_reporting.csv:537881,N247NN,2024-01-31,3418,AUS,2024-01-31,3621,ORD,GSP,2024-01-31T23:40:00+00:00,2024-02-01T00:47:00+00:00,67.0,2024-02-01T00:52:00+00:00,72.0,-5.0,False,"(15,180]",True,False,False,True,accepted,,True
2024-01_reporting.csv:537939,2024-01_reporting.csv:537941,N260NN,2024-01-31,3678,BDL,2024-01-31,3817,ORD,LIT,2024-01-31T19:19:00+00:00,2024-01-31T21:07:00+00:00,108.0,2024-01-31T21:17:00+00:00,118.0,-10.0,False,"(15,180]",True,False,False,True,accepted,,True
2024-01_reporting.csv:537940,2024-01_reporting.csv:537938,N260NN,2024-01-31,3710,GSP,2024-01-31,3493,ORD,BDL,2024-01-31T12:55:00+00:00,2024-01-31T14:18:00+00:00,83.0,2024-01-31T14:22:00+00:00,87.0,-4.0,False,"(15,180]",True,False,False,True,accepted,,True
2024-01_reporting.csv:537976,2024-01_reporting.csv:537973,N267NN,2024-01-31,3871,BOS,2024-01-31,3499,ORD,HPN,2024-01-31T23:24:00+00:00,2024-02-01T00:44:00+00:00,80.0,2024-02-01T00:45:00+00:00,81.0,-1.0,False,"(15,180]",True,False,False,True,accepted,,True
2024-01_reporting.csv:538001,2024-01_reporting.csv:538004,N273NN,2024-01-31,3398,ELP,2024-01-31,3956,ORD,MSN,2024-01-31T21:32:00+00:00,2024-01-31T22:41:00+00:00,69.0,2024-01-31T22:51:00+00:00,79.0,-10.0,False,"(15,180]",True,False,False,True,accepted,,True
2024-01_reporting.csv:538002,2024-01_reporting.csv:538003,N273NN,2024-01-31,3842,MSN,2024-01-31,3877,ORD,ELP,2024-01-31T13:13:00+00:00,2024-01-31T14:16:00+00:00,63.0,2024-01-31T14:19:00+00:00,66.0,-3.0,False,"(15,180]",True,False,False,True,accepted,,True
2024-01_reporting.csv:538027,2024-01_reporting.csv:538024,N278NN,2024-01-31,3723,FAR,2024-01-31,3322,ORD,AUS,2024-01-31T13:01:00+00:00,2024-01-31T14:29:00+00:00,88.0,2024-01-31T14:35:00+00:00,94.0,-6.0,False,"(15,180]",True,False,False,True,accepted,,True
2024-01_reporting.csv:538035,2024-01_reporting.csv:538037,N280NN,2024-01-31,3934,BNA,2024-01-31,4084,ORD,IAH,2024-01-31T18:29:00+00:00,2024-01-31T19:11:00+00:00,42.0,2024-01-31T19:15:00+00:00,46.0,-4.0,False,"(15,180]",True,False,False,True,accepted,,True
2024-01_reporting.csv:538036,2024-02_reporting.csv:8438,N280NN,2024-01-31,4084,IAH,2024-02-01,3375,ORD,XNA,2024-02-01T01:21:00+00:00,2024-02-01T21:36:00+00:00,1215.0,2024-02-01T21:22:00+00:00,1201.0,14.0,False,>360,True,True,False,True,accepted,,False
2024-01_reporting.csv:538073,2024-01_reporting.csv:538069,N288NN,2024-01-31,4129,SGF,2024-01-31,3479,ORD,MCI,2024-01-31T13:02:00+00:00,2024-01-31T16:17:00+00:00,195.0,2024-01-31T16:05:00+00:00,183.0,12.0,False,"(180,360]",True,False,False,True,accepted,,False
2024-01_reporting.csv:538143,2024-01_reporting.csv:538141,N312BT,2024-01-31,3479,MCI,2024-01-31,3320,ORD,SGF,2024-01-31T19:41:00+00:00,2024-01-31T21:40:00+00:00,119.0,2024-01-31T21:43:00+00:00,122.0,-3.0,False,"(15,180]",True,False,False,True,accepted,,True
2024-01_reporting.csv:538156,2024-01_reporting.csv:538158,N635RW,2024-01-31,3380,ROC,2024-01-31,3707,ORD,PIT,2024-01-31T18:17:00+00:00,2024-01-31T19:23:00+00:00,66.0,2024-01-31T19:26:00+00:00,69.0,-3.0,False,"(15,180]",True,False,False,True,accepted,,True
2024-01_reporting.csv:538159,2024-01_reporting.csv:538157,N635RW,2024-01-31,3707,PIT,2024-01-31,3690,ORD,CVG,2024-01-31T23:01:00+00:00,2024-02-01T00:58:00+00:00,117.0,2024-02-01T00:35:00+00:00,94.0,23.0,True,"(15,180]",True,False,False,True,accepted,,True
2024-01_reporting.csv:538160,2024-01_reporting.csv:538155,N635RW,2024-01-31,3739,FSD,2024-01-31,3380,ORD,ROC,2024-01-31T13:21:00+00:00,2024-01-31T14:18:00+00:00,57.0,2024-01-31T14:19:00+00:00,58.0,-1.0,False,"(15,180]",True,False,False,True,accepted,,True
2024-01_reporting.csv:538161,2024-01_reporting.csv:538163,N636RW,2024-01-31,3496,HPN,2024-01-31,3514,ORD,FAR,2024-01-31T14:13:00+00:00,2024-01-31T15:53:00+00:00,100.0,2024-01-31T15:50:00+00:00,97.0,3.0,False,"(15,180]",True,False,False,True,accepted,,True
2024-01_reporting.csv:538162,2024-01_reporting.csv:538164,N636RW,2024-01-31,3514,FAR,2024-01-31,3715,ORD,PVD,2024-01-31T20:09:00+00:00,2024-01-31T20:54:00+00:00,45.0,2024-01-31T20:55:00+00:00,46.0,-1.0,False,"(15,180]",True,False,False,True,accepted,,True
2024-01_reporting.csv:538170,2024-01_reporting.csv:538172,N643RW,2024-01-31,3742,MEM,2024-01-31,3818,ORD,ICT,2024-01-31T17:55:00+00:00,2024-01-31T19:16:00+00:00,81.0,2024-01-31T19:18:00+00:00,83.0,-2.0,False,"(15,180]",True,False,False,True,accepted,,True
2024-01_reporting.csv:538171,2024-01_reporting.csv:538169,N643RW,2024-01-31,3818,ICT,2024-01-31,3377,ORD,FAR,2024-01-31T23:48:00+00:00,2024-02-01T00:45:00+00:00,57.0,2024-02-01T00:47:00+00:00,59.0,-2.0,False,"(15,180]",True,False,False,True,accepted,,True
2024-01_reporting.csv:538174,2024-01_reporting.csv:538173,N644RW,2024-01-31,3416,ATL,2024-01-31,3387,ORD,MCI,2024-01-31T18:51:00+00:00,2024-02-01T02:25:00+00:00,454.0,2024-02-01T02:36:00+00:00,465.0,-11.0,False,>360,True,False,False,True,accepted,,False
2024-01_reporting.csv:538176,2024-01_reporting.csv:538175,N644RW,2024-01-31,3609,CMI,2024-01-31,3416,ORD,ATL,2024-01-31T13:03:00+00:00,2024-01-31T14:13:00+00:00,70.0,2024-01-31T14:18:00+00:00,75.0,-5.0,False,"(15,180]",True,False,False,True,accepted,,True
2024-01_reporting.csv:538181,2024-01_reporting.csv:538183,N760MQ,2024-01-31,3782,DSM,2024-01-31,3792,ORD,OKC,2024-01-31T15:04:00+00:00,2024-01-31T16:15:00+00:00,71.0,2024-01-31T16:15:00+00:00,71.0,0.0,False,"(15,180]",True,False,False,True,accepted,,True
2024-01_reporting.csv:538182,2024-01_reporting.csv:538184,N760MQ,2024-01-31,3792,OKC,2024-01-31,3972,ORD,CVG,2024-01-31T21:14:00+00:00,2024-01-31T22:57:00+00:00,103.0,2024-01-31T23:00:00+00:00,106.0,-3.0,False,"(15,180]",True,False,False,True,accepted,,True
2024-01_reporting.csv:538187,2024-01_reporting.csv:538186,N761RW,2024-01-31,3936,MSN,2024-01-31,3788,ORD,EWR,2024-01-31T18:28:00+00:00,2024-01-31T19:49:00+00:00,81.0,2024-01-31T19:57:00+00:00,89.0,-8.0,False,"(15,180]",True,False,False,True,accepted,,True
2024-01_reporting.csv:538189,2024-01_reporting.csv:538188,N761RW,2024-01-31,4134,SYR,2024-01-31,3936,ORD,MSN,2024-01-31T14:11:00+00:00,2024-01-31T16:06:00+00:00,115.0,2024-01-31T16:09:00+00:00,118.0,-3.0,False,"(15,180]",True,False,False,True,accepted,,True
2024-01_reporting.csv:538191,2024-01_reporting.csv:538193,N762DT,2024-01-31,3757,ICT,2024-01-31,3836,ORD,IAH,2024-01-31T14:48:00+00:00,2024-01-31T15:59:00+00:00,71.0,2024-01-31T16:05:00+00:00,77.0,-6.0,False,"(15,180]",True,False,False,True,accepted,,True
2024-01_reporting.csv:538192,2024-01_reporting.csv:538190,N762DT,2024-01-31,3836,IAH,2024-01-31,3745,ORD,COU,2024-01-31T22:13:00+00:00,2024-02-01T00:21:00+00:00,128.0,2024-02-01T00:26:00+00:00,133.0,-5.0,False,"(15,180]",True,False,False,True,accepted,,True
2024-01_reporting.csv:538194,2024-01_reporting.csv:538196,N763CC,2024-01-31,3319,EWR,2024-01-31,3664,ORD,CMH,2024-01-31T22:18:00+00:00,2024-01-31T23:56:00+00:00,98.0,2024-01-31T22:45:00+00:00,27.0,71.0,True,"(15,180]",True,False,False,True,accepted,,True
2024-01_reporting.csv:538197,2024-01_reporting.csv:538195,N763CC,2024-01-31,3744,COU,2024-01-31,3374,ORD,EWR,2024-01-31T14:51:00+00:00,2024-01-31T15:48:00+00:00,57.0,2024-01-31T15:50:00+00:00,59.0,-2.0,False,"(15,180]",True,False,False,True,accepted,,True
2024-01_reporting.csv:538198,2024-01_reporting.csv:538200,N764JD,2024-01-31,3314,PVD,2024-01-31,3793,ORD,FSD,2024-01-31T14:30:00+00:00,2024-01-31T16:07:00+00:00,97.0,2024-01-31T16:10:00+00:00,100.0,-3.0,False,"(15,180]",True,False,False,True,accepted,,True
2024-01_reporting.csv:538199,2024-01_reporting.csv:538201,N764JD,2024-01-31,3793,FSD,2024-01-31,3967,ORD,FSD,2024-01-31T20:13:00+00:00,2024-01-31T21:36:00+00:00,83.0,2024-01-31T21:36:00+00:00,83.0,0.0,False,"(15,180]",True,False,False,True,accepted,,True
2024-01_reporting.csv:538202,2024-01_reporting.csv:538206,N765ST,2024-01-31,3343,CMH,2024-01-31,4074,ORD,RDU,2024-01-31T17:14:00+00:00,2024-01-31T18:43:00+00:00,89.0,2024-01-31T18:45:00+00:00,91.0,-2.0,False,"(15,180]",True,False,False,True,accepted,,True
2024-01_reporting.csv:538205,2024-01_reporting.csv:538203,N765ST,2024-01-31,4072,ROC,2024-01-31,3343,ORD,CMH,2024-01-31T12:16:00+00:00,2024-01-31T14:09:00+00:00,113.0,2024-01-31T14:14:00+00:00,118.0,-5.0,False,"(15,180]",True,False,False,True,accepted,,True
2024-01_reporting.csv:538207,2024-01_reporting.csv:538204,N765ST,2024-01-31,4074,RDU,2024-01-31,3384,ORD,CMH,2024-01-31T23:28:00+00:00,2024-02-01T00:19:00+00:00,51.0,2024-02-01T00:20:00+00:00,52.0,-1.0,False,"(15,180]",True,False,False,True,accepted,,True
2024-01_reporting.csv:538216,2024-01_reporting.csv:538219,N768RD,2024-01-31,3369,MCI,2024-01-31,3581,ORD,XNA,2024-01-31T13:27:00+00:00,2024-01-31T14:09:00+00:00,42.0,2024-01-31T14:14:00+00:00,47.0,-5.0,False,"(15,180]",True,False,False,True,accepted,,True
2024-01_reporting.csv:538217,2024-01_reporting.csv:538221,N768RD,2024-01-31,3467,IND,2024-01-31,3694,ORD,CMI,2024-01-31T22:01:00+00:00,2024-02-01T00:21:00+00:00,140.0,2024-02-01T00:20:00+00:00,139.0,1.0,False,"(15,180]",True,False,False,True,accepted,,True
2024-01_reporting.csv:538220,2024-01_reporting.csv:538218,N768RD,2024-01-31,3611,XNA,2024-01-31,3467,ORD,IND,2024-01-31T18:18:00+00:00,2024-01-31T19:24:00+00:00,66.0,2024-01-31T19:26:00+00:00,68.0,-2.0,False,"(15,180]",True,False,False,True,accepted,,True
2024-01_reporting.csv:538223,2024-01_reporting.csv:538225,N769KW,2024-01-31,3392,EWR,2024-01-31,3932,ORD,IND,2024-01-31T14:37:00+00:00,2024-01-31T15:25:00+00:00,48.0,2024-01-31T15:29:00+00:00,52.0,-4.0,False,"(15,180]",True,False,False,True,accepted,,True
2024-01_reporting.csv:538224,2024-01_reporting.csv:538222,N769KW,2024-01-31,3932,IND,2024-01-31,3382,ORD,BDL,2024-01-31T18:16:00+00:00,2024-01-31T20:22:00+00:00,126.0,2024-01-31T20:27:00+00:00,131.0,-5.0,False,"(15,180]",True,False,False,True,accepted,,True
2024-01_reporting.csv:538227,2024-01_reporting.csv:538230,N770JM,2024-01-31,3375,XNA,2024-01-31,3811,ORD,OMA,2024-01-31T23:45:00+00:00,2024-02-01T01:07:00+00:00,82.0,2024-02-01T00:32:00+00:00,47.0,35.0,True,"(15,180]",True,False,False,True,accepted,,True
2024-01_reporting.csv:538228,2024-01_reporting.csv:538226,N770JM,2024-01-31,3746,CMI,2024-01-31,3375,ORD,XNA,2024-01-31T18:14:00+00:00,2024-01-31T19:30:00+00:00,76.0,2024-01-31T19:30:00+00:00,76.0,0.0,False,"(15,180]",True,False,False,True,accepted,,True
2024-01_reporting.csv:538231,2024-01_reporting.csv:538229,N770JM,2024-01-31,3826,CVG,2024-01-31,3747,ORD,CMI,2024-01-31T15:04:00+00:00,2024-01-31T15:53:00+00:00,49.0,2024-01-31T15:55:00+00:00,51.0,-2.0,False,"(15,180]",True,False,False,True,accepted,,True
2024-01_reporting.csv:538233,2024-01_reporting.csv:538234,N771JV,2024-01-31,3490,BDL,2024-01-31,3845,ORD,RDU,2024-01-31T14:37:00+00:00,2024-01-31T15:54:00+00:00,77.0,2024-01-31T16:00:00+00:00,83.0,-6.0,False,"(15,180]",True,False,False,True,accepted,,True
2024-01_reporting.csv:538235,2024-01_reporting.csv:538232,N771JV,2024-01-31,3845,RDU,2024-01-31,3323,ORD,EWR,2024-01-31T20:40:00+00:00,2024-02-01T02:18:00+00:00,338.0,2024-02-01T02:20:00+00:00,340.0,-2.0,False,"(180,360]",True,False,False,True,accepted,,False
2024-01_reporting.csv:538236,2024-01_reporting.csv:538238,N772MR,2024-01-31,3760,DSM,2024-01-31,3786,ORD,DSM,2024-01-31T23:04:00+00:00,2024-02-01T00:24:00+00:00,80.0,2024-02-01T00:25:00+00:00,81.0,-1.0,False,"(15,180]",True,False,False,True,accepted,,True
2024-01_reporting.csv:538240,2024-01_reporting.csv:538237,N772MR,2024-01-31,3802,STL,2024-01-31,3760,ORD,DSM,2024-01-31T17:59:00+00:00,2024-01-31T19:51:00+00:00,112.0,2024-01-31T19:51:00+00:00,112.0,0.0,False,"(15,180]",True,False,False,True,accepted,,True
2024-01_reporting.csv:538242,2024-01_reporting.csv:538245,N774JG,2024-01-31,3812,HPN,2024-01-31,3833,ORD,CID,2024-01-31T19:11:00+00:00,2024-01-31T20:47:00+00:00,96.0,2024-01-31T20:52:00+00:00,101.0,-5.0,False,"(15,180]",True,False,False,True,accepted,,True
2024-01_reporting.csv:538244,2024-01_reporting.csv:538241,N774JG,2024-01-31,3833,CID,2024-01-31,3755,ORD,ICT,2024-01-31T23:27:00+00:00,2024-02-01T00:30:00+00:00,63.0,2024-02-01T00:31:00+00:00,64.0,-1.0,False,"(15,180]",True,False,False,True,accepted,,True
2024-01_reporting.csv:538246,2024-02_reporting.csv:8657,N776MS,2024-01-31,3862,MSP,2024-02-01,3789,ORD,EWR,2024-02-01T00:32:00+00:00,2024-02-01T14:28:00+00:00,836.0,2024-02-01T14:30:00+00:00,838.0,-2.0,False,>360,True,True,False,True,accepted,,False
2024-01_reporting.csv:538254,2024-01_reporting.csv:538257,N779RN,2024-01-31,3790,EYW,2024-01-31,4007,ORD,ROC,2024-02-01T00:05:00+00:00,2024-02-01T00:52:00+00:00,47.0,2024-02-01T00:53:00+00:00,48.0,-1.0,False,"(15,180]",True,False,False,True,accepted,,True
2024-01_reporting.csv:538256,2024-01_reporting.csv:538255,N779RN,2024-01-31,3815,GRB,2024-01-31,3790,ORD,EYW,2024-01-31T14:46:00+00:00,2024-01-31T15:59:00+00:00,73.0,2024-01-31T16:05:00+00:00,79.0,-6.0,False,"(15,180]",True,False,False,True,accepted,,True
2024-01_reporting.csv:538258,2024-01_reporting.csv:538261,N783LC,2024-01-31,3364,OMA,2024-01-31,3937,ORD,OMA,2024-01-31T15:22:00+00:00,2024-01-31T16:06:00+00:00,44.0,2024-01-31T16:09:00+00:00,47.0,-3.0,False,"(15,180]",True,False,False,True,accepted,,True
2024-01_reporting.csv:538260,2024-01_reporting.csv:538259,N783LC,2024-01-31,3937,OMA,2024-01-31,3839,ORD,OKC,2024-01-31T19:44:00+00:00,2024-01-31T20:41:00+00:00,57.0,2024-01-31T20:48:00+00:00,64.0,-7.0,False,"(15,180]",True,False,False,True,accepted,,True
2024-01_reporting.csv:538262,2024-01_reporting.csv:538264,N791DK,2024-01-31,3367,OKC,2024-01-31,3456,ORD,GRR,2024-01-31T15:04:00+00:00,2024-01-31T19:28:00+00:00,264.0,2024-01-31T19:32:00+00:00,268.0,-4.0,False,"(180,360]",True,False,False,True,accepted,,False
2024-01_reporting.csv:538263,2024-01_reporting.csv:538265,N791DK,2024-01-31,3456,GRR,2024-01-31,3799,ORD,GRB,2024-01-31T21:43:00+00:00,2024-01-31T22:52:00+00:00,69.0,2024-01-31T22:52:00+00:00,69.0,0.0,False,"(15,180]",True,False,False,True,accepted,,True
2024-01_reporting.csv:538271,2024-01_reporting.csv:538275,N821MD,2024-01-31,3497,STL,2024-01-31,3945,ORD,MEM,2024-01-31T23:23:00+00:00,2024-02-01T00:31:00+00:00,68.0,2024-02-01T00:20:00+00:00,57.0,11.0,False,"(15,180]",True,False,False,True,accepted,,True
2024-01_reporting.csv:538272,2024-01_reporting.csv:538270,N821MD,2024-01-31,3679,BWI,2024-01-31,3497,ORD,STL,2024-01-31T18:47:00+00:00,2024-01-31T20:06:00+00:00,79.0,2024-01-31T20:11:00+00:00,84.0,-5.0,False,"(15,180]",True,False,False,True,accepted,,True
2024-01_reporting.csv:538274,2024-01_reporting.csv:538273,N821MD,2024-01-31,3942,CMH,2024-01-31,3679,ORD,BWI,2024-01-31T13:19:00+00:00,2024-01-31T14:31:00+00:00,72.0,2024-01-31T14:35:00+00:00,76.0,-4.0,False,"(15,180]",True,False,False,True,accepted,,True
2024-01_reporting.csv:538277,2024-01_reporting.csv:538279,N826MD,2024-01-31,3673,GSO,2024-01-31,3789,ORD,EWR,2024-01-31T13:15:00+00:00,2024-01-31T14:30:00+00:00,75.0,2024-01-31T14:30:00+00:00,75.0,0.0,False,"(15,180]",True,False,False,True,accepted,,True
2024-01_reporting.csv:538278,2024-01_reporting.csv:538276,N826MD,2024-01-31,3789,EWR,2024-01-31,3358,ORD,SYR,2024-01-31T19:49:00+00:00,2024-01-31T20:59:00+00:00,70.0,2024-01-31T21:00:00+00:00,71.0,-1.0,False,"(15,180]",True,False,False,True,accepted,,True
2024-01_reporting.csv:538286,2024-01_reporting.csv:538289,N873RW,2024-01-31,3572,CMH,2024-01-31,3922,ORD,BHM,2024-01-31T14:57:00+00:00,2024-01-31T15:41:00+00:00,44.0,2024-01-31T15:50:00+00:00,53.0,-9.0,False,"(15,180]",True,False,False,True,accepted,,True
2024-01_reporting.csv:538288,2024-01_reporting.csv:538287,N873RW,2024-01-31,3922,BHM,2024-01-31,3648,ORD,GSO,2024-01-31T20:23:00+00:00,2024-02-01T00:27:00+00:00,244.0,2024-02-01T00:28:00+00:00,245.0,-1.0,False,"(180,360]",True,False,False,True,accepted,,False
